mean_fiber_ra,mean_fiber_dec,z,zerr,flux_g,flux_r,flux_z,morphtype,shape_r
195.9601539658001,28.1786077114231,0.02122220058879233,3.180084794917915e-05,112.765945,204.14436,316.3955,SER,4.126032
194.1799776272693,26.74200465383424,0.02319314193455727,1.396141911723787e-05,216.97513,434.6729,683.18756,SER,3.4501996
194.4760577063395,27.62805288784273,0.02575051652980783,5.229274493642771e-06,36.124958,59.397026,81.08071,REX,1.6970975
194.5669271892616,29.09255573569521,0.01955276279259705,4.161534657653153e-06,23.658419,31.461912,36.33657,SER,2.3642392
194.7421522987582,27.59474207640424,0.02009877391295821,1.606475658636965e-05,0,0,0,DUP,0
195.1214942522383,26.67534430849706,0.02403991086759395,5.44371656548634e-06,1106.774,2282.4272,3911.0437,SER,4.895376
194.1537359698564,27.88488515820249,0.02114163415175932,4.683131335124155e-05,88.29976,170.25946,266.05496,SER,7.447161
195.1398178847051,27.5041205714188,0.01862248180106636,1.16889215528974e-06,297.8777,395.52487,467.5778,SER,4.4389505
194.8666028171896,28.128300393867,0.01838860831667521,6.255284695688357e-05,15.467679,28.885101,43.12519,SER,3.616042
195.2709826163943,28.19685919829433,0.02151520184077568,3.814936063513793e-05,33.605442,62.767315,97.49164,SER,2.313389
194.9178344002945,27.96821627746748,0.02523477818828328,1.447747440214897e-05,279.75107,600.7483,1065.119,SER,4.6858153
194.1019214092204,27.53845992489688,0.02541291882126287,5.210717639879999e-05,30.749573,57.18065,85.16866,SER,3.772675
194.3993814044969,27.49325652799526,0.02442873584972087,1.016504563028502e-05,1296.9718,2851.7505,5237.2036,SER,3.9461288
192.6344445327413,26.91413161475398,0.02621167256418248,3.279013276918728e-05,20.829876,39.121483,59.077522,REX,2.1000319
193.9846491861833,27.24884551104707,0.0293362098413515,4.043194966306758e-05,27.174803,52.0137,81.4452,REX,1.1650258
194.5636637612505,27.46471027597894,0.02550796043244936,3.454400816324607e-05,41.089302,83.03138,133.61285,SER,2.605949
194.798340471018,28.20720337450897,0.02526219115848368,7.074280650758642e-05,14.05987,26.479376,38.94622,SER,3.199215
194.8641110391759,28.54079659908259,0.02708734610842422,0.0001208813778189917,61.98407,90.19539,115.36283,SER,6.148431
195.6589408509986,28.50188148421108,0.01929363909290141,1.994755254741311e-05,199.51282,375.94385,584.7037,SER,9.095664
194.0053125757141,27.44003549115669,0.02507795563478644,8.620500170707462e-05,19.786547,39.095356,59.342228,SER,2.4241805
195.0040816244569,27.94547605357012,0.02288264568657929,4.283821895637216e-05,141.08739,276.2559,439.58707,SER,7.6362476
195.4382779051059,27.82477316418599,0.02523737219466667,4.611577981140412e-05,26.861225,49.896725,75.208885,SER,2.5157316
194.9342041930937,27.86769265686213,0.02079910854217191,2.920551946223321e-05,170.05852,344.59033,559.99945,SER,4.2198744
195.1843527404478,27.85832749540278,0.01762988002978759,4.045134473465901e-05,11.133425,20.309326,29.554531,REX,1.1373696
195.9791526557727,27.71183808281535,0.02454159062793579,0.0001071451770696217,11.83975,19.84975,25.940882,SER,3.4643722
193.6873439809876,27.41108116371571,0.02587186852236873,3.272070550256941e-05,60.67964,114.885994,179.81158,SER,3.9340847
193.9387793321068,28.76508064705508,0.02248736364833485,2.541596794186229e-05,40.736485,78.246925,121.6914,SER,2.6348166
194.0824523330808,27.75107403070493,0.02302241663115065,1.054680887180429e-05,0,0,0,DUP,0
195.259987762891,27.77532388586283,0.01725803454483043,6.2493479129844e-06,30.604124,44.644398,54.31315,SER,2.6895065
195.1580152451857,28.05745689704765,0.02577798105783286,1.595390506609128e-06,773.865,1355.6868,2212.6177,SER,7.9351287
195.3522151482641,29.30837680743904,0.02387313336891351,7.686691534813495e-06,313.75815,669.07733,1358.1986,PSF,0
193.8862148546111,26.90919380820084,0.02610572720770206,4.024193394317333e-05,36.099323,70.314026,113.018364,SER,1.9470905
193.9574271678553,27.08884867698134,0.02303809448044019,7.858927938881815e-05,62.733757,113.86414,165.69171,SER,5.699499
194.1609489779185,26.87607860429911,0.02309465271198419,4.610446772789151e-05,16.079176,29.684185,45.252995,REX,3.3493278
196.2951479829528,28.75217703490858,0.01976550617877293,3.683729712920981e-06,6.931699,10.556455,11.940043,EXP,2.2406197
193.954192439993,27.90585651089726,0.02319196951310028,6.013194187035143e-06,522.1352,1104.2379,1942.3376,SER,4.37577
194.3029272922836,28.13365256140402,0.02331265347588272,4.677284925571852e-05,52.187546,95.3634,139.68143,SER,5.0636024
194.35521332384,27.40462305188359,0.01611005959805627,3.273667697341964e-06,538.026,936.792,1398.5126,SER,3.7398505
195.3037461591124,28.17256776013178,0.03232873924029411,6.352135736269555e-05,23.800367,43.776577,68.15965,SER,2.2979612
195.5728173743589,28.55466746821151,0.02217666819209153,4.239233115471457e-05,10.818222,17.576954,23.943766,EXP,3.3684838
194.4301371386965,27.5776208093817,0.02415381423204521,1.332261365424503e-05,174.4424,356.4242,591.6207,SER,2.765019
194.8999022158977,27.90613133679231,0.03024498690663373,5.085067774561313e-05,35.298977,69.907425,109.15966,SER,1.9991026
195.736511444232,27.31705867643971,0.0228486839341526,4.28082515558698e-05,32.493103,61.331512,90.737144,SER,3.3018157
193.3981975653194,27.75873144823631,0.02495861284885802,1.657730439935962e-05,327.84177,610.61707,944.5911,SER,4.9132576
195.2556052542551,27.52044957966326,0.02809034638019667,2.022816820241842e-05,60.629745,118.36899,185.6358,SER,2.060575
195.4227826885345,28.07731232798166,0.02262452060405853,7.596992404962237e-05,12.391533,23.10548,33.885544,SER,3.5542812
194.7719973994544,27.27249036743616,0.02468405402029799,6.326363554845732e-05,8.907075,15.085448,20.85841,SER,3.1846225
193.4758568620579,26.96637413969741,0.02067632741584251,1.703353428827783e-05,447.88837,913.36743,1551.446,SER,6.244594
193.3921397756917,27.45850205660005,0.01732249774954366,1.090638788250055e-05,55.7206,74.496086,89.36792,SER,4.046497
193.8518255840675,27.28051208747505,0.02193338248593416,4.396749051038691e-05,49.117615,89.78879,132.26149,SER,4.2601314
192.5644115908126,27.06030690447442,0.02224677487912185,9.703564697938609e-06,82.49752,163.18318,264.24298,SER,2.9803395
194.9096870458359,27.98717678041454,0.02279442268475684,1.739582794900978e-05,419.10626,856.663,1458.0317,SER,9.925974
194.9134429152734,27.99855525176369,0.02350910101629641,9.109967409892188e-05,5.214751,10.951656,18.926569,REX,0.25123718
195.1282215579065,28.34641163985834,0.01988431227538184,1.026633805428366e-05,0,0,0,DUP,0
195.3516842275562,28.67712760109656,0.02935996228552037,1.503811720448484e-06,0,0,0,,0
195.0155707033574,27.96487174656022,0.01788726476787156,2.246380420342817e-05,93.51189,193.26485,313.791,SER,4.2889767
194.6445601731762,26.94457152728914,0.02229686727646641,7.050825374886317e-05,14.572218,27.112906,41.63209,REX,2.3462145
194.5826719605852,27.49546711294997,0.02733650871466142,5.353715983458951e-05,22.474833,43.788578,67.89525,SER,2.2406895
194.879707232335,27.95494394891343,0.02380652146995857,5.957247887569506e-05,81.26562,159.94208,258.39395,SER,6.4976
194.700687219353,28.01872616081058,0.02371392879315808,4.800691673746693e-05,130.26334,251.1607,397.20123,DEV,13.150492
195.7335578171572,28.45099451787051,0.02298500355124525,9.692990975185112e-05,12.391228,23.361244,34.414677,SER,1.903893
193.6378536854558,27.57086835932323,0.02395608018570653,6.642537821441431e-05,41.455097,76.80806,114.58418,SER,5.768353
193.8658410851029,27.65612710225415,0.02345092789508998,5.244452281784231e-06,1399.318,2997.1172,5352.4,SER,9.933824
193.0878947894603,28.44151946319389,0.02183499816011053,2.417292444016972e-06,5.81847,7.964165,9.074409,SER,0.9897445
195.8241746969301,28.02895440389852,0.02088583692909888,0.0001274563129528005,0,0,0,,0
194.233040612077,27.4624131962971,0.0254435357407528,4.356234965963051e-05,73.16204,145.3129,233.53375,SER,4.3405514
194.711374467677,27.3935765153625,0.02556128598436247,6.286083440028574e-05,41.287716,76.56319,116.71409,SER,2.607121
194.8062490175234,27.77463223953897,0.02283605655557706,1.289011282331462e-05,0,0,0,DUP,0
196.0931093870681,28.76307942304393,0.01842869347894738,8.170858062047556e-06,0.28770152,0.0961864,0.17083311,PSF,0
194.9969539913641,27.60333030667966,0.02231850703973537,8.60961686957452e-05,34.279343,57.779102,79.69202,SER,4.635687
194.5457584272331,28.70932788804795,0.02588223736050968,3.244192254401374e-06,0,0,0,,0
196.1615466190265,28.97268765657099,0.02530798071423525,2.299145201446013e-06,165.65375,230.76581,282.0054,SER,3.037876
195.2811567280938,27.93424123453007,0.02701042860870355,4.266014528185056e-05,29.963188,57.771717,89.88243,SER,4.2883554
194.6183379751196,27.55938785952046,0.02530262356059526,6.761340412729097e-06,373.50986,641.85803,936.28766,SER,4.304904
195.4468148120109,27.6218434495758,0.02596320519115497,5.748588726831064e-05,102.09153,202.11447,325.6081,SER,5.8943396
195.2967817659256,27.7425232579405,0.02463127784339135,7.414449033194615e-05,51.089527,99.35158,158.4563,SER,4.2969084
195.2799486803955,27.98310068319523,0.02360106198655417,0.0001141088688604432,18.478453,35.026432,52.024975,SER,2.895295
193.90278137037,26.56433743601563,0.02108644836758982,2.1569941087695e-05,45.516094,86.24812,134.1184,SER,3.5354764
194.1424417074372,27.53898955847023,0.02373879208397459,1.067139685887245e-05,0,0,0,DUP,0
195.1355150045365,27.76615028585057,0.02234373121495161,8.804465797069251e-06,351.83978,732.9972,1286.4995,SER,6.3303065
194.8866163513562,27.98361240662599,0.01942555197697127,1.57048016245419e-05,0,0,0,DUP,0
194.5386113834414,28.7086764570214,0.02542218388521978,3.345965097105119e-06,995.54126,1880.6068,3225.1846,SER,16.014374
194.7751487033124,27.99675342787729,0.02561394596422172,1.867022047839309e-05,0,0,0,DUP,0
195.0195756017935,27.98342442710777,0.02130645399398251,7.967982033762141e-05,0,0,0,,0
196.1551889667181,28.60863261270168,0.02528371381747018,1.092307063045079e-05,0.81005955,0.94197184,1.2010877,REX,0.51549226
193.5667806780384,27.303782495272,0.0215399803701907,7.09779909864522e-06,1481.1061,3130.5317,5525.024,SER,9.284746
194.2131712649979,26.89885549922263,0.02074545515860348,6.120509798906676e-06,0,0,0,DUP,0
195.2027417026604,28.09075356434272,0.02323407449256568,1.041161425349128e-05,0,0,0,DUP,0
195.1161452168702,27.27178922686504,0.02590259588148311,2.016081156871812e-05,43.26586,82.88129,130.60754,SER,1.8525202
195.4080797854738,28.34609312862024,0.0293035524407416,5.199179646126433e-05,22.59128,40.52009,57.935783,SER,3.8904166
193.9089396601369,27.8413585023061,0.02085596916760301,7.456761788946634e-05,10.14771,17.647276,25.778421,REX,1.8915315
194.3611328958601,27.84131221391015,0.0209071978473932,4.6200136416445e-05,14.633477,27.05875,39.361797,REX,2.1442869
196.0712487295432,27.80804503215598,0.02211594815539845,4.40031175364565e-05,24.178446,44.95641,68.53649,SER,2.4261687
194.1412164502533,28.91988219070623,0.0231002525708757,6.067797176447031e-06,16.140837,23.173702,27.927074,SER,2.44815
193.3413022944404,28.12199338797656,0.02429091294465427,5.056220736618807e-05,12.264351,23.391563,33.670452,SER,4.7452283
194.7094709771487,26.89230832882899,0.0270395443318946,7.712294053406701e-05,5.3220596,9.0549,12.363727,REX,0.855414
195.0526371458579,27.78183913319203,0.02341666159592767,1.53099386715279e-05,380.45255,757.96674,1254.0541,SER,6.7338967
194.5370135588701,27.91805101964107,0.01988437752943677,3.853097273000168e-05,16.381113,31.74273,50.503094,REX,2.6508634
193.939114978863,27.79637303727708,0.02289516934507125,5.245010946863065e-05,73.5593,142.38237,224.61417,SER,4.847587
195.079639634456,27.55370955267735,0.01967074504193951,7.954833784795557e-06,644.1434,1342.2848,2342.5493,SER,4.59719
194.878491972536,28.0418870922318,0.02148817662854748,7.127415707786292e-05,18.667734,36.68139,57.00548,REX,2.0725684
195.8111820183126,27.94109129814176,0.0235369784320368,7.462308871485132e-05,9.129692,16.81891,25.39912,REX,1.3057829
193.5229908509211,27.06861636229394,0.02529019889039474,1.160289509987676e-05,1231.8756,2517.4524,4335.29,SER,11.85085
194.8473624127257,27.91159970847841,0.02282137396657084,1.0488171021497e-05,1851.73,4046.9402,7250.639,SER,6.696983
193.1345084646675,27.68714559816437,0.02146067689527309,4.768812705327488e-05,11.438012,21.46022,31.100767,SER,2.5780494
195.3112039711577,27.67013039213497,0.02319047940491955,0.0001033866560040983,0,0,0,,0
195.0475586522641,27.91012264995335,0.02429849888302498,4.366625891100486e-05,24.62507,48.260902,75.17383,SER,4.163157
195.0041330719325,27.99154332544073,0.02517115670055608,5.965664315537475e-05,23.167343,47.540806,79.66064,REX,1.8139161
194.8658747074609,27.18400200624362,0.01914889929851371,0.0001176520855597128,21.826752,37.38907,51.92571,SER,1.7320969
193.9447604636689,28.14394678018876,0.02028855855234843,7.461207344336296e-06,505.8794,1019.42035,1719.4436,SER,11.606747
193.4450820072424,27.48750782872331,0.01696396118709841,2.12960658379467e-06,99.64388,144.57019,185.54218,SER,4.738676
195.2783977282143,26.80943220291938,0.02299663953239475,3.013349776759601e-05,89.69528,169.0855,256.43863,SER,3.0648432
194.9795606912465,28.12836304775071,0.0253098104526642,1.51493869334122e-05,0,0,0,DUP,0
196.0245153787872,28.21879292398567,0.0216979838406296,5.532575189647988e-05,24.42916,39.961075,55.864784,SER,2.591745
195.3272226222985,29.50717330447992,0.02350591910892637,1.121109354245342e-05,12.019299,16.077112,19.98818,EXP,4.6240487
194.8130398693939,27.59317684995832,0.01978860936604539,5.257178377394998e-05,9.8918915,18.130669,25.91296,REX,1.0382018
194.9343040398537,27.9589078243703,0.02294887436522858,1.647834026935409e-05,0,0,0,,0
195.3138830500516,27.92910151925172,0.01855295351382533,7.981381071913972e-05,12.142879,23.109331,35.66581,REX,1.9943185
195.6658776061415,28.37367046038906,0.02436715606680046,6.257412244341232e-05,0,0,0,,0
194.1213551607601,26.95699365477707,0.02351801543942406,2.841199059404803e-06,1451.978,2993.5266,5088.9277,SER,5.6070123
194.1991013683185,27.42105595809504,0.02593080639096512,2.104624386856087e-05,0,0,0,DUP,0
194.4607069777892,27.6437550871098,0.02276572283571373,1.06392762842895e-05,86.406815,167.14738,266.7805,SER,2.7146575
193.3210841726537,27.66413468395077,0.0216473440177883,5.018988544764549e-06,0.5478838,0.538454,0.9291218,REX,0.41178614
194.523942298403,27.38272613398965,0.02465772514662926,4.687011405954834e-05,14.945813,28.437254,41.795296,SER,3.3581502
194.2357613075599,28.62337860701875,0.02191970718729499,4.964217703194848e-06,705.81506,1442.8422,2506.3242,SER,6.3295074
195.5757204265284,28.98811538181769,0.02230335038165062,2.79384802972933e-06,13.202722,15.849132,17.724834,EXP,1.1913886
195.9616673178296,27.9883535486865,0.02122459096270812,6.057499231204511e-06,1183.6626,2459.3992,4344.151,SER,5.570496
194.4572873379498,29.04549694734225,0.02287141523353486,3.137454792971068e-06,0.6716762,0.82655656,1.3163078,EXP,0.8898354
194.5648926409509,27.08719797709797,0.02577991233318895,1.994459725987173e-05,149.89828,282.77478,439.0228,SER,7.8070745
194.7115678232112,28.08401303900907,0.0203345020405583,1.293363076799439e-05,452.25677,921.451,1661.313,SER,3.788271
195.2979571803028,28.03787449795145,0.01888072483645177,6.559081368217521e-05,6.9314685,12.761687,17.917923,SER,1.3372278
195.1137635251068,27.4385464754879,0.02438032977105806,4.806317561804914e-05,13.155018,19.223486,24.701925,SER,3.287956
196.6516855098337,27.87292598320348,0.0208907271417705,2.415215267781221e-06,687.2962,1344.9125,2369.244,SER,9.619702
193.9978369905311,27.95706853791209,0.02683840625667174,0.0001027609400895826,0,0,0,,0
195.2946229886611,27.80292518636887,0.02237443628485279,7.119870475317924e-06,637.34894,1307.0765,2302.6384,SER,7.018315
194.946831407029,28.05445999146835,0.03137704980338128,5.526093702535572e-05,27.671392,51.95621,74.367676,EXP,6.0730453
195.1648337681132,29.01933516777176,0.02426992066072362,1.237423136879186e-05,2154.1504,4173.564,7199.359,SER,22.384453
193.2267669659796,28.37613843973936,0.02275149217152769,2.866796522553991e-05,0,0,0,,0
194.8046947809916,27.97700793339784,0.02273959286743118,1.06374667173768e-05,1857.1401,3991.9214,7235.283,SER,7.113649
194.3911212962042,28.4822358017097,0.02091330324170654,8.725756598666224e-06,1841.1499,3814.361,7188.748,REX,7.3311634
194.9421946742143,27.85726302091916,0.02707441641970963,1.36715986211806e-05,0,0,0,DUP,0
193.9490553040023,28.25614280100482,0.02707622631726548,6.902182186839284e-06,303.18158,737.3207,1545.3025,SER,7.6062837
194.2721524477325,28.21137567458318,0.01733993171831924,5.1094120783099e-06,0,0,0,,0
194.6622524595335,27.95392285922969,0.0200149556255348,2.183266347737835e-05,149.16422,296.64966,464.84683,SER,4.7346287
194.4801639206757,26.83076880668343,0.01865944533153651,4.415863304034471e-05,11.8002615,21.680782,30.854454,SER,2.100789
194.6423779044804,28.49191625273683,0.02594948792891765,4.674068176136038e-05,15.347698,29.531507,44.633995,SER,1.5577883
195.0536380761067,28.07548743100861,0.02510355138435259,1.023867089001404e-05,534.54254,1127.7156,2015.5059,SER,3.7988236
193.2038034034822,27.40185445050992,0.02581015154507531,1.881747331174479e-06,653.00775,941.9037,1192.1093,SER,4.9435973
194.2892949735398,27.46643396064344,0.02485319664453922,8.53737828665243e-06,1190.7284,2528.5793,4630.29,DEV,3.9135447
195.0313857356923,27.97317154987421,0.02166896997762555,7.8098023381193e-05,0,0,0,,0
195.9562833552008,27.58023189696242,0.02041852391818464,0.000105238792703893,12.433047,21.414257,29.909761,SER,2.930385
195.8176939591623,28.03038899080656,0.02036016810972141,9.495125811140477e-06,0,0,0,DUP,0
193.1235392271182,27.80298902341995,0.02432597988983156,4.98939585730293e-05,44.30177,83.66592,127.45304,SER,4.1046042
194.4209468486545,27.53439654721824,0.02146732905147535,4.293425721609154e-05,14.348886,28.142506,45.41387,SER,1.8886204
194.4318347253597,29.00334668347044,0.02313430735031421,3.252202641905328e-06,88.52773,118.86632,138.63556,SER,5.4753523
193.7518851771246,27.19385046142905,0.0248329742152711,2.4314573344253e-05,42.255802,83.31862,134.7464,SER,2.1723874
194.494088341187,26.93910135055335,0.02534427834082709,6.121407593806694e-05,62.648502,105.586205,144.2795,SER,7.9310226
194.7169673917444,28.26311845654525,0.0279377204443899,9.368097879454937e-05,20.968678,36.284504,50.908154,SER,2.9666965
194.8183583504804,27.15808407480681,0.02236328592733402,7.503206287915904e-06,415.5317,820.50934,1363.3911,SER,5.310681
194.689428205769,27.879961558879,0.0283563797557119,3.810198830103711e-05,49.004753,98.118484,156.45854,SER,2.5066254
193.5776504715607,28.09010343660043,0.02196895723073284,5.55424536483793e-05,0,0,0,,0
194.2652096439696,29.09910403029178,0.02542672225088095,7.287383184756764e-05,26.442705,47.48608,67.85404,SER,2.826656
195.5533544879943,28.21482544227693,0.02732298696134769,1.23159652013136e-06,697.17346,1068.1997,1444.0284,SER,6.2652106
194.327308113017,26.97960300630555,0.02436686325189456,4.355284261811423e-05,59.95624,113.64269,171.52962,SER,4.1059484
193.4340535307996,27.44886856937228,0.02433482961794417,7.415469734771136e-05,5.8159113,10.704134,15.341867,EXP,1.3567944
194.2123596660161,27.77269926798014,0.02115641714840035,0.0001139860706296531,17.291542,32.724987,49.64715,SER,3.1073964
194.6531504852812,27.84951647153185,0.02062322885804974,3.447219585044872e-05,65.58856,134.57176,236.53941,REX,1.8123348
194.917949394818,27.968538835374,0.02517892345677897,1.349289690514364e-05,0,0,0,,0
195.5902343649129,28.25601762124665,0.02266276056687,6.038463108400815e-06,0,0,0,DUP,0
194.9733274543556,29.23319814184764,0.02396574765234386,1.185618686298394e-05,45.65292,63.74112,77.60649,SER,7.435644
193.8607457292858,27.60405317776089,0.02263619611609143,1.686136866932095e-05,114.63289,226.12093,362.79984,SER,4.424571
193.4336666549375,27.78085778981831,0.02217243530664328,2.488797124406255e-05,159.79008,316.04172,508.63834,SER,3.944666
194.3461838219221,26.36149607387879,0.02417116021887651,5.201573270931865e-05,26.898088,48.65228,71.041725,REX,1.079435
194.9421999507501,27.85723095786237,0.02708816814749584,8.873669337292865e-06,609.95496,1296.2212,2211.0208,SER,4.6134887
195.4630137358279,28.28889534084159,0.01668126628605006,5.112130976219867e-05,26.566238,38.70889,49.28817,SER,3.4124222
192.9323926053007,27.96282420442325,0.02314093915887893,9.595700321863579e-06,974.9822,2031.6538,3510.8315,SER,7.951253
195.0434097098785,27.59499479564037,0.0186891223283032,1.50746661642082e-05,262.7107,525.6577,876.2943,SER,4.5144744
195.599343389501,28.35577520359192,0.01865827780682628,0.0001084412928416987,38.85967,66.01553,93.17505,EXP,5.215054
195.4315081007397,28.99597859798028,0.0218634929256101,0.000110198911563264,0,0,0,,0
194.3492205324252,27.54908036819029,0.02041466942959087,7.741239455847268e-05,0,0,0,,0
194.4842961607881,27.58131145505202,0.01656090972962953,1.337017535302211e-06,389.936,507.7764,604.0289,SER,9.526621
194.8414586558409,27.97380264746112,0.01992877776382684,6.509097685131674e-05,0,0,0,,0
195.5447375338068,28.15972672243452,0.01787334463761907,7.401809456838446e-05,16.048485,28.900333,41.016685,REX,2.4630597
195.1693876660426,28.51958592404509,0.02974796626889588,1.776065445206799e-06,411.16858,551.0023,687.384,SER,8.39564
194.9039955340869,27.82586000463822,0.02089349051184839,1.39193274431213e-05,166.70753,341.1431,562.547,SER,1.7458925
194.3662932648432,28.43945536467366,0.02571521966647065,4.541976901669701e-05,0,0,0,,0
194.5243208089146,28.37095421508824,0.02543624798057237,4.605849618682289e-06,236.08025,450.256,712.3969,SER,6.9568105
195.5545667370341,28.21356458364709,0.02743402710807119,1.332992538276532e-06,0,0,0,,0
195.9607159793679,28.05247540629382,0.0215655755535039,0.0001016911275639068,0,0,0,,0
194.286020720036,27.17336353415315,0.01981852227276746,6.291056026511632e-05,47.513775,90.14966,132.30412,REX,5.8660603
194.4807312726507,27.23201677208407,0.02162616578642021,3.187149496815336e-05,62.967472,118.14539,180.66557,SER,3.193463
195.3429769734897,28.03975827281258,0.02015263602116756,4.79847894320429e-05,8.760798,16.292282,23.597094,REX,1.1964834
193.2593555700403,27.20096484140289,0.02723101972249076,4.315843381913373e-06,16.08649,24.094412,31.083735,SER,1.3576721
194.932217046971,27.99471991642431,0.02232836418736567,1.707326600915085e-05,0,0,0,DUP,0
195.412899863386,28.24591997535077,0.02530183041523448,2.790144640398668e-05,109.55027,202.64842,314.72076,SER,4.9916654
194.0246786528023,27.67988590129621,0.016671017846375,3.171262885833719e-05,0,0,0,,0
194.9337732482087,27.74305561576196,0.02530259506545037,8.781373214861212e-05,13.675517,25.02068,36.169445,EXP,3.1504836
195.5896751960504,28.23074806519077,0.0186090352181267,3.975287371540212e-06,965.72217,1949.2495,3312.521,SER,4.7977514
194.584494836537,26.92065499035655,0.02307339227443338,1.980777249402893e-05,87.2108,145.59558,202.93573,SER,2.6882963
195.9367968517051,28.54595310129781,0.02585095653528189,2.342237444560049e-05,0,0,0,DUP,0
193.9367944114459,27.41327199710057,0.02159629276148492,5.011020628231566e-05,10.675002,19.47725,28.404818,SER,2.3756166
193.21967930787,28.36644193986332,0.02445640156449159,3.890750566559684e-06,0,0,0,,0
195.8175845202782,27.78960982226304,0.02157818175545348,5.005465516921899e-05,23.993887,44.507442,67.67345,EXP,4.4861913
193.198378511038,27.46843641712726,0.02507973384501197,7.541861898524539e-05,15.200355,28.854868,43.60859,REX,1.583738
193.2668462599647,27.46454253166961,0.02287692453318265,3.841842667084121e-05,65.88297,128.83351,205.50304,SER,2.9776943
196.2654440997494,28.5782578126469,0.02391974738544081,6.101392145763632e-05,15.610526,26.562876,36.30437,EXP,2.342912
194.8442731746659,27.89687118479806,0.01719385431859022,9.978778148251931e-06,433.4268,894.4041,1525.9254,SER,2.5005987
194.9272041656792,28.13553638607043,0.0308275101504372,5.289326914980343e-05,16.644535,31.188915,46.432926,REX,2.1936612
193.8733768265871,27.73527257387619,0.02394490629395157,0.0001078856114576719,13.788661,27.021496,40.253918,SER,3.0285747
194.2666412583912,27.52440974380388,0.02842771487580678,5.084371779420952e-05,0,0,0,,0
196.0656805492188,28.5453504331458,0.02786509791455343,4.38130704086438e-06,66.55071,113.62266,162.85977,SER,5.186177
194.3672538152679,27.70077833258232,0.02161207206597152,1.950383924759731e-05,98.49007,191.74585,306.9217,SER,3.6649435
194.3787141423022,28.6401001413594,0.02131567288807008,3.894845823876954e-05,24.018993,44.44974,66.82975,SER,3.4571955
193.8623046451315,27.34048932152635,0.02487246767100016,3.23295869883041e-05,22.890606,43.650463,65.9386,SER,3.408899
193.8955799048359,27.40437599390891,0.02242549948721013,6.7262602435722e-05,8.180931,15.551965,22.509804,REX,1.8443999
194.2133641285481,29.3781973175596,0.02390182920190626,2.945323539448716e-05,563.9612,1049.2516,1629.7505,SER,12.07958
195.3530169312113,29.3097184701741,0.02383252053742037,3.006247088378314e-05,3083.6904,6331.951,11614.773,SER,18.607693
193.7298855033454,27.41269744519232,0.02621097281323544,7.93124475137999e-06,3962.3066,8883.033,16843.537,SER,18.600937
194.5239297013487,27.38271054953056,0.02438354605975199,6.406562130851873e-05,14.945813,28.437254,41.795296,SER,3.3581502
193.346245414624,27.91904086847602,0.02791141319617608,4.707922526432548e-06,40.091137,69.195045,100.16266,SER,4.619318
195.9786276464508,28.18762220745246,0.02295641883994451,1.225378326728789e-05,0,0,0,DUP,0
195.1832511246425,27.59367320274807,0.02398849012837641,7.168010015130697e-05,41.553116,60.058258,74.43768,SER,4.671597
194.168626923496,28.2160258626745,0.02821799797243678,7.980045524996002e-05,0,0,0,,0
194.5627217049655,28.12591978802801,0.02491327171656298,5.79003817696558e-06,714.27106,1499.9247,2664.416,SER,2.5960784
194.9595841508785,28.14424504240314,0.02264679936399516,1.862523979313197e-05,113.24831,220.89087,359.37982,SER,4.091272
194.7693718654264,26.95814899423431,0.02703948835704556,2.29489601679424e-05,143.37006,251.94267,357.50827,SER,9.605368
195.0466981465761,27.46009596786168,0.02280794367999059,3.272858485140457e-05,50.99831,98.60796,157.48454,SER,2.2033973
195.3504817562674,27.88438734053832,0.01825253608818441,2.334660088052981e-06,71.5319,104.4557,127.74192,EXP,10.8992
194.3615482891114,26.6938903671577,0.02424963387337541,8.468519284946024e-06,165.74942,322.17813,505.67548,SER,3.6360252
194.3404123417441,27.47488143836862,0.02312724814220329,2.071736413135378e-05,25.810114,49.617863,83.4762,PSF,0
194.8346304077511,27.43523774909157,0.02562377775888222,5.976155147793408e-05,54.596836,104.258354,161.87119,SER,4.7194934
195.2432606802504,27.65207670234784,0.01741084149881695,1.908306992506323e-05,562.40967,1110.5333,1910.8292,DEV,19.525839
194.9644469211182,28.02040865168196,0.03119779986964639,5.624721708808989e-05,9.514628,18.534119,28.280167,REX,0.94922894
194.9905984967227,28.24670214243348,0.02244824192779542,1.297846248698698e-05,0,0,0,DUP,0
193.9717843115084,27.81741427409781,0.01985199191573953,6.571196454125609e-05,6.932085,10.85556,14.308789,REX,1.9373463
194.7355296203133,27.83393517976325,0.02443343533887002,1.112752151443351e-05,98.05161,116.32301,150.61542,SER,1.5123523
195.187569955197,28.52845767679182,0.02299324855768126,1.451978677481751e-05,18.619593,27.180008,32.849415,REX,2.8618088
195.7309151387278,29.0294202291692,0.02562499041337487,5.173313974595756e-06,12.4697,15.257094,17.009705,SER,4.272209
195.7169050406773,29.22350791539767,0.01824310698883662,3.767736102216095e-06,6.5753174,8.533198,8.793544,EXP,2.1612263
194.5541600606988,26.9495164982148,0.02245315245327576,3.35507800607057e-05,25.461473,48.875473,74.89931,REX,1.786999
194.7929781011291,27.61987808223238,0.01916689835707796,9.049019427034503e-06,423.63974,870.04535,1512.5135,SER,2.9556184
195.0254834325431,27.97833701164979,0.02550995642958862,1.452647435691407e-05,316.90668,630.9922,1029.8552,SER,6.397615
192.9727823411789,27.97802563189356,0.02318107966214629,2.112599680493633e-06,99.95577,146.50537,185.71935,SER,4.34036
194.509968484261,26.859517722436,0.02453133255273252,1.026547309216623e-05,0,0,0,DUP,0
195.253581072026,27.24276866241405,0.02421772646878886,0.0001945413539873875,39.693676,73.356384,106.56175,SER,5.8688602
195.3435023140999,27.59057968339353,0.02277270304735178,5.349428124587936e-05,12.369818,23.241686,34.286934,REX,1.257853
196.1737049018371,28.22748554724269,0.02405589987802781,2.429463559121576e-05,73.44674,138.33986,218.57076,SER,2.86618
193.0493102750293,26.87482312031739,0.0205629129744468,1.30138730901492e-06,451.83533,863.24194,1430.9963,DEV,8.210176
195.261024878936,27.54058965077592,0.02531811887168426,0.0001483217239275574,11.196277,20.04329,28.870874,EXP,2.5442653
194.199410242564,28.19209187400046,0.01939965207779419,2.619697848271854e-05,46.109856,88.4521,139.68372,SER,1.5660954
194.9747134536494,27.97049649790433,0.02268456004070071,4.128098750641643e-05,39.30647,79.17038,127.46981,REX,2.2865274
194.6576976036572,27.46390491577396,0.02087699371795096,2.976142002270926e-06,295.55426,578.4179,991.19403,SER,8.645382
195.2113186140156,27.74446225340039,0.02750961658915157,0.0001679308816602225,0,0,0,,0
195.1843152930179,28.33725083396004,0.026465527314912,6.811174146356167e-06,844.1221,1710.5243,2994.6616,SER,4.5207577
194.6631511332341,27.01234082759711,0.02368225957817693,3.777088774150736e-06,0,0,0,,0
194.3945440726022,27.31029701485133,0.02486623333314359,2.690494653293767e-05,85.60101,171.9232,280.15192,SER,2.6447637
195.1217726472705,27.33321335002136,0.02821960079387991,3.96597281409862e-05,224.48349,311.91605,386.0381,SER,11.266653
195.224058879184,27.96825944758502,0.0193276377849433,3.89281432608106e-05,47.26202,89.64599,136.93698,SER,2.892266
195.7010381433807,28.20671851903747,0.02037066651074471,4.894663102407229e-05,16.248611,30.24881,43.972595,SER,1.76665
193.2347102535352,26.59488440209985,0.02430324227154328,1.314470385160891e-06,79.62747,116.70964,145.1302,REX,3.149298
193.7035967803463,27.78472233515755,0.02161977152123796,6.026471095238557e-05,19.436573,34.245785,47.52809,SER,2.7783396
194.7295507952242,27.83230565784218,0.02567877901190234,9.153350163628725e-06,0,0,0,,0
194.8722115096382,27.94220887985529,0.01881275404292769,3.319866238026068e-05,19.928974,45.5265,74.31254,SER,0.8919023
193.236040915579,26.59423121735042,0.02427134773459915,6.663978934448318e-06,1.7564855,2.1216934,2.9338665,SER,2.654432
193.5928218316067,27.08421365352193,0.0282158030084468,7.051705738328343e-06,452.41766,968.2652,1724.3414,SER,3.1302135
194.0412524089795,27.84434101799251,0.02526694178489065,1.018599119138184e-05,845.3247,1818.2611,3298.8818,SER,8.500893
195.8139681814332,27.88154574956374,0.0158539018510022,2.80324746926491e-06,37.643036,49.354893,58.096878,SER,2.3962944
195.905811644684,28.19940421308381,0.0261452223451222,4.494161845009597e-06,9.381298,11.763252,13.694002,SER,1.9149693
194.2948408069797,27.40492571972193,0.02070122613166735,5.859684552856606e-06,741.52423,1468.3007,2433.1008,SER,9.131911
194.2608035523822,27.65673923578879,0.02262065165299441,2.773959270462092e-05,123.264015,247.33878,385.0539,SER,4.8220954
195.1879580212272,27.81258010343647,0.0194405361187418,6.20360617510422e-05,23.252188,44.425552,66.56489,REX,2.6916964
194.8589666580843,28.28754796634182,0.02673640475324578,1.201823103360475e-05,224.68799,429.82388,694.65796,SER,3.4155917
195.1119212700613,27.51561010597758,0.02595364086957367,1.273870277054335e-05,502.99475,1030.6907,1778.2136,SER,4.3887305
195.8707230174934,28.01161163871304,0.02388794424383217,2.882301238586903e-05,23.344406,47.764282,81.89664,REX,0.56470585
195.7268519788952,28.50398356786701,0.02753852942276608,1.627147063184224e-05,0.7414213,0.63411164,0.81040895,REX,0.6980369
193.6140714588721,27.42272943567545,0.0265217094493006,6.964767165897931e-05,8.609741,16.779963,25.551182,REX,1.4597789
193.8558584278262,27.74150551710651,0.02167989063512949,4.171239722147607e-05,18.08553,33.399612,49.706394,SER,2.856489
194.3589069431318,27.65938752181422,0.01683604791617771,3.955838859730405e-06,101.66593,140.32242,175.24596,SER,4.071052
193.8078077427306,27.70889306948487,0.0222807602861621,2.066946092790847e-05,196.75224,397.47717,668.90845,SER,5.9128623
194.6697652543862,27.8269360658114,0.02061155679848071,2.55083039605031e-05,150.87627,298.12308,477.31992,SER,5.1068025
192.5816558702222,27.34783973031156,0.02106544462765041,3.678543439272467e-07,4.461004,4.769547,5.011866,REX,0.38459757
195.3012570702399,27.60448488405083,0.02520482997393711,1.131326658436872e-05,366.11078,743.81384,1264.2686,SER,6.99374
195.8801601364873,28.09225158961433,0.0211616351176161,3.868096035736284e-05,255.94075,503.31555,827.4481,SER,5.748634
193.8618001785532,27.60377463905251,0.02287069867299856,3.589814522220401e-05,0.38402718,1.157461,4.309763,REX,0.43410203
194.7742061066301,27.48905415656132,0.02325121322675876,7.656757599474665e-05,13.231113,24.799805,37.299305,SER,3.6327868
194.5603758599601,27.69098671511215,0.02520858907876644,5.998460664391034e-05,27.351807,50.713615,76.06879,SER,3.9378457
195.2899726695133,27.6793870035277,0.02656289647191987,5.848521902179252e-05,20.357065,37.44295,54.672413,SER,3.4444582
195.4332366692857,28.15049844746874,0.0280332236165758,5.937505515477182e-05,50.783527,94.552345,145.00632,SER,9.642073
195.5507341989603,28.21509387942844,0.02721904658732201,5.716045993158137e-06,20.990091,23.73828,25.670921,EXP,1.8717366
194.0893127017569,27.45251304322761,0.01702397247473437,6.293737149223251e-05,4.691199,7.7132554,10.405203,EXP,2.0370696
194.0609585449633,27.5063011666212,0.02481613657338356,1.458290594840939e-05,202.06546,411.36902,689.97,SER,4.2319174
194.9372356680508,27.76351189195947,0.02678374943852523,8.02623212290261e-05,18.35792,32.057564,46.734154,EXP,2.9660385
195.214643312181,27.74149329092111,0.0269386252748498,5.688542143294585e-05,0,0,0,,0
194.3817647510523,27.35671599691673,0.0238770269165645,8.057481048854433e-05,22.774271,42.944103,64.91048,SER,4.5687304
196.0767813565251,28.4681110908737,0.02578442345576799,1.659490964196796e-05,564.7662,1094.1013,1762.3667,SER,9.553179
194.6515285714163,27.10413400260371,0.02656007496083868,6.190541773417641e-06,1262.8019,2612.3894,4477.219,SER,8.673569
194.235171568899,27.59069461944011,0.02522382022780541,7.190420628536289e-05,7.207247,13.477614,19.73134,SER,2.4376426
195.4492850459161,28.66022146349163,0.02872957488859797,2.284167606404793e-05,84.06043,155.53159,235.91203,SER,4.558476
195.5166798198245,28.89450099993794,0.02744418392755628,6.2524484225992e-05,9.788914,23.960487,22.050886,EXP,4.586221
195.0111717445443,27.71134532111829,0.02063067764608067,4.548740414312871e-05,37.62508,72.43778,113.75732,SER,2.4792347
194.7924640556525,26.72030816688423,0.02450076849802262,1.780631136706524e-06,78.193344,118.23919,154.19576,SER,4.947907
195.0726032560754,27.71149497805536,0.02373048448488755,5.325015517213849e-05,30.529764,58.182,90.45223,SER,2.8479183
196.5268977037579,28.70170770336521,0.01866138978811733,1.712606363085812e-05,163.75249,293.04102,448.0758,SER,5.5705233
194.752525483491,27.33717640843147,0.02819339764866663,5.341991133790997e-05,17.766771,31.619396,45.83464,SER,1.5438374
194.9146900361901,28.63323514829403,0.01780184272641684,4.498602884507774e-06,17.2175,17.226887,11.889207,REX,3.368414
194.6840300931046,28.04898483380475,0.02954219805075186,5.564370724224183e-05,58.944965,114.19944,176.3274,SER,3.9182894
193.5303150054426,27.21647437087306,0.02723552414520303,3.698587956892609e-05,55.143703,107.55006,171.0909,SER,3.1598232
194.1173544730316,27.48310011525537,0.02741585799491696,7.496387567674641e-05,18.254421,35.24184,52.544254,EXP,3.6276758
195.0130347507518,26.89120588597844,0.01902053525729707,2.849492769970039e-05,0,0,0,,0
195.3026506934493,28.39248667249562,0.02694153547680482,3.959694491606211e-05,6.871434,11.699987,18.242245,SER,2.077851
194.4471243245303,27.83332124852482,0.02027519081276779,1.539084250235817e-05,0,0,0,DUP,0
195.2758366085003,27.3978189797164,0.02709026160992544,1.022141911339678e-05,220.81557,438.34235,716.6389,DEV,5.622577
194.7117636780346,28.1455638592778,0.02537295500036022,6.891075029098745e-05,10.331893,19.021921,27.26163,DEV,4.343447
196.5808503973102,28.05247862959835,0.02412920491542582,2.369491541291884e-05,134.81285,250.26494,391.84357,SER,3.8329706
194.4651818185173,29.62163054229442,0.02403101497468192,5.350452261030036e-06,7.763534,10.524389,12.145808,EXP,0.8381152
194.3172763547929,28.58027646236916,0.02842485472206459,3.290558097157162e-06,40.82215,53.0476,64.57481,SER,4.190073
195.4459097371121,28.09496816386701,0.01938111179825647,7.027558346288213e-06,1213.3925,2566.2,4536.454,SER,5.9185696
194.3967222802463,27.56803365188329,0.02381625622223414,7.652793062230878e-05,8.403134,15.521334,23.331503,REX,1.414053
194.6466544739216,27.5963854994997,0.02565861981102956,6.53865850438486e-06,0,0,0,DUP,0
195.1702933819647,27.99659374031505,0.0236489969369528,1.18250939350914e-05,793.27844,1694.0112,3046.2544,SER,7.288213
193.9733386842429,27.02190604263551,0.01994575739715853,3.860111121761684e-05,17.39145,32.64892,49.344357,REX,1.2615949
194.0537576903484,27.02330690703988,0.02469321600293715,6.649939732703442e-05,8.258179,14.304099,20.028353,REX,1.1918272
195.9766930612625,28.3105832697433,0.02672930114577819,4.128638202093784e-06,232.53412,318.25824,390.45584,SER,21.139122
192.5829706410148,27.32398566233891,0.02552082673272778,3.851009364195896e-06,0,0,0,DUP,0
193.541544601761,28.0925062237252,0.02107462981699836,9.96969626577085e-06,0,0,0,DUP,0
195.1047189560688,27.55384580847137,0.02416812992288999,6.928251209259656e-05,0,0,0,,0
195.0856664330909,27.88347738817382,0.02314760393631345,0.0001207712332080931,11.617523,21.970257,33.33182,EXP,2.936701
194.4614928826018,27.49087965124442,0.02450104565516092,1.663895329971084e-05,48.822586,102.89677,179.14482,SER,1.121123
194.6775674401691,27.76051726623815,0.02906553990293026,5.715841672081024e-05,156.76073,206.18143,247.2656,SER,5.616002
194.9560504611616,28.16657212190973,0.02157172784192157,6.81465351659493e-05,13.911515,28.629387,48.39576,SER,1.895018
193.729719584577,27.41276798568189,0.02620194655039278,1.40039692015452e-05,0,0,0,DUP,0
193.9868886045024,28.40784542886443,0.02824591287743943,2.819346701450823e-05,0,0,0,,0
194.8062568999951,27.77463123804697,0.0228461159017202,1.191180595930313e-05,916.3351,1921.7432,3339.728,DEV,7.802561
193.6373588824877,28.37676733356377,0.02343914280036291,1.136023194760219e-05,1475.0747,3096.2695,5538.575,SER,13.134186
195.9592845847701,28.46037740132351,0.02434741330549936,3.343970156875708e-05,26.447721,51.308636,81.39899,REX,1.8153187
194.5071538652218,27.85357698142263,0.01902913576177836,1.247832052500211e-05,191.81613,387.7833,652.9591,SER,3.6055887
194.9220897576008,28.50719776804135,0.02748195690586277,1.057779522963055e-05,411.8227,817.9619,1405.4532,DEV,10.089502
194.4662690315761,28.27842890855975,0.0219956931061614,6.290012935146485e-05,36.115677,64.45045,93.59878,SER,3.7408466
195.3136632705118,28.52245831185673,0.028327609165126,2.409891822911018e-06,1.7364165,2.043216,3.1301897,EXP,2.661423
195.8663403478176,28.56415111295535,0.01590587733587811,1.268651849405861e-05,263.56628,388.5505,510.33072,SER,7.948857
195.3610201811258,27.87761687235455,0.01798504234847267,1.61706538031861e-05,36.90322,58.23123,72.34204,EXP,8.8032
194.5253271776247,27.41893404226669,0.01923319028489488,2.080001701817656e-05,196.42873,387.86914,630.1649,SER,5.2831254
195.0502599734984,29.56102969581507,0.02395989164492654,1.515716096386563e-05,0.6428889,0.6043896,0.8445485,EXP,0.93247193
193.6752752669126,27.63897865618807,0.02875578022584779,1.815677032361151e-06,73.45856,92.591736,106.530594,SER,4.2180066
194.9350426735157,27.91245884614598,0.02237823198227699,7.70029625963931e-06,1019.2549,2209.3804,3859.2776,SER,4.7273736
195.7149489629689,27.68089911391679,0.01801341500296565,6.34295418393262e-05,22.267342,40.43859,57.29082,SER,2.327305
195.449719519669,27.35292391960159,0.02050257115223969,0.0001274327955068325,0,0,0,,0
194.0620887430052,27.78059204843913,0.02259718772246208,3.976950216018488e-05,15.287413,27.984854,40.106895,REX,1.4538567
195.0441474915434,27.95995599801609,0.02131300888101032,4.473926017370241e-05,0,0,0,,0
193.4549567592367,28.94267279808846,0.02363816410080913,6.7103693203961e-06,217.2614,423.20776,698.39404,SER,5.065886
195.4499183546286,27.35481777924035,0.02025945547954772,4.240739634834705e-05,103.93479,198.13225,311.96817,SER,6.7906184
194.026773516095,28.29842580734937,0.02422341519985552,2.089072641551615e-05,23.16772,38.10442,50.688557,SER,2.5136735
194.7210617233477,27.81343926762224,0.01846767950827722,2.521171034920686e-05,0,0,0,DUP,0
195.500574870193,27.78273522832978,0.02367918489566341,8.683292128510365e-06,688.0009,1148.4506,1610.3143,SER,4.089258
194.150046157442,26.9047631594654,0.02639646762577037,4.300928967102602e-05,120.34442,235.37227,364.1882,SER,3.7874365
194.6596565456539,27.82392679507043,0.01786634787704148,7.80647995023602e-05,0,0,0,,0
194.7464293291495,28.12434957819549,0.02612506120180035,5.832308754362582e-05,4.1708975,9.153758,16.050812,REX,0.38932997
195.1784894839437,27.96310426044663,0.02810651969553508,7.99899844246121e-06,661.46075,1406.8978,2493.6365,SER,6.65468
194.5541446305573,26.94950504090632,0.02245505065074501,2.796924790557419e-05,25.461473,48.875473,74.89931,REX,1.786999
194.3733095077232,28.2564050232356,0.01984809772923506,3.895741961076598e-05,44.399403,83.87195,130.15485,SER,4.3901296
196.1797878978886,28.2077066657272,0.0247889617445478,6.939230564313575e-05,7.3794765,9.820375,12.377382,EXP,2.8979893
194.0058915615371,27.28980669892706,0.02539779471722752,3.332939057784687e-05,46.34139,91.524506,150.47054,SER,3.12498
195.8469206435033,27.30791205939029,0.01833673636753949,3.708659098536145e-05,0,0,0,,0
193.4120895503476,27.74428535651813,0.02611061203873743,9.461270442474464e-05,32.61424,59.891464,88.36528,SER,6.4690166
195.0147515249552,26.89810623440084,0.01978492353181084,8.29844816275026e-06,2258.9048,4581.985,8034.7075,SER,14.934503
194.6596051711913,27.46057484107691,0.0202533258471479,5.026153837695058e-05,0,0,0,,0
195.0015468344503,27.46836266741481,0.02478053964102581,5.579760580486493e-05,13.890658,24.92704,35.36995,SER,3.2734063
194.4046986003591,27.93322908830305,0.02668920095049238,8.32625712108849e-05,21.69275,38.933277,56.420105,EXP,4.443103
194.7878347855856,27.89757198410351,0.02610145179939955,2.960051156458696e-05,102.96584,212.82817,354.30194,SER,4.819657
196.1294277624322,27.65509066388433,0.02055094333208344,4.219475168762993e-05,29.018234,54.232426,79.3951,SER,2.7153966
193.9997851606979,28.18694776652869,0.01866440843542972,3.729045028136871e-06,294.33502,608.12085,1045.563,SER,1.5424404
194.6461128442071,27.58886989522505,0.02414699386691766,0.0001409532240253643,18.023357,28.729343,40.56332,SER,6.1858163
195.0093877918996,27.41002223470565,0.0194967680437742,5.036345845638567e-05,6.591688,11.1200695,15.401973,EXP,2.7087502
194.6558127921846,28.2194984545288,0.02271336372321488,4.290216700500699e-05,45.04341,84.96585,127.44779,SER,3.4909167
194.0908643395979,28.48693120221887,0.02201264176105566,1.715260787233053e-05,282.95926,566.8803,946.079,SER,5.3118634
193.8543894612141,27.79809058913605,0.02459030470235105,1.676818400181566e-05,0,0,0,DUP,0
194.0620926460206,27.78061395275499,0.02267211056037051,5.797133155408672e-05,15.287413,27.984854,40.106895,REX,1.4538567
195.0185803168348,27.9876138324664,0.02133226341675193,1.334490325894992e-05,0,0,0,DUP,0
195.5256037393325,28.73260761063589,0.02356777761577716,2.483256992817974e-06,9.821785,12.361858,15.098674,REX,1.5497673
194.0253417563351,27.67799994264439,0.01643973251094222,1.081772962540486e-06,577.1828,869.4352,1101.3804,SER,3.886889
195.6761959220299,28.34813002195337,0.02387055731099686,8.034195710768683e-05,27.485435,51.124626,77.95523,SER,2.4512165
194.0351109512559,27.78477188794155,0.02503585699706547,5.385597301211854e-05,4.6156764,7.5768466,10.074588,EXP,1.7765712
194.5132000586244,26.91598617309364,0.02740135533100207,5.388500521383359e-06,793.8872,1588.0376,2784.4688,SER,5.1153536
195.0191798556556,27.03244173767287,0.02328213000807991,4.71643117381167e-05,120.33739,221.69923,340.02554,SER,6.299591
194.776326032944,27.49367829510484,0.02719602608028431,3.642608879169573e-05,55.647224,104.50234,161.14586,SER,2.62078
194.8575841302762,28.18701336099504,0.02573994820584416,2.583025857054455e-05,152.82669,311.4916,521.00946,SER,2.9117267
194.8979324452563,27.90602923866842,0.02346598115543211,2.610139005290158e-05,41.279587,87.47608,148.40965,REX,1.3325442
195.0156481116112,27.96472233060211,0.01793180716250315,2.809337569872653e-05,93.51189,193.26485,313.791,SER,4.2889767
193.3297187115024,28.21195981390338,0.02074659932172371,0.0001016057692433824,0,0,0,,0
193.2213877710861,28.36806268591137,0.02436231494666159,1.847908832045223e-06,4.6654067,9.48127,15.566998,PSF,0
194.0693303220315,27.04673400653591,0.02453900573805031,5.521137468164658e-05,21.600595,36.735752,51.842735,SER,1.5928576
194.6034548114955,27.14567488048538,0.02509436200401689,6.429533743668358e-05,18.170668,31.773264,45.504093,SER,2.99472
194.6472752058314,27.26467989204842,0.0245595299777353,8.526159888521852e-07,564.6249,817.48145,1032.5455,SER,5.21569
194.156082107483,27.07057805623489,0.03034935745102523,6.193764126695099e-06,58.590942,91.84935,124.94262,SER,4.424612
195.0607377688078,27.62868843763971,0.02019549255175582,7.086634001052464e-05,17.539766,32.336704,49.468555,SER,4.4050226
194.5909886594578,27.9677682085372,0.02008470352916496,4.637898360177276e-06,1274.7954,2710.632,4928.8037,SER,4.9524508
194.4910139436847,28.06087660346614,0.02721832994699866,1.298078894807976e-06,9.187586,9.049697,5.649446,PSF,0
195.6253129303614,28.64139792497011,0.02410167130334546,0.0001128549687845602,15.410701,27.548973,39.17883,SER,3.8644426
194.1785653368543,28.02048318050801,0.02094403561653381,1.026185848420315e-05,0,0,0,DUP,0
193.9541484206345,27.90586261008325,0.02321430845282703,1.638783671459854e-05,0,0,0,DUP,0
194.8183403451619,27.15806975632553,0.02235841761260459,2.659585947590506e-05,0,0,0,DUP,0
194.5776516192677,27.31080677254403,0.02479400875404933,1.319290066218012e-06,254.56146,432.96536,673.5861,SER,4.5245304
194.2048681261551,26.98401459036087,0.02563034017495474,6.056032471353773e-05,12.740002,24.292103,35.740906,SER,2.5802276
195.3151721095319,28.66357158858699,0.02191048739935991,7.785623535230626e-05,8.193789,13.993424,19.684546,SER,1.9281578
195.0853032359682,28.88806014713184,0.01690896382007066,9.415089926772696e-05,15.885182,25.64577,36.47059,SER,3.3881984
193.9998297965922,28.18693316513492,0.01867035488785664,7.940368145196863e-06,294.33502,608.12085,1045.563,SER,1.5424404
194.2174318029378,29.37952966119001,0.02418197912434253,6.483153020770276e-05,0,0,0,,0
193.0415376552025,27.69291034114618,0.0226636947169457,0.0001036135031889293,21.446821,40.70561,61.368084,EXP,4.244262
194.0768092788153,27.26336507448018,0.01978425241492887,5.572391295488505e-05,20.680422,38.2516,57.293854,SER,2.3093271
194.860267084327,27.85687591661134,0.01655805977478871,3.090246705292943e-05,41.519783,80.695305,124.756195,SER,2.200397
194.0456975955494,28.16315945208741,0.02896577708140795,1.314703075597599e-06,319.70093,658.5144,1195.9556,SER,3.421964
194.2721246465528,28.21139609668704,0.01741193573788674,2.847294153708597e-05,0,0,0,,0
195.2027506670415,28.09072141107711,0.02319275575856442,1.169510966019191e-05,1420.3596,3052.7249,5633.4727,SER,4.896401
193.6560054903504,27.69033691593492,0.02786953443560557,4.482054895207136e-05,0,0,0,,0
194.7576263789188,26.81566884715331,0.02386968633493425,5.070288421256171e-06,2411.247,5368.999,9889.683,SER,12.2293
194.9412983187973,27.74593492048955,0.03212246918449389,6.320112292558987e-05,0,0,0,,0
195.4516325212717,27.60395618635658,0.02749439476622616,9.824661043099348e-06,392.56226,786.1478,1332.9722,SER,5.5893445
195.4899531829424,28.00579752210026,0.02575024036134018,1.161682596093785e-05,2369.0498,5271.5933,10134.285,SER,10.713917
195.7910007681892,28.48958685892186,0.01794404243889964,7.516109827116154e-06,92.8783,172.18869,274.39206,SER,4.0615582
195.2255156977446,27.78372954253237,0.02775915236904153,1.280382185569902e-05,494.7206,1008.83777,1679.7598,SER,7.5630007
196.0525568911692,27.32298756710968,0.0183306349856341,2.797148591901538e-06,20.069714,25.540916,28.55199,SER,2.3951926
195.177383806844,28.11629988775817,0.02051759503937126,4.209212543568462e-05,109.80847,207.01128,317.13992,SER,13.624
196.3529231880857,27.76669777040799,0.02257598601420199,7.365570862767196e-05,32.810757,62.121174,94.17378,REX,4.1480203
193.3188211122599,27.33925752723368,0.0229367065251985,6.098117766298382e-05,13.886023,26.497713,38.87526,SER,2.0454154
194.3138175433793,27.72981081640545,0.01927859950259433,3.291069364385176e-05,66.75726,124.56769,187.14206,SER,9.071077
193.8920005460612,27.84167387185013,0.02340152509236636,9.810519176783395e-06,331.9194,691.177,1199.6,SER,3.4907577
195.1487468163211,27.57419505625694,0.01700932648098251,2.105974703348421e-06,508.35834,1012.9912,1837.1764,EXP,9.320484
195.5428748434715,28.19182849263674,0.01919970446026165,2.096721279491653e-05,0,0,0,DUP,0
195.6014921628214,29.45162991598473,0.02599963229344243,3.5046312811509e-05,73.34518,136.54175,203.61485,SER,3.217817
195.3068339695781,27.91428223390231,0.01956153795032776,2.0904725844878e-05,0,0,0,DUP,0
196.0700587209365,28.8507149696573,0.02522796005869631,6.583355051758753e-07,42.903057,55.568096,59.498726,SER,1.2780689
194.5302359103073,27.17609862800539,0.02559682648777348,8.410980527441984e-05,3.180031,5.0464764,7.589337,REX,1.7489105
193.4137152174877,26.47575679198433,0.02078259389763783,1.11458644031606e-06,11.54827,14.179595,15.780231,EXP,0.9351675
194.5570803762183,28.95360850208318,0.02503427334625777,4.938414768126957e-05,14.885022,28.875671,45.084187,SER,4.01419
195.933663990013,29.06847824523501,0.02234617448754228,2.808400359174767e-05,0.82666,0.90537447,1.069195,EXP,0.8705849
194.7503233510314,27.96749132869421,0.02782040382006564,1.487365416227519e-05,281.9905,587.8186,1016.301,SER,3.6224334
195.5893425159851,28.38172960459823,0.01857415545926855,5.1407979440304e-06,44.283886,68.19994,92.09512,SER,2.8914738
194.0179545987576,27.28585208824218,0.02232997943646029,4.46986187908943e-06,1.2751914,1.1186994,1.4125289,EXP,0.33581594
195.854540834618,27.92383077891536,0.0234791963140412,7.879125634156706e-05,24.162058,44.977867,65.54391,SER,3.6843343
196.1213871996517,28.7641412207781,0.02669471886131034,4.927951951260963e-06,17.76347,23.623365,26.69763,SER,1.6291008
196.6586927373717,28.4744896175408,0.02687153355258322,0.0001065738105233497,31.20431,55.435696,78.335594,SER,3.5224755
194.4502937294262,27.88308755056929,0.01957568383524032,9.925425042972077e-06,1073.7936,2209.973,3841.2449,SER,7.3981204
195.0735438232655,27.98756153779006,0.02002055264691409,3.253175562429588e-05,35.346447,67.309586,110.656235,SER,1.6078854
195.5657446789095,28.29907012692203,0.02063185173268946,4.468262589315506e-05,16.572071,31.343538,48.55085,SER,3.4725707
195.9372725633026,28.08425173194449,0.01885008281349122,9.870936249382472e-06,0,0,0,DUP,0
193.6338348460541,27.63379030871119,0.02487953838686792,0.000128920072721338,0,0,0,,0
192.8570556132826,28.12076980912134,0.02430519512077362,5.865688988766021e-06,59.54059,106.31172,157.9393,SER,4.625355
194.6847493550459,27.7144043766441,0.02512343959789051,8.864497200527462e-05,12.695058,24.415188,36.01927,REX,1.9036261
195.5501816260365,28.16992229346546,0.02968379281668387,2.345711997483261e-06,23.349592,26.858328,18.2268,REX,2.9344
193.7700269491409,27.97538978337032,0.01998682010284714,6.203237816576412e-05,6.151836,10.969492,15.516818,EXP,1.2619663
194.4324941193299,27.46145442590154,0.02334154854432163,7.82472924224335e-05,14.013105,24.820086,34.422756,EXP,3.1246817
194.3932070473103,27.02528837467062,0.02083197187974874,4.379638921001952e-05,35.349064,59.805794,81.79231,SER,3.2023337
194.8070893770108,27.40258379317968,0.01891443838054084,1.422668069055798e-05,0,0,0,DUP,0
196.3868645835207,29.01153422504025,0.01752175259448096,3.219193888523371e-06,484.42212,885.1281,1463.1895,SER,12.3203745
194.4527893067497,28.18040527748665,0.02418418649422964,5.926438533723248e-06,722.9467,1503.9003,2628.247,SER,3.3690934
193.8519738834881,26.86064878732732,0.01974507630675858,3.274579343530738e-05,57.967438,82.82287,103.18438,EXP,10.599189
195.8706276348826,27.29631063284125,0.02336391421808056,6.932599741497199e-05,33.80249,55.231834,75.19629,EXP,2.4294865
193.9752826906423,27.77487184424804,0.02305891064771024,6.577071835412426e-05,7.8844075,16.103329,26.630953,REX,1.1559314
193.2631388366673,26.47654519125138,0.02565902226098572,5.351849904779173e-06,325.47104,631.4778,1026.4349,SER,3.9138722
195.0293651400095,27.97487720125246,0.02165021641219298,2.909389519978656e-05,0,0,0,,0
195.157895296229,28.0582449243161,0.02550482767921739,1.561745042568525e-06,8.327815,17.478378,24.313995,PSF,0
195.9750984379126,28.31480396352452,0.02650363995935151,6.375445740902478e-06,11.348948,11.060207,9.458976,REX,2.3799033
193.9324779610497,28.75315934338541,0.02755894804339205,1.514523398113118e-05,2.5874317,3.0221314,3.6891556,REX,2.2804358
194.9657162064971,28.09852884436603,0.02549023761963742,3.210225909421622e-05,114.12573,234.58974,394.56842,SER,3.5992107
193.8914451836757,27.84379911218466,0.02303622325191289,6.147381092410747e-05,0,0,0,,0
195.4516126243713,27.60395673754637,0.02745537244371116,1.948764104642895e-05,0,0,0,DUP,0
195.1352487714435,28.25607526250873,0.02092952914808335,5.164509376194878e-05,94.85486,182.83366,294.50293,SER,8.877978
196.3704199715448,27.82136636090657,0.01856092839812924,2.125922014062905e-06,7.4433327,10.026732,12.284939,SER,1.8323288
195.9774770413654,28.3085685196985,0.02688920313615797,1.106292006690039e-05,0,0,0,,0
193.2148737350352,27.64099156006402,0.02247625021186297,0.0001083642230363763,19.546604,35.534504,52.26052,SER,5.7786427
195.2885067925796,27.81831034277402,0.01978885905821513,9.397189208301167e-06,629.4377,1264.3479,2195.9153,SER,6.043465
195.7536626597836,28.03241713725876,0.01804957146608396,6.503086453508107e-06,3475.8242,6947.6934,11782.584,SER,11.245079
196.4382011604609,28.86979530742029,0.02670007450476193,4.703212960565648e-07,43.638027,40.231598,25.577795,REX,0.48324734
195.0828422563877,28.43923328433903,0.02369541702520342,6.444330770175116e-05,50.15011,96.63611,149.41753,SER,3.9782338
193.7510478263152,27.29884253414405,0.02804006732316463,5.648324668198939e-05,15.476185,25.948868,35.798264,REX,2.5979822
194.7621746899124,27.9747493100211,0.02196204101006145,5.000873875138162e-05,11.790407,22.355568,32.972095,REX,1.5857316
195.2759004082627,27.39784004799662,0.02705251895464884,2.837121239111093e-05,0,0,0,DUP,0
196.022013325419,27.85093226883809,0.02095774255406938,9.171284720375881e-05,0,0,0,,0
196.3853935006933,29.09339838176035,0.02408838215163293,2.014345302344737e-05,14.53645,17.623247,20.160234,EXP,4.4123664
193.4647546968274,28.97327672341602,0.02607936686047868,2.278047783051527e-05,0,0,0,,0
195.1615340222095,28.01458932217721,0.02535021165961175,1.996451020721492e-05,0,0,0,DUP,0
195.5043340794739,27.65296080778018,0.02368436087241854,1.499655739811482e-05,457.90933,927.9864,1574.4662,SER,6.237252
194.5051811498211,28.26147357882338,0.02378494173670464,3.84864582785492e-06,0.92775786,1.0598539,1.2474732,REX,0.6104543
196.0969924520912,28.36759794665672,0.02269128443930046,1.267251431791151e-05,7.9534945,11.418855,15.346699,EXP,1.7714639
194.2486335384277,27.45525162413988,0.02184786662712266,7.762523340445165e-05,15.347885,28.090916,41.15437,SER,2.8070734
194.3260898755206,27.74738884973185,0.02286230741116894,5.682263439811433e-05,138.6098,259.6303,398.21133,SER,9.726849
194.6370471941304,27.7208839402952,0.02214450383827223,3.803857068239198e-05,16.180433,29.918055,44.23882,SER,2.686372
195.1975603172667,27.92216526775791,0.02863580533090128,9.2509095578596e-06,437.51123,913.5871,1575.54,SER,5.289218
194.3481896964231,27.54997129481181,0.02018862337203039,6.477339026083063e-05,85.67755,161.64572,248.43114,SER,3.7808242
194.0824880777809,27.75104906189099,0.02297930980525649,6.856293977756818e-06,877.3982,1889.7637,3421.5396,SER,3.5187101
194.5278339699835,28.68379678353375,0.02589457521644157,6.046700820539158e-05,18.157661,33.412846,47.349503,SER,3.069595
195.0335651627364,27.77329462546855,0.02892505758801195,2.293495157693247e-05,140.6665,195.60202,224.25557,SER,4.046362
195.2700525194011,27.89181890264968,0.01945976810031941,3.63762982856737e-05,116.30742,232.34972,385.26855,SER,5.486127
195.5499250456407,28.1733388833936,0.02990210186803181,4.032852771145107e-06,5.210394,8.100547,8.549419,PSF,0
193.6811143655261,27.45545009518451,0.02620251100065056,2.954638640741987e-05,54.532818,102.22386,155.36575,REX,2.3184738
194.7812599832233,27.76780641110289,0.02128871365321365,1.681427014428105e-05,0,0,0,DUP,0
193.4120706860509,27.74427221474759,0.02586604360657505,5.218182158901284e-05,32.61424,59.891464,88.36528,SER,6.4690166
194.0291825507195,27.64716003198434,0.02501205157321858,2.848316518898442e-05,0,0,0,,0
194.351468306489,27.49780697064624,0.02452926313111436,1.026471740877962e-05,6857.786,14788.432,27467.139,SER,33.291138
194.5688825841748,27.80257792287266,0.0190404732491149,3.102704438891082e-05,69.47432,139.97833,231.41399,SER,3.3821855
195.3910138653816,27.91113087322745,0.02200027711604455,5.173985689400169e-05,131.57863,244.12321,368.4074,SER,8.144465
194.7831238816391,27.85495816141185,0.02196033977162231,6.912954468520343e-06,898.4438,1985.6122,3656.2156,SER,4.8504424
194.2975525851522,29.04506675338883,0.02498695276824071,1.336052883075426e-05,0,0,0,DUP,0
195.354460147023,28.67715380344707,0.0291777931561631,2.189699895076394e-06,1057.5079,1776.5227,2611.7646,SER,8.677659
194.2959146776461,27.52844775021511,0.02711003525318437,6.47377071081782e-05,14.800001,27.606392,41.83391,SER,2.4130263
195.7197506594136,27.86659294493658,0.02742044081684487,5.256754062079933e-06,1041.7625,2111.0469,3820.0037,SER,4.631533
194.210918169131,28.92982165063945,0.0269802088755088,6.894052330089268e-06,1047.4651,1953.7081,3073.1118,SER,8.282943
193.8674087351044,27.94964953673352,0.02084516541020168,2.421139814100363e-05,111.6428,214.78796,338.42664,SER,4.8338885
196.3303235443364,28.11446747461687,0.0228401441474264,6.132996160749146e-05,4.657715,7.622832,10.860273,EXP,1.8991005
193.955356176328,27.75190891973795,0.02419955705413673,3.79730721345415e-05,59.463318,118.498795,194.0895,SER,5.417545
194.7256428194459,27.83117916022569,0.0257061027339178,0.0001670357874920399,0,0,0,,0
194.8866803328245,27.98364113430162,0.01944928036946226,9.771614582751859e-06,1296.0259,2754.5088,4917.5215,SER,7.5013995
195.1772069115453,28.05706747892409,0.01926598335779407,7.213202676326228e-05,10.527544,19.863531,30.256094,REX,1.4741027
193.4442336357315,27.38592449078129,0.02764198113195237,5.014796027772707e-06,141.19624,284.42877,510.589,SER,7.0368204
194.5627675652327,28.52178747941267,0.02305212252052527,2.121137189326698e-06,168.07794,244.72276,304.89645,SER,4.0102377
196.3976350250309,27.99571101718487,0.02193109837194178,5.375999312039258e-05,10.29199,17.524597,24.645144,SER,1.8403581
196.5461694031721,27.70012038958562,0.02238496594954261,1.582466935226116e-05,0,0,0,DUP,0
195.3519669627176,29.31451071459077,0.023078061162241,9.368761419926636e-05,0,0,0,,0
193.8296644197827,27.92506095061118,0.02154740421872216,3.093306890131048e-05,65.35135,124.079895,194.71147,SER,3.7674572
194.3576619892899,27.5461331432896,0.0186509577230098,1.104087934273125e-05,0,0,0,DUP,0
194.6504680339427,27.59674513253259,0.02605289063212678,5.662484604290656e-05,0,0,0,,0
194.8748798136763,27.95641037095251,0.02268487788786332,7.621894291019967e-06,1641.1022,3572.7732,6479.7905,SER,14.522152
194.0572530579252,27.70586611991661,0.02722979541816685,3.426354546989477e-06,28.69181,44.72107,59.791588,REX,2.6827457
195.0782522276502,27.93703998166536,0.01763691169101822,1.37163900823353e-05,355.8792,712.5314,1174.6403,SER,7.284169
196.074705570488,29.02953533205465,0.02281900202620147,1.280017272490713e-05,0,0,0,DUP,0
193.0674110794512,27.53317442363731,0.018425498215922,4.073372834943993e-06,709.5946,996.76764,1270.2279,SER,11.684219
194.6689945591617,26.75823837188997,0.02466880189715254,6.682547490950671e-06,0,0,0,,0
194.8583746452438,27.96375348996425,0.01897728323533522,7.981908062424747e-05,13.370993,25.41902,37.429504,SER,2.5071833
195.2148290507018,28.04287416346616,0.02923978436094372,9.797826722771682e-06,1905.7695,4125.3647,7493.9556,DEV,7.6402445
195.5511092460947,28.21731321289867,0.02711812923707844,5.354779664765921e-05,0,0,0,,0
195.8274767154203,27.9747383457704,0.02374553787665454,3.223758619903291e-06,41.83308,68.53067,97.80037,REX,1.1991456
194.3492851677635,27.54904849806106,0.02023902301856425,6.619662968139194e-05,0,0,0,,0
195.1554457434288,27.91141168497216,0.01945032366382952,6.067961523445439e-05,8.891858,16.540226,23.860989,REX,1.8064443
195.5556544963704,28.21236177798899,0.02744068584433631,7.223672864040091e-05,0,0,0,,0
195.5174972536507,29.25346089366384,0.02442592753170676,1.183059808987665e-05,1698.4631,3682.3667,6836.674,SER,7.5323677
193.5679949851781,28.07725801973182,0.02312707009415033,1.9925123806153e-05,0,0,0,,0
196.0175860876002,27.85005454095536,0.02125880992346117,4.55658214219683e-05,0,0,0,,0
193.8628469012561,27.52554097612983,0.02671037965668348,5.247347235611171e-05,17.409767,32.06716,47.433235,SER,2.2677977
194.3199614192619,27.61849912177235,0.02422669642684847,1.155581408136683e-05,0,0,0,DUP,0
194.7575793739187,26.81566322852855,0.02378274217077249,1.756979166208653e-05,0,0,0,DUP,0
195.1612717616526,28.05199230759205,0.02515976621129335,2.533495282721178e-05,0,0,0,,0
194.4679587905823,27.73964066714356,0.02311206794905616,3.033017501112508e-05,48.11926,94.46308,153.74753,SER,2.8583503
195.570363061988,27.84563217909383,0.0254768995348615,5.063953379534424e-05,22.807405,42.907764,64.567474,SER,2.2838404
194.6557781383264,27.17826034007226,0.0252998928635196,1.168477246933836e-06,0,0,0,,0
193.4088430607919,28.63231667433952,0.02422853561853724,5.21823422454535e-05,10.52763,19.98705,29.608082,SER,1.6565118
194.738927082411,28.00817909204973,0.02096304430916602,9.078482564482442e-05,20.317318,38.74357,59.60846,REX,1.8965998
194.0523938928928,29.36709332292787,0.02484630899127772,4.351004236569368e-05,23.434195,43.160595,61.410526,SER,3.4898663
194.8079984510365,28.07626016450779,0.02609026583601286,1.819474656040758e-05,0,0,0,DUP,0
195.7423033995568,27.96368491215634,0.02079452548938847,5.241272105084014e-05,33.50483,58.13555,81.920456,SER,2.6834772
194.5555561338131,28.94812771566938,0.02555965030130964,8.394087220225884e-06,1556.5063,3138.328,5268.319,SER,13.624
194.2442462529552,28.12636770690853,0.02073210017042072,5.842688032311003e-05,25.7477,45.139427,64.94045,SER,2.426793
194.8149437801565,27.89913521553121,0.01771505420678291,9.360421307838468e-05,31.855059,62.413654,96.187164,SER,3.6918056
194.958266299918,27.90917697758901,0.02892748456776098,6.063457265032023e-05,20.899399,40.500027,59.882885,SER,1.897655
196.3145224185147,28.62643014009368,0.02199956587499767,1.226931809682054e-06,117.92953,181.60219,241.48438,SER,2.7122443
194.6426175917356,27.9400258212068,0.02795594385955168,6.532183456697741e-05,23.100782,42.613506,62.82633,REX,3.3663342
195.2170454258479,28.36614627097357,0.02554368970123609,1.186771314890173e-05,0,0,0,DUP,0
195.5250328301643,27.76513736674435,0.02412008737567085,2.783811204854738e-05,72.86484,139.50334,218.62437,SER,4.485055
194.5225000022281,28.2457185857871,0.02340123061514517,1.408518131622918e-06,93.9302,114.749596,116.7847,EXP,4.8208
194.6052423497497,28.13009336176631,0.02738330835226824,5.091658681853186e-05,0,0,0,,0
196.4754465953247,27.64090578426723,0.02192227144053714,3.38070920917352e-05,65.171814,124.42107,189.68211,SER,3.4631937
195.753535252946,28.30224952023752,0.02763528042412831,4.165196648762298e-05,10.146477,19.206284,30.347761,REX,1.439248
195.0583358458716,28.82813485425418,0.02444901911235825,7.424841654678825e-06,1509.8267,3063.2903,5258.811,SER,15.299475
193.8173380612362,28.28091078013386,0.02239966185372579,6.265964126564811e-05,8.867073,16.568602,23.817999,SER,2.2551892
193.8521903069891,28.57124992557425,0.02561963834966671,7.009722940315598e-06,74.907196,124.57821,170.52553,SER,5.3645926
194.6611970613986,27.01321529412314,0.02339984786448863,2.507326901586098e-06,109.760666,174.34465,247.90208,SER,5.8483963
194.9056293074241,27.33602778514303,0.02330045760227805,2.289542327411683e-05,166.61217,329.51733,540.7661,SER,4.7598686
196.0623502867949,28.20750054337829,0.02670346912934808,2.077105990656881e-06,19.693,22.782291,23.447912,SER,5.68232
195.0786629261009,28.00933330612358,0.02072619738435465,1.155602188497833e-05,76.62781,161.47766,277.7495,SER,0.89900583
195.2817077048653,27.99806504703616,0.02321909881170648,6.570789976951339e-05,25.115076,47.382675,72.10368,SER,3.5330048
194.6336333862337,27.45634742802239,0.02348292974632653,1.252547609672184e-05,0,0,0,DUP,0
196.0693038185879,28.27323712098077,0.02263338606821322,0.0001201482398165996,24.349167,42.390266,59.416195,EXP,4.3298616
196.0426293795103,29.01542233378093,0.02216244946855295,1.238271966037272e-05,398.08133,788.2326,1331.9937,SER,8.971912
194.4695897777982,27.5781553637003,0.02286984911169052,0.0001365686210174541,9.61619,17.862568,27.37033,REX,1.5517192
195.2469239511919,27.8998579000229,0.02301053972639117,6.6752161586896e-06,860.9556,1773.6149,3073.938,SER,6.901342
194.9588390104414,29.35139450656489,0.02339716002383195,2.594252227543902e-05,4.725366,5.98351,6.875265,EXP,2.1970675
193.4452467356837,27.38394378568434,0.02800358997148721,3.239459928875479e-05,0,0,0,,0
195.0024774621835,28.07955313933866,0.02753932173056658,4.902368204937228e-05,9.301358,16.771603,23.807707,SER,3.730021
196.0220638818113,27.85094446809375,0.02100710947253122,0.000111644731762905,0,0,0,,0
195.8932358945201,28.16209728298971,0.02529598300523271,6.394749260474634e-05,13.100232,23.749487,34.62986,SER,2.596035
195.5294431638539,29.23508198307936,0.02394613685250332,7.453317711401914e-05,16.76258,32.578228,50.067776,REX,2.1779764
195.2735283494208,27.98209150570337,0.01704809831056842,5.598831805958658e-05,16.362953,30.62544,45.9004,SER,2.4891696
196.0084407826434,28.6343800084062,0.02635229336096258,1.71604609889016e-05,29.258787,37.648182,43.712444,EXP,4.4099007
195.0774291133512,27.81552992697677,0.01789204484710666,2.629213226443137e-05,232.76485,467.89868,773.37726,SER,5.908911
194.7920862106748,27.97553319300619,0.02501815620307787,4.976466305701043e-05,8.497405,16.17529,23.315027,EXP,2.591204
194.1160581392198,26.98741654899681,0.02148146821672412,6.010283422098806e-06,3963.487,8055.196,13567.884,SER,14.248793
195.482646312212,29.32280002602426,0.02377002451682502,2.155850637223032e-05,393.32657,808.50757,1357.0614,SER,5.1518626
193.9728808718801,27.69794063679184,0.02037080619486922,6.825024981466054e-05,16.639406,30.782818,44.391388,SER,4.56335
194.0482996979117,29.39824763577487,0.02408171324874876,2.825308479262525e-06,53.168015,83.327156,110.38575,SER,2.5909972
193.3274455473326,28.21137759223742,0.02053960278342041,3.60894105735363e-05,407.7306,793.83044,1299.6093,SER,9.868114
194.6557187533806,27.17832374883865,0.02530151199654309,3.023627913576193e-06,0,0,0,,0
193.8578617831239,27.93466899254274,0.02833527467980379,6.154101548819768e-05,17.996552,31.235893,43.121964,REX,2.8371112
194.4112793357393,28.66927872204689,0.01934418394775319,2.969450184602861e-05,37.114063,68.92222,102.9942,REX,1.5529343
195.0957422654664,28.72010097142009,0.0235217465914004,6.68678715793287e-05,3.5534737,5.4914265,6.801842,EXP,1.5253265
194.7210937014097,27.81343519084044,0.01846105874766586,1.530654609533746e-05,308.44434,632.0389,1091.6847,SER,5.2213826
194.1618868477747,28.08115127017404,0.02705190433585353,2.827868041114902e-05,292.08627,604.7744,1025.4998,SER,6.482433
193.7473723334238,27.80774166409238,0.01663498445612802,5.869238031673583e-06,3.4953246,4.434251,5.4972143,SER,1.3563393
194.1510731264282,27.57773075280693,0.02355538262082574,2.508308141280169e-05,29.581247,55.837437,85.534424,SER,2.860709
194.757991260329,27.76791188334622,0.02179295795711575,0.0001905441772576257,10.90344,20.450972,31.518566,REX,1.3214337
194.9246497618935,27.72365552477923,0.02653552523167465,7.503139933165762e-05,46.477062,89.00397,139.86925,SER,6.0332146
193.9965400105624,27.94625309928712,0.02297682100638924,5.975310444880308e-05,8.965378,15.735883,22.092972,EXP,1.7372727
194.8194373582025,27.10608237259848,0.02803627986694144,4.071309126401035e-06,0,0,0,DUP,0
194.3653263497155,27.53710998977522,0.02642362174135332,4.926765884086971e-05,27.715446,52.95979,82.582985,SER,1.8249276
195.2816538272687,28.07434928831023,0.02514747768743878,5.364695019606069e-05,10.872944,20.355373,30.463724,REX,1.7106541
195.0273649863203,29.46263479658489,0.02179559356847003,1.007968185317086e-05,613.91064,1256.8,2134.3105,SER,5.554397
193.7407595726709,28.30838677509962,0.02105736607312799,1.55153016199665e-05,410.2524,814.79285,1351.2534,SER,6.1940947
195.4969945602135,28.29329614495206,0.0166152689258884,6.611690767821583e-05,11.428477,18.182625,24.393913,REX,2.2641199
194.8328355095439,28.08434194324322,0.01546583425917706,1.738626672511152e-05,0,0,0,DUP,0
193.3021363460814,27.32310228345728,0.02215692543714293,4.114288382729974e-05,527.3162,979.5395,1510.1119,SER,14.689886
193.954163925089,27.90586090485224,0.02317397228286338,3.854874822657406e-06,522.1352,1104.2379,1942.3376,SER,4.37577
194.8340801178724,27.88594961595855,0.02165929976394328,1.3180952047623e-05,448.06964,912.42444,1533.1252,SER,5.05277
195.9681147485136,27.29404044858336,0.025486897218421,7.222512614652218e-05,14.684375,27.285154,39.889694,SER,3.4566746
193.351204730109,27.1054517253067,0.02402835465316235,0.0001127320152147584,22.60641,42.90692,63.37598,SER,3.3534412
193.0374124526934,27.47728493647207,0.01951111547197553,1.193769562615153e-05,1230.9823,2579.8103,4647.2666,SER,12.706094
194.4907840397437,28.06152875926935,0.02715495593144667,1.592138652047876e-06,560.69696,937.27496,1420.4344,SER,6.4315276
195.1891378973361,27.83554151296185,0.02935806582876977,2.309473253444691e-05,107.53115,210.55954,336.0666,SER,3.6936576
195.7716550882501,27.78412786129879,0.02561467146483145,6.912214940564033e-06,380.88565,764.9741,1297.1653,SER,4.068734
194.9050385230352,27.97223344621799,0.02535815179498634,2.677883533626896e-05,17.801088,36.750767,61.445084,PSF,0
194.7751369491189,27.99670192974165,0.02558572906027392,1.066365743677368e-05,1126.0405,2435.9888,4373.4204,SER,7.6573734
196.3454690289661,27.67879007745624,0.02274997057318854,0.0001049286443457006,50.11588,95.0072,145.70499,EXP,6.3963804
195.1607961734367,29.01584768385896,0.02480785837469164,4.547566120239949e-06,24.270472,32.81523,35.741142,EXP,3.5632
194.8303386503258,26.93556281375715,0.02814054822958938,6.742854157735595e-06,37.758984,49.41492,58.573967,SER,3.1743147
194.2711927039342,28.21052155041124,0.01732149597038223,1.396206795901341e-05,0,0,0,,0
195.2893468832606,28.0331002958528,0.02344151927901251,1.87549181049159e-05,201.42345,413.50198,700.67236,SER,2.4238555
195.0746880684817,28.20235493352167,0.02844240824882412,8.857968024010724e-06,3135.034,6689.8555,12111.391,SER,12.017493
196.1130784210412,27.30702718479992,0.01852406960006805,8.394293134106114e-07,8.163449,8.082965,6.0303855,REX,0.3621896
193.3293259758759,27.60235030606284,0.020655670672663,4.911479694325457e-05,17.207647,30.068012,41.542324,SER,4.534718
194.6668479830716,26.78370354164417,0.02124156998739542,6.521446000920442e-05,14.471178,27.157959,40.928177,SER,2.934261
192.9599739964469,27.36083792219129,0.02155444976462561,8.776334752161934e-06,117.63659,235.52586,384.39597,SER,3.7400331
195.0217767177041,27.97666299238535,0.02609614536846533,3.370323147263723e-05,99.126434,205.65306,324.95505,SER,4.1583605
194.1190455125595,27.29130434739232,0.0250843664017612,2.922687177296912e-06,856.4684,1416.337,2090.474,SER,12.609605
195.960408255266,28.05436525299503,0.02102509363424579,1.929979094653203e-05,212.03418,377.97925,576.22327,SER,4.9746194
193.6744488273466,28.04593096322597,0.02558865897471563,1.105038518875229e-05,142.60199,275.43298,434.4917,SER,6.182861
194.059341186796,29.06422711345929,0.02516174342711723,5.612316354624474e-05,27.72118,48.68496,69.13109,SER,4.387624
195.4589901880391,27.67594882156947,0.02053977498625647,3.956972590950805e-05,106.99838,205.62486,333.57278,SER,10.344678
194.907986295766,27.90733607179671,0.02678369657581826,9.875382134724654e-06,746.94507,1639.7517,2943.4329,SER,3.4055424
193.3233522056536,26.33928887207333,0.02312108388821173,1.3045566307305e-06,56.196507,88.02467,113.44424,SER,2.3323922
196.1537686496235,28.25046826567277,0.01876557317374817,1.800815732556118e-05,141.34375,269.50348,437.1996,SER,3.3317533
194.6719922970066,26.75699261165919,0.02449519454601987,2.588459190399199e-05,0,0,0,,0
194.1911465556602,28.05158835521118,0.02313116961244587,1.336880513600231e-05,274.10938,549.5281,923.1438,SER,5.873362
194.4338183314608,29.02037143856905,0.02642544599473261,5.245825229977509e-06,264.24863,447.88672,670.4524,DEV,9.707841
195.0752050611363,28.54190928932696,0.02856888648084787,5.102467614690029e-05,6.638981,10.578497,15.056522,EXP,3.0331354
196.0578396789024,27.5601026233807,0.02325542102874766,4.092013691101414e-05,54.601746,100.02799,148.49124,SER,4.0376153
195.8783011698541,28.09141917188096,0.02146412725839168,4.479198216343302e-05,0,0,0,,0
195.3521381618509,29.30834960038165,0.0238388384312012,8.845834902551265e-06,313.75815,669.07733,1358.1986,PSF,0
194.4838335404643,27.62394361524623,0.02460891811979556,8.021102370452557e-05,9.333289,17.494047,26.712229,REX,2.0486324
193.4747422880083,28.18666659031726,0.0256112054989878,1.689196291053537e-06,430.84622,764.1056,1184.5907,SER,8.048215
194.556589718302,27.90526772290473,0.02741156903042615,0.000163727263201483,23.822832,46.07596,70.84417,SER,3.070787
194.8965707773907,27.95955287481093,0.02399215070338553,2.042268325905765e-05,0,0,0,,0
193.7656754499305,27.75131563178443,0.02126547346781998,2.083790541064184e-05,47.093246,88.69787,135.88152,SER,3.8282728
194.4915884135434,27.35079412068373,0.02896494142753266,3.157012661221192e-05,31.467903,59.715015,89.2513,SER,1.6324145
195.1285124396268,27.30023031433438,0.02549617466903587,0.0001143369361365357,58.738216,108.552826,158.87926,SER,7.37822
193.7546606200921,27.81847126805246,0.02015569301075331,5.177889582294052e-05,21.922844,41.79564,64.55033,SER,3.9488726
194.5972777092902,27.64952936933793,0.02556417931780321,3.720335306057729e-05,15.236723,24.269756,31.662653,EXP,1.7303027
195.3899142678079,29.13058002095344,0.02444529061387003,1.155716208317771e-05,2322.27,5254.635,10151.292,SER,10.224957
195.7134796202986,28.48255438684763,0.02359966739311895,2.471357687184819e-05,104.09927,208.63493,345.8027,SER,4.2447767
193.8549771305647,27.80418587832472,0.02131477392391044,2.34436152963068e-05,114.76038,211.59229,317.6762,SER,7.027106
194.5333649472558,27.51791195865063,0.02123114973611368,7.347420293951613e-05,24.448118,46.9534,72.76153,SER,2.8652196
194.4301149651575,27.57762157489266,0.02417805822248428,2.726624704755601e-05,0,0,0,DUP,0
195.0234648201654,27.97995250019161,0.02583462462366875,2.549338331138536e-05,0,0,0,,0
195.7080859766537,28.32915989458302,0.02077138806607576,6.247094521522784e-05,25.701921,46.933376,68.54494,SER,3.557396
193.1954170715635,26.34268519916199,0.02189232035793327,3.740207865090799e-05,7.7452693,13.173548,18.11981,EXP,1.4090745
194.9129942940024,28.89553240634433,0.02043342605204121,6.743269297388109e-06,1949.7992,4214.528,7915.8057,SER,8.481121
194.2747717391021,27.83921973188148,0.0262626698593959,6.495649142217775e-05,38.549507,54.805904,69.2238,SER,4.2948627
195.0108623101942,28.21707789531175,0.02582008764330614,4.38759046289087e-05,27.724049,50.871513,76.44147,REX,1.0360098
193.6733559021629,27.04149299604758,0.02363384122721756,1.404791964085026e-05,112.59217,223.18578,366.82758,SER,4.454479
194.4301329012466,27.57761758664561,0.02412582079703925,5.392845465798342e-06,174.4424,356.4242,591.6207,SER,2.765019
195.1165608874985,27.95601105114312,0.02338433680679724,1.655537887227145e-05,0,0,0,DUP,0
194.4106554185219,28.84257582120603,0.02537755370219565,5.088256743309401e-05,12.490641,20.95669,27.327518,SER,1.6545587
194.1213780632467,26.95698771510017,0.02349833564585947,4.796552416194288e-06,1451.978,2993.5266,5088.9277,SER,5.6070123
195.0185388117166,27.98759995093824,0.02133240021015981,9.693207990010696e-06,1975.2495,4132.7754,7146.1016,SER,14.296937
195.6042710849467,27.97221102619445,0.02754114453162826,4.161806581176778e-05,50.4203,96.40389,148.33897,SER,4.548054
193.1928124363324,27.90680817061686,0.01896204998462505,1.148293695985458e-05,312.46,642.56995,1100.8429,SER,3.0695837
194.9794589855982,28.33696206061824,0.0264933247492557,4.16594776026216e-05,30.19744,58.665756,93.4693,SER,3.5420754
195.2834693849338,29.07069944269654,0.02810874085125176,1.355425081602202e-05,12.57771,16.845268,20.310263,EXP,2.3513594
193.5679945879042,28.07729006779412,0.02316461321550312,3.291544315217362e-05,0,0,0,,0
194.9551475409771,26.97449059279973,0.02348065560779559,4.441216480202813e-06,119.87608,172.86862,217.97739,SER,4.2248116
194.0848978618404,27.78850322711655,0.0224897913765194,4.659916460265673e-05,21.32329,40.169556,61.015038,SER,2.8458805
195.5087538226968,28.37994668392074,0.02082578325534957,4.141727231831356e-05,15.578462,29.18901,43.80021,SER,2.4745302
194.7094862943811,27.08138578504491,0.02712989439426598,3.336206704221739e-06,52.034153,75.13952,93.50025,SER,3.5370193
195.281939641162,27.77452971523364,0.02568102338174425,7.49063988713224e-05,15.072172,27.465387,38.562885,SER,2.10621
194.9997924198075,27.98826263350907,0.0296497045100982,5.093102580616283e-05,4.380074,7.6972976,10.556349,EXP,1.5820065
195.021512853282,27.98172114469347,0.0215431160581216,6.478294618999066e-05,0,0,0,,0
195.3124469138371,28.52177522275816,0.0281404596117449,1.608170120871766e-06,123.95636,181.42194,225.84033,SER,7.2685056
196.3337478849088,28.45191381202948,0.02202385749830174,7.893813796092848e-05,19.215221,35.65761,53.03279,SER,3.3070657
194.1806663646354,27.4737207484549,0.02701350057908505,4.725460667437276e-05,16.101843,30.217863,46.280262,SER,2.539562
195.2080868426589,27.4057517276726,0.02203803562686867,1.372621491910431e-05,1366.3917,2705.1082,4634.6724,SER,17.769814
194.8877067067722,27.95421649674966,0.02408579093814303,0.0001146041524008695,0,0,0,,0
195.2512626046839,28.7921436972312,0.02640276270196757,5.186822551795117e-05,68.30844,120.34838,172.50174,SER,5.0424805
194.7421387475872,27.59473225014624,0.02009959021564556,7.565817073382518e-06,547.1838,1140.4305,2032.4628,SER,3.0369768
196.110647144933,27.30445799601037,0.01839331997673943,2.510950565371361e-06,767.83246,1058.1287,1258.26,SER,9.938476
195.1068777800986,28.8678148567758,0.02264921024988415,7.015724479821821e-06,1177.1647,2374.6072,4129.933,SER,8.791044
195.7905142440811,28.58355029163592,0.02283698230217015,1.421727442179158e-05,1253.7996,2626.5923,4630.8184,SER,8.019107
194.9591301558781,27.91263307881151,0.02423267232354301,5.27792512704461e-05,58.330112,118.377174,189.05998,SER,3.4905522
196.1805884734935,28.25154189494773,0.02188343473149259,3.736584711594864e-05,89.99008,156.50345,226.87375,SER,4.0687513
192.8620509722117,27.91669121440152,0.02315503771008839,2.086384542910511e-06,26.854559,32.26831,34.60808,EXP,2.1937113
193.8712593865223,27.52144281112239,0.02330939215693209,5.398139239197649e-06,2549.1875,5406.292,9410.64,SER,7.6413555
193.8298257949051,28.15933872719686,0.02033351973206914,4.009817106614024e-05,9.011945,17.174051,26.41102,REX,1.189926
194.9002955656546,29.27205361761542,0.02742499489727278,1.08019440384919e-06,25.064682,34.250675,39.973118,SER,1.0650882
195.3011472138783,29.54608787847532,0.02660684967002037,9.351290217198532e-06,10.240385,12.45951,14.352103,SER,1.1664011
194.3516721376086,28.35812121186508,0.02623655839309753,6.56870506143751e-05,57.825176,88.616425,114.85093,EXP,7.020369
196.1634593472622,28.9732815586107,0.02517388752794377,1.493653546560995e-05,2.5965443,3.1034694,4.098823,SER,6.288
194.6553125630096,27.1765329500399,0.02561270460098958,8.825527503963822e-07,685.575,1044.5789,1356.7277,SER,4.7755475
194.450977273588,27.76937675032142,0.01930711126036217,8.25952553481898e-05,0,0,0,,0
195.343847121547,27.53980499376564,0.0256842822939905,9.679428512416708e-05,25.151552,47.649055,70.532036,SER,4.4679074
195.1802744908464,27.87236386851249,0.02382309562852061,7.270578347786181e-05,5.134484,9.301155,13.242836,REX,1.0278383
194.4460903991283,29.14951084396312,0.02390887255923772,1.505867431316914e-05,0,0,0,DUP,0
193.1235397207763,27.80300098558263,0.02426165783580076,4.435576444125675e-05,44.30177,83.66592,127.45304,SER,4.1046042
195.66999989005,28.37129982873196,0.02471848283107867,1.182647509857516e-05,1009.19604,2077.343,3664.6958,SER,10.63443
194.7030626108065,27.81044938585197,0.01978357708758447,1.590335535194938e-05,0,0,0,DUP,0
194.8561901516068,27.97320098515222,0.02041682169355886,1.728681117595336e-05,0,0,0,DUP,0
195.0380078685411,28.17045637266787,0.02261447335684994,1.716234568730196e-05,0,0,0,DUP,0
195.1787314949918,28.05384763944211,0.02285451296305709,0.0001124415390380543,23.478346,46.14589,71.6951,SER,3.6866028
194.2790772373833,28.95839004444044,0.02753033712698115,2.707782225786853e-05,71.29762,126.10821,177.11633,SER,7.3991013
192.8649608215868,27.53516806132502,0.01901648431179752,1.951030865291839e-06,10.576976,11.810157,12.812026,EXP,1.1719671
194.781267931005,27.76778466546162,0.02128175065210897,9.600915965523889e-06,806.78253,1663.6375,2939.7568,SER,4.645796
194.8109420213883,27.89558424740206,0.02141423898170931,2.491732118204297e-05,47.01111,99.54978,174.22014,REX,1.0913978
194.892344475234,27.94712067655828,0.02403419697155876,8.72511960351346e-06,0,0,0,,0
195.2895802136494,29.06533076651403,0.0279394109848543,3.624722394933723e-06,46.643646,58.555424,67.35501,SER,4.564708
194.0073162144072,26.75662754617034,0.01924935620542517,7.941015129856368e-06,463.74527,958.59125,1680.9901,SER,2.5548365
193.9531223403808,28.25698632967034,0.02715174024977693,8.064757760644517e-05,0,0,0,,0
195.0207942416464,27.02607308662583,0.01937187377300017,4.482396900419533e-05,0,0,0,,0
194.6646926933355,27.78134161360517,0.02764075497463852,6.321680345241982e-05,9.095686,16.445696,23.710293,EXP,2.7909622
196.3016364690682,27.56976654154461,0.0230570348336588,5.65423532835728e-06,4101.258,8703.56,15458.894,SER,16.68674
195.7388480119004,28.37557430819614,0.02949634206944694,6.198912988578361e-05,68.27739,128.03825,197.82605,REX,4.4482603
194.3395379191301,27.02298156791483,0.0267490131309111,1.062595786088634e-05,166.86617,314.469,485.4728,SER,4.819803
195.9658948114147,29.35035492566936,0.0192509800875321,2.237542851172602e-05,10.521115,16.178993,19.159344,EXP,3.4819858
194.2670605329462,27.77243735426546,0.02489080158660584,4.163130250527889e-05,0,0,0,,0
195.036440051618,28.15983753797563,0.02489780876191079,1.978887088327374e-05,398.69406,825.84296,1403.6097,SER,11.597552
195.3294820833762,28.12813237329285,0.02272118595577355,2.193207016880237e-05,105.95362,204.13141,331.4346,SER,2.8235326
194.8071245343419,27.4025689317521,0.01891190010842302,5.85616734979412e-06,961.78906,2042.212,3669.4102,SER,5.2096095
194.0452357790294,28.16161921013441,0.02853056655722664,4.596116662724899e-06,0,0,0,,0
195.3449345001505,28.19605277319219,0.02540722725436645,1.051668697581115e-05,670.0892,1379.0742,2444.4429,SER,5.8299513
193.7656993872304,27.75132293179773,0.02124027622277225,2.575414351507305e-05,47.093246,88.69787,135.88152,SER,3.8282728
195.1377399230162,27.63628980587513,0.02439485700358672,5.289125762852301e-05,0,0,0,,0
194.673301761002,29.29143453044109,0.02541373230452828,0.0001372096884353412,35.756268,64.593895,93.500465,SER,2.6885715
193.8035193569903,28.81800702439258,0.02216487202836328,3.640224418354701e-05,29.412668,55.483704,83.16605,SER,3.0194767
194.270457830276,27.67738835668133,0.02610272783249582,4.548999015495327e-05,63.14276,120.796265,188.61963,SER,4.4001036
194.73029295848,27.96471928342401,0.01890413851461631,1.906326754620771e-05,373.62457,798.53534,1424.2012,SER,1.8115988
193.7534518513598,27.48336636391154,0.02321462720409222,3.017544864170865e-06,247.5067,475.6984,783.50244,SER,5.6314445
195.1860056778236,28.10069258201067,0.02203450135713659,1.980078726488071e-05,0,0,0,DUP,0
195.1082954117463,28.06243734899109,0.02515880559890849,8.603556321213182e-05,19.774305,38.936043,58.8793,REX,2.5026839
196.0929816509923,28.76347168815216,0.01844465881093107,7.757386485527803e-06,15.178707,18.353952,22.727137,REX,3.4988074
193.8240116292627,27.90048854538037,0.02305487597646067,8.737974092873268e-05,9.59487,17.730799,26.053902,EXP,2.857207
194.2881562934494,27.02947019429217,0.02285688203498398,8.88223372176639e-06,19.643492,31.544714,41.88512,SER,3.1038709
195.9023977593348,28.09794633226803,0.02060830403757955,3.781881115480014e-05,45.925,85.30434,129.42845,REX,2.640019
196.0422519205733,28.24796061037582,0.01983353854280582,1.697601799178392e-05,0,0,0,DUP,0
194.124223655974,27.93998862184652,0.02218265126425477,4.244923154163174e-06,837.19336,1748.8746,3100.4255,SER,4.7310653
195.3631363813809,27.99917499134305,0.02550581640328847,1.32761265479392e-05,272.91525,594.1491,1099.4066,SER,1.3679769
194.2092229756539,27.09062753244468,0.02380190412751988,4.873820264837395e-05,0,0,0,,0
195.9428849220797,27.98690471724599,0.02060822411016553,1.50252648058341e-05,121.66469,237.0872,382.4288,SER,4.121612
194.748252544955,29.41614850478965,0.02432010165367892,1.925028540842751e-05,70.60392,100.02417,125.56262,SER,13.624
193.9997768755652,28.18697804140463,0.0187498786826384,1.776921239888539e-05,0,0,0,DUP,0
193.022717559903,27.59624217462924,0.02674018581430187,9.964995862574496e-06,1327.1168,2753.3591,4823.0747,SER,6.743516
193.9989588287791,27.95506548841911,0.02699734906789015,2.130556246259338e-05,263.84164,487.06497,742.7657,SER,4.729787
193.7237415939362,28.41698629076386,0.0246569177914348,7.355704273006407e-06,983.0923,1949.0457,3353.5752,SER,6.4636135
194.9624519056433,27.83298355152439,0.02638627779791237,2.221087509195255e-05,169.4444,345.25278,574.17676,SER,4.96405
195.8795069442501,28.69043781180881,0.02246938351212985,1.448082701630676e-05,52.08278,60.901936,64.65315,SER,5.209253
195.3449266088228,28.19608415669758,0.02539130646691907,1.408970705061489e-05,0,0,0,DUP,0
194.5176756289917,28.66278858891313,0.02496422834015788,8.055520935067593e-05,13.766083,23.790497,33.9534,EXP,1.9791951
195.5339467997634,28.15102448494221,0.01641271106452124,4.759056254300455e-05,57.86957,107.88415,167.4877,SER,2.8265495
195.4399183118644,29.04480449255523,0.02295099809306209,2.590296653720673e-05,0,0,0,,0
194.2690145590418,27.77298632980418,0.02515949245168639,4.444736047956475e-06,281.45572,556.8762,954.12317,SER,5.020387
195.061495025517,28.04128211482185,0.01912931307623193,1.078843004899543e-05,702.74567,1482.8483,2665.6604,SER,3.1428084
195.3068447783435,27.9142684495407,0.01957603888278862,9.13679623160911e-06,321.4184,640.51074,1090.6566,SER,3.6495802
194.4883882092655,28.44640356881015,0.01933535290209115,8.479687318283023e-05,22.36709,42.310997,62.76756,SER,2.3907394
194.0855033814943,26.70392159223975,0.02198672723257193,1.184039033075831e-05,212.35425,424.40292,713.41644,SER,2.3142948
194.3868656833602,27.61039028852929,0.0201862627444066,1.017583177874095e-05,0,0,0,DUP,0
194.9833507918613,27.82009762541552,0.02534119419323246,6.034182774299234e-05,11.955169,22.42055,33.750546,SER,2.075386
194.1706019403132,27.4477610231084,0.02445428142931662,1.674281578019709e-05,54.070843,106.754295,170.89276,SER,2.6129193
194.345607185076,27.49295445881801,0.0275539227248529,1.869638893347395e-05,98.87532,187.99393,334.3321,PSF,0
194.3239800380641,27.8092919113108,0.02409965810039363,1.891379573015406e-05,0,0,0,,0
194.4423309139736,27.75705589077709,0.02048821769386555,1.179736485769463e-05,638.4284,1299.9004,2239.924,SER,11.570471
195.1781595448356,27.97129753084347,0.02129734653437111,1.024947053420357e-05,0,0,0,DUP,0
195.1629013894584,28.04921704224696,0.0249225343726901,6.480451830884517e-05,0,0,0,,0
195.948712854952,28.18536045906961,0.02269729164032245,6.401921238605128e-05,0,0,0,,0
193.1584086021327,28.6355669793519,0.02247551821969098,1.929895817072721e-06,6.0184183,7.5462046,8.159863,REX,0.7266089
193.225568877312,28.37410634433865,0.02271467075104767,1.800812204548622e-06,4.1764665,8.268494,12.544109,PSF,0
194.9449096968441,27.97387011216412,0.03148623438388211,1.154882517739694e-05,894.77344,1942.4131,3458.6873,SER,7.398422
195.2997260217199,28.5059847529587,0.0295950765808565,4.202478609006852e-05,18.736841,33.71514,49.130646,SER,3.856788
195.3736679709793,28.68513775997009,0.0293107748822443,8.573852995149399e-06,4.406649,5.1402917,6.161044,REX,0.72020406
194.1473260210978,27.39394946581469,0.01820506467713686,5.682567351367446e-05,16.42302,30.819155,45.093224,SER,3.369514
195.0262367209816,27.77575769879004,0.02059468516911219,7.077741189083683e-06,650.0143,1375.0239,2423.3477,SER,7.3710556
195.8398218641071,28.30898828421147,0.01842938133251898,1.0591285812536e-05,303.82962,602.5246,1017.1723,SER,4.331038
194.0844687437351,29.30017674362033,0.02218620731786035,1.656424177841217e-05,656.1853,1320.4846,2206.8665,SER,13.8336
195.1094411716865,27.71144525117027,0.02525456820330435,3.904267022749035e-05,15.325732,29.641617,44.86163,SER,3.2016466
194.4873665961964,27.91847717181526,0.02610250597173295,0.0001245136276544625,23.143663,43.446327,62.152912,SER,7.2093725
194.7337969357336,28.46362331002949,0.01972788403607257,2.620492953363539e-05,458.6001,700.6226,975.0344,SER,5.726312
195.8580886638483,29.05734133442945,0.02419521988124398,6.923314548572085e-05,10.059149,17.246021,24.215824,SER,3.8548903
193.3918889628167,28.38371599425777,0.02317019992802717,6.652070891551816e-06,11.704423,14.677488,16.78242,SER,2.891832
195.3519892671071,29.31453307692366,0.02345136939498986,5.124863717738514e-05,0,0,0,,0
196.1623259139781,29.22480201758774,0.01927471096425239,4.183117708902277e-06,204.77013,426.06104,768.9438,SER,7.18944
195.3920920971394,27.48476363571127,0.02201472219786971,9.732564044166236e-05,12.90396,18.150362,21.889761,SER,4.51348
194.4022455172278,27.03133931361651,0.02455277187325376,1.33570873897336e-05,0,0,0,DUP,0
194.6428494174863,27.59597005544855,0.02518151831950066,6.964689980836708e-05,0,0,0,,0
194.8539331782964,27.73884164018587,0.02017527197126493,1.190745522654458e-05,462.8467,975.29474,1775.4747,SER,3.0079942
195.1528341786311,27.90764902303388,0.02049322239997381,5.810713263201598e-05,28.350159,54.581585,85.03428,SER,3.4423146
195.3664126829028,27.88986471083194,0.01837348048628608,5.31460007343868e-05,18.76948,32.22786,37.176933,EXP,9.432
193.226779642747,28.37612293846117,0.02278484550710621,1.732757420444219e-05,0,0,0,,0
194.1599885693342,28.1062719465468,0.02161049877167823,4.83956135678729e-05,93.45974,169.50206,262.0233,REX,3.370891
195.9743197567592,27.82194505203934,0.01659108215975192,1.779935614737384e-05,68.71331,133.18625,217.37952,SER,3.3698764
193.8792385884313,27.79600674781589,0.02490327629128765,2.427280779645192e-05,32.268578,64.25687,105.17747,SER,1.7231762
195.7908621331565,28.49110212351163,0.01773893971407708,8.360972918986863e-05,0,0,0,,0
195.07097767202,28.0639089582404,0.02052143295650357,1.093125729791435e-05,408.86237,857.82306,1538.5327,SER,3.289347
195.3069668620647,28.08310783503387,0.01942995347740501,1.761121373225715e-05,85.06602,165.99341,263.35788,SER,3.055032
195.7516839304113,28.162738517898,0.01915158771579352,4.966221362574745e-05,24.709873,45.64857,68.03915,SER,1.5959016
193.1655808544324,27.59015903903261,0.01793850951404708,1.757391979224968e-05,81.22969,112.358986,137.54135,SER,13.8336
194.2091778555678,27.09065113687728,0.02368789103002905,7.246907745415713e-05,0,0,0,,0
194.110969873836,27.83066105985847,0.02093865651605339,6.641696149501208e-06,1071.1791,2270.456,4003.6155,SER,6.0278068
194.6660859283836,26.75938494762947,0.02486516333174035,2.16830671381118e-06,257.02274,344.96765,409.062,SER,10.847438
194.6329229518693,27.25226680858727,0.02541547406135026,5.904584009421858e-05,13.386268,25.02878,36.509933,SER,2.8741663
195.9786440494987,28.18758130810876,0.02293937116994807,1.054975938379328e-05,501.1831,995.54266,1662.4958,SER,5.8907437
195.6729973732079,29.1239814326431,0.02526744395428022,1.659115260949531e-05,26.308807,36.08122,43.767876,EXP,3.0493348
195.0229754518783,27.80761320822267,0.02198188806977636,1.049510433290518e-05,650.9993,1407.659,2451.6772,SER,6.610039
195.2880299123423,28.24001657941814,0.02165777056626721,7.28603415040344e-05,18.04245,30.375761,42.494625,SER,2.9315512
194.6630241158446,29.02615826312675,0.0245062777149168,6.770240478690771e-05,42.480354,75.8289,109.67511,SER,6.7557244
194.855583924159,27.9344938290627,0.0253414587111438,1.774506443837509e-05,138.12914,275.99875,438.73093,SER,4.253311
194.9893927090442,27.93245689223536,0.01527292290800211,5.947407279134259e-05,33.130024,64.4306,101.41449,EXP,4.4670253
195.0263570682681,28.253866396166,0.02110976902429785,9.856627019561606e-06,1.0471408,1.235984,1.4721669,EXP,1.5705416
194.8150672694534,27.80885903395765,0.02264134247806783,5.345717073911824e-05,26.633375,50.64276,77.4825,SER,2.6969192
194.0246787331149,27.67988589373928,0.0165706848502173,4.30079317162297e-05,0,0,0,,0
195.5902220286966,28.25595334696683,0.02268333879833356,3.429852339702481e-06,709.3576,1503.7399,2691.4348,SER,6.2941155
196.3487046749825,27.10158244014935,0.02420286494186664,5.508647958534915e-05,79.56958,132.65337,186.34412,SER,6.215493
194.1812816544547,27.03474277841456,0.01868891118650264,1.497232713954199e-05,310.40823,609.24005,1018.66156,SER,3.6141074
195.0420443327832,27.95810357820055,0.02106932427798866,4.318598014800493e-05,0,0,0,,0
193.7488756622834,28.11483130850571,0.02729125261442938,5.090006380450265e-05,0.6804582,0.940932,0.9579863,PSF,0
194.9834357884695,28.03472032021359,0.02721086129309603,5.507122150950674e-06,1150.9487,2546.945,4642.7886,SER,5.6634154
195.4305115235688,29.17837474808943,0.02345056284382696,1.463932120983415e-05,174.56018,332.21405,548.8782,SER,4.7471914
193.637299760898,28.37675564380782,0.02345580397320664,1.617683463743765e-05,0,0,0,DUP,0
194.7462554918089,27.59999125975479,0.02222186811772905,9.840561032471146e-05,14.9524355,27.578316,39.74526,SER,2.9980564
194.3940737736759,28.16547628765878,0.02110274377270338,9.35505472721756e-05,16.253136,30.929914,46.95713,REX,1.7350523
195.3824694728816,27.84757456590944,0.01821106926943885,1.687696872323838e-05,0,0,0,DUP,0
194.2959500143295,27.5607867059007,0.02416140227506791,4.170422218275944e-05,31.944574,61.747093,98.40875,SER,2.9295955
194.8182987338809,27.7717675015023,0.02117806979249683,2.738734344889191e-05,18.314493,37.45141,64.25116,REX,1.1503685
194.62587898639,28.01473093793005,0.0238844190877707,4.807116853157132e-06,1624.3279,3404.713,6035.0015,SER,7.6976886
192.7532093544094,27.47572698383444,0.02265631020265026,2.181220460788627e-05,43.559196,83.74555,127.88197,SER,2.8246906
193.2726495904067,28.0651704409749,0.02568011699800438,7.734121083670029e-05,32.281143,59.893238,87.83155,SER,2.3021724
194.4378981163468,27.42920109995873,0.0279519994565495,4.413215401875209e-05,0,0,0,,0
194.7568100790211,27.53694275427289,0.02857155529366447,1.652465842006154e-05,243.83104,468.7951,773.8051,DEV,12.012547
195.2630732161067,28.0262647461671,0.02003072530550204,5.102403554023589e-05,13.341874,24.30067,34.81297,SER,2.0979376
195.8112423459884,28.03168174526136,0.01993644444272726,6.030605177020421e-05,0,0,0,,0
195.2742538474406,27.70887233223689,0.02918995619615418,3.286965091903407e-05,45.024437,84.439674,128.44812,SER,4.159306
193.8039767730503,27.77988923387483,0.02640558225181515,0.0001046753461345263,3.6859877,6.4568386,8.534834,EXP,1.1940488
195.1716784034114,28.04512299809184,0.02879326627752369,3.676248775957318e-05,60.97842,123.319984,203.3253,REX,1.5816249
195.3402209041709,28.29731558159999,0.0212478758896703,3.541670408341313e-05,11.652326,21.614609,31.298908,SER,3.4062653
195.3370231318668,29.08067907794149,0.01866208985062284,6.22643592084363e-05,6.724599,11.606754,16.151634,REX,1.3445057
194.8265116801026,27.71576428999683,0.02228447678652094,2.27789756589799e-05,98.804,194.0801,314.62634,SER,2.264091
194.9618667542909,27.83107764877132,0.02651378819859605,0.000104944890544126,0,0,0,,0
195.3305257388849,27.86051812776958,0.02742376186551829,3.310135544045147e-06,107.00592,162.69016,222.64699,REX,2.4885738
194.6260622167662,28.85886476793995,0.02669045163283998,1.531982046790264e-05,424.98694,890.91833,1566.8663,DEV,8.200143
193.4353335331164,27.82155600302737,0.01641191158547289,1.88601798748528e-06,70.72432,104.917366,134.76999,SER,3.6686585
195.6556486296439,27.17612281871635,0.01831748773396067,1.599981584951957e-05,0,0,0,DUP,0
194.6724662545467,27.8282411574072,0.02620838300282767,7.462447879062634e-05,18.329195,34.94537,53.480465,REX,1.6988255
194.2975111460721,29.04502719596091,0.02506127770151267,4.89145279413456e-06,1769.9539,3687.5132,6566.6074,SER,8.901316
193.8173208606356,28.28092386360801,0.02236574401940199,0.0001613520694166461,8.867073,16.568602,23.817999,SER,2.2551892
194.8921954961206,27.94689244215597,0.02399606144159045,1.6673784903331e-05,0,0,0,DUP,0
194.1923309001752,27.817900508114,0.01927505277329588,6.113492450190485e-06,40.65242,57.114765,69.52396,REX,4.336505
195.994789398493,28.21219873480441,0.01979576658475637,6.100703132331755e-05,12.744357,22.58859,32.68645,EXP,3.2667947
195.1215694290527,26.67536135844237,0.02407124246448234,1.357446148719929e-05,0,0,0,DUP,0
195.1094385419441,27.4597476517591,0.02316786563600644,5.731595539895922e-05,37.7901,57.371624,74.97416,SER,6.116044
195.0333214152016,28.0785823412055,0.02421422062897712,1.414469654462044e-05,0,0,0,DUP,0
196.0746983661352,29.02951484384429,0.02280589974651,6.115060158474577e-06,1023.3655,2087.4668,3600.6348,SER,13.193689
193.8623329014461,27.42253597487805,0.02393481322938387,1.782392596604389e-05,70.69744,143.36621,235.47838,DEV,2.832645
194.3072492525171,27.22451358982982,0.02339577745999697,3.717888146562123e-05,37.20229,72.71647,111.6446,EXP,3.6174726
194.7517163351239,27.64399550931732,0.02669278967021891,2.397234228331934e-06,28.998056,40.06327,48.414215,EXP,1.442469
196.2651915831277,29.16199947059977,0.02528607644029156,4.163694879215347e-06,43.47101,64.38018,81.7252,REX,2.0618198
193.9065916867035,27.34140543144014,0.0245327285465413,3.574208629153592e-05,30.795664,58.964718,91.4909,SER,2.1855352
194.5284635474361,27.57687825185999,0.02505496398570596,2.694695808412635e-05,218.48758,436.9741,720.5662,SER,7.2764874
196.4712089806735,27.55208169092838,0.01878150059007596,1.13180000248582e-05,579.01465,1103.7766,1782.494,SER,8.555253
194.7302581329134,27.96470292778098,0.01891246312955472,8.78077176536501e-06,373.62457,798.53534,1424.2012,SER,1.8115988
194.9998172030295,28.71113998989052,0.0198269827577695,0.0001011195948725613,10.081453,18.554035,26.566488,SER,2.0520844
194.5116843698083,26.86142818882349,0.02414220304019599,5.701221678283198e-05,6.128301,13.322794,13.621866,DEV,0.36747104
194.9151353725324,27.57810122405592,0.0166441126175031,2.038043285501248e-05,0,0,0,,0
195.0237154639506,27.92649019313357,0.02646056478353468,6.854730221615781e-05,52.253082,90.20079,128.7427,SER,3.7198396
193.2814047961169,28.24124398765737,0.02345556768407536,1.417964218491028e-06,130.8935,165.08266,193.64375,SER,6.3932204
194.5146075266293,27.81497017123981,0.02384343048247449,9.0765457897374e-06,651.9344,1361.316,2413.2424,SER,3.5354495
195.1390451066682,27.8242570789408,0.02734467019496805,1.606666833839416e-05,218.54341,406.00906,633.7844,SER,5.3267775
194.2681118441402,27.52594417090943,0.0277717877496273,2.078230102931024e-05,185.11218,368.95667,611.92255,SER,5.3283267
194.896571366182,27.93475295802736,0.01505506917949531,4.314492250060771e-05,42.176666,80.80147,123.106705,REX,2.17361
193.9923362644905,27.76046844315862,0.0224830330144759,4.985915811868541e-05,34.926792,66.20536,100.393196,SER,2.7388504
195.0097833117978,27.71968619413358,0.01881613114466042,7.812798365999278e-05,23.653027,44.96822,69.94336,SER,4.5310297
194.5119777789248,27.97837792993861,0.02193227112826032,2.870849454001721e-05,83.96886,169.48941,276.14175,SER,3.3307993
195.9616343073349,27.98839195774667,0.02122675009053115,1.441995669607046e-05,0,0,0,DUP,0
194.7269343339597,28.22300839026225,0.02365836577502621,4.930315734345369e-05,56.63525,109.019806,169.58647,SER,3.9260807
194.9062248217126,28.1661288208794,0.01912856018833843,2.017563293524726e-05,166.20863,324.07175,541.8408,SER,3.3471541
194.6592794453913,27.01407824292752,0.02315895966847899,1.50438929270277e-05,0,0,0,,0
194.5547997307955,28.94537588451069,0.0261821054668967,2.787573526618308e-05,89.799995,169.9312,274.79868,SER,4.1326647
194.0594235627177,27.81557677007449,0.02227987418144346,2.998380565272259e-05,60.700394,120.411736,193.80045,SER,2.3296592
195.1183022955378,27.97246472103834,0.02573892427747992,2.169521170291029e-05,0,0,0,DUP,0
193.5947458342346,27.74447176181937,0.02377498111463755,1.408988936160456e-05,146.52547,283.04175,451.3262,SER,5.279589
194.6593065569699,27.01407442881659,0.02315708481136417,7.656977821499224e-06,0,0,0,,0
195.0397317701021,26.84358516406537,0.02466889801613906,4.52038311640394e-05,40.296787,77.68897,120.049644,REX,2.9021406
195.0731306155858,27.78443127533242,0.02323594340479061,4.579854367385893e-05,54.78622,104.33948,168.72081,REX,3.2929218
194.785635875937,28.72813001631268,0.02375436434926418,4.517564248235939e-05,175.19315,325.17352,497.1232,SER,7.859675
193.4353060971328,27.78027884027987,0.02230804821930468,8.434754696530338e-05,0,0,0,,0
194.046673043455,28.19053689155918,0.02874499454262143,5.132173862067259e-05,9.095564,14.493441,19.523392,SER,2.3984761
195.1018963028309,28.5391752509212,0.02193761608813169,3.350564710929335e-05,26.476295,51.026318,78.74985,REX,1.688539
194.0287677020954,27.33254863747286,0.02692320854557376,6.150966411430445e-05,105.09869,204.77037,319.15927,SER,13.624
194.1785919691215,28.02047248514947,0.02094133853388106,6.689649859611729e-06,1347.322,2874.6343,5187.2363,SER,6.0399013
194.4584202226873,28.16884476547023,0.0231713279781751,2.345890413285965e-05,1.7686098,2.0429177,2.4593468,EXP,1.5655944
195.0945772821403,28.5744617904843,0.02157904707921832,5.754407515927337e-05,189.69385,371.038,601.0888,DEV,10.900066
194.8981442547404,27.86418418202046,0.02098124258422371,7.743882001507784e-05,0,0,0,,0
193.6355128399111,27.76680420991125,0.02560602282022794,4.72278060451887e-05,15.642067,29.207302,42.633636,REX,1.330907
194.5234286065501,29.01736772816607,0.02566977123238992,4.648264656930109e-05,181.9405,317.5335,464.60303,SER,8.844421
195.0797446708286,28.87811986451999,0.02486581899417253,4.939877115516481e-05,57.903816,109.36893,164.62071,SER,4.554869
194.5065468217492,27.48966341006196,0.02546853766884424,1.145699781155185e-05,947.74915,1931.8844,3274.9368,SER,11.11874
195.1606567863172,28.01608594394687,0.01879812246653709,4.680228904922104e-05,25.688255,46.47448,103.3125,EXP,2.0221498
195.3980477789555,28.41588159381325,0.01870263820739448,6.294242642047497e-05,36.305347,65.27104,97.92974,SER,4.1160626
195.8448856587789,27.93596136269391,0.02014448948426234,1.231729609109319e-05,560.5852,1126.2023,1910.2775,SER,7.197547
194.6286741785918,26.9948825731753,0.024872332796073,1.752118902519115e-06,69.34129,82.86011,85.507324,SER,4.682483
195.1505145979462,27.57547567601023,0.01733355667282039,3.131605478260113e-05,20.396658,27.183914,25.402163,REX,1.4378287
196.1395314286214,28.57812495885459,0.0179245224938042,1.817407327067477e-05,4.941981,6.7816315,7.9196486,SER,1.6844693
194.5913788554933,27.6206960887754,0.02869684754953419,5.691332111598295e-05,8.608858,14.579353,19.89336,EXP,1.9045117
195.8485111732567,27.30585873873049,0.01875094034295115,1.569744779986529e-05,0,0,0,,0
193.6770611406532,26.57469129702674,0.02288436053705081,5.424553110634969e-05,23.602812,43.379913,63.477737,SER,3.346475
193.3760991574979,27.67523683984048,0.01986049963467492,2.048531107763925e-05,208.9345,427.90283,731.0231,SER,2.8951719
194.1604299700477,27.4609685874837,0.02437665051738269,4.937287737437669e-05,24.399258,43.83526,64.90831,SER,6.3230667
194.832026599919,27.96811117676857,0.02788710183868282,4.81789538561601e-05,51.682816,102.522644,163.43399,SER,3.6409378
194.7206745895562,28.23387967342223,0.02030483583543997,2.613975178759268e-05,55.387875,108.87137,176.08362,SER,2.90199
196.0686369285629,27.50637450165944,0.02356865854653973,3.456853362768028e-05,142.72354,281.0741,457.67517,DEV,11.002775
195.4315443699747,28.99598976989836,0.02188856355655702,3.89849060832009e-05,0,0,0,,0
193.9507186204586,27.74110612202585,0.0199628061067929,0.0001102736853757512,9.201973,16.549023,23.392075,REX,1.7987827
195.0732309607737,27.35546624133765,0.02776375770500964,0.0001215553309466326,10.879582,17.920162,23.786625,REX,1.4705098
195.3331974927086,29.56496005943416,0.02716122626170887,7.951205708736709e-06,29.761055,41.030144,48.172935,SER,3.3656633
193.5752080864772,28.38349298161311,0.02148493031993178,3.267227124098647e-05,0.29005003,0.5751551,0.55259246,PSF,0
194.8524380047147,27.51736137282821,0.01968041257781311,5.016980649472316e-06,89.04194,156.0486,229.14885,SER,2.711167
194.8341978900286,28.07430061133427,0.02392189595407486,1.546431013361852e-05,227.0033,459.08002,782.26776,DEV,5.146411
194.633552738629,28.24121769895732,0.02245842605895535,4.249543642943174e-05,29.629787,53.374157,78.50556,SER,5.225091
194.5569511532699,27.44328916693491,0.02030396295728209,9.453808204617288e-05,12.592744,22.211187,30.224495,EXP,3.3113363
195.2282131386444,27.84205993515014,0.0236544394407915,2.311952189057325e-05,0,0,0,DUP,0
193.7215599334256,27.88610862815662,0.02481722140757768,1.806613947584025e-06,43.285957,55.24698,62.932507,SER,2.967437
195.1548111525146,28.66414705842358,0.02361483659441734,1.122211563344716e-06,108.04567,180.12909,251.23491,SER,3.6363146
195.661243465544,29.07561718244274,0.02230259786456947,9.476969935067104e-05,57.086136,104.05574,153.5741,SER,6.523357
194.627540836603,27.56428767244017,0.02437684220514228,4.489225489766269e-05,61.80895,84.729256,102.73731,EXP,4.879343
194.6544018594443,27.17306702778436,0.0257961518162357,2.233366113779082e-05,0,0,0,,0
194.1452697140986,27.62737604828483,0.02740868569593036,8.815459234224323e-05,20.067204,37.966316,56.824318,EXP,4.1538916
193.1716153958594,27.50139513368382,0.0239184110009833,4.454597174614881e-05,16.560944,31.255688,47.203884,SER,1.4995941
195.0575667785722,28.04545626338846,0.0298036941300617,6.28697399842145e-05,10.837995,21.03373,32.726284,REX,1.3005086
195.1595898514214,28.05475132518163,0.02619589300460262,9.048455362584227e-07,0,0,0,,0
194.4406398888253,27.42934865610003,0.0278406427684697,2.068131388116377e-05,194.1619,361.7854,558.0667,SER,6.30314
194.3611436352929,27.84130653559435,0.02066207041894735,6.505323613440119e-05,14.633477,27.05875,39.361797,REX,2.1442869
194.1188968574116,27.73355773037038,0.02335536052767106,4.956355138142873e-05,18.405455,34.9173,52.226513,REX,1.4729075
194.7901831902361,27.86741336366856,0.02307777134090582,1.475778343777835e-05,154.7546,323.96536,549.368,SER,1.2915792
194.7699409513805,28.05036827260222,0.0268709519669457,3.314283587151118e-05,125.75864,256.32123,424.21902,SER,4.8443747
195.1290123651222,28.10839229549065,0.0172652390970955,2.829636260017399e-05,55.866173,107.58329,174.52046,SER,3.2652566
195.3851093302183,27.84572907252179,0.0190459512205556,5.096038219455935e-05,12.683695,22.79489,35.189716,REX,0.99930274
195.2904122982693,29.06503381377711,0.02801715507940281,2.175180294215849e-06,0.70874226,0.83711135,0.82918483,PSF,0
195.0265883768637,28.00415514765973,0.02422889492934598,1.039304614943105e-05,624.7057,1300.8608,2280.915,SER,4.494363
195.9759007788349,28.31267452414652,0.02661932783002991,7.231997490379126e-06,0,0,0,,0
195.2008576664108,27.83544404135934,0.02598325182365532,4.71136619085029e-05,20.553833,39.21164,59.349487,SER,4.111811
195.1183497498363,27.97240586122127,0.02572943253428429,1.518273374836962e-05,607.6091,1267.3119,2194.082,SER,8.659688
196.0175867652956,27.85007442817574,0.02174845998603646,3.977937074322564e-05,0,0,0,,0
194.2677015255937,27.73006092431504,0.02963511541818635,1.75609277712617e-06,230.8084,437.67154,687.25635,SER,5.892622
194.2093182157859,29.37677353185587,0.02374034829878181,7.978912999285249e-05,0,0,0,,0
195.0471609875761,28.06561727899116,0.02456187777266765,7.011597512525854e-05,61.674957,125.51616,214.16927,SER,7.587047
192.8613130288745,27.64874586462776,0.01873964844315914,1.938511054111958e-06,19.28546,25.537745,29.22,SER,3.5085871
194.4468680173227,27.75520377400257,0.02088510631322482,3.691934540134918e-05,0,0,0,,0
194.8754529643485,28.70014521392877,0.02366101204454098,3.601566776348175e-05,83.937706,166.90993,274.7304,SER,2.449257
195.4844830972468,29.32255168140931,0.0235055388698977,8.702202695924692e-05,12.973874,23.233175,34.848354,REX,3.417628
194.5601301501755,27.91170244197408,0.02453643697507911,0.0001007946964794294,14.07609,26.658714,39.845703,SER,2.603164
195.0821496715241,28.12153110679758,0.02264459190606622,4.436647949382958e-05,42.829273,83.87211,135.23875,SER,2.324082
193.5487689212823,27.06140295560958,0.02850856200920393,7.947056949753963e-05,10.11207,19.988125,32.871662,REX,1.577553
194.1334994335039,27.05555154378457,0.02045246624034395,1.492385772737219e-05,0,0,0,DUP,0
193.9220625921081,27.25077436891696,0.02366677811698741,2.781950155952547e-06,1821.2809,3882.0718,6956.799,SER,6.21501
194.1221719009886,27.29209697004715,0.0254115768538755,1.773956016928043e-06,6.425555,8.9158125,7.209459,EXP,1.0806081
194.8582151509328,27.97470522757196,0.02428853181529932,3.279331861534143e-05,19.099354,42.556076,77.01169,REX,0.76058275
194.0082252631958,26.9208188290542,0.0190464193854321,4.514470154411908e-05,53.88,100.10633,151.6303,REX,3.426874
194.4686935768755,27.96015193103696,0.02496710716218797,4.817135731437845e-05,34.055084,62.745087,91.38191,SER,2.9570708
194.8720557457605,27.94237125829738,0.01885007920399844,2.288338823918923e-05,19.928974,45.5265,74.31254,SER,0.8919023
194.646677141703,27.59637980033917,0.02563544456466092,7.452878239043298e-06,2435.2917,4322.4985,6943.6436,SER,4.0378804
195.1161935335912,27.98792203146821,0.03178058830834698,6.435451726435708e-05,9.742184,18.328741,27.575169,SER,2.119651
194.2773052655623,28.29664858924108,0.02265708381859945,0.0001025298238435851,88.415596,165.47313,252.80734,SER,6.7107425
194.1952070636332,28.35939340280109,0.02340685221261173,3.666345189344356e-05,39.28391,75.4913,116.699554,SER,3.2616844
194.9446389772021,28.00016002566644,0.02066764797833867,5.574886964777698e-05,36.321884,69.91591,104.806755,REX,3.1005054
195.4055307510082,28.01576874083538,0.02383719343337434,2.667826197479348e-05,63.709595,125.990974,206.65904,SER,2.7363403
195.5596364132064,28.35262542551013,0.02885472650741145,1.383045989637272e-05,576.37885,1134.3125,1888.6139,SER,11.6149845
194.3455020071926,27.49298277629942,0.02757370156204944,1.166554170654256e-05,98.87532,187.99393,334.3321,PSF,0
194.3868439127689,27.61034111010054,0.02018539779858554,6.897992829998718e-06,2044.7306,4381.406,8001.4097,SER,6.292734
194.5725270827447,28.04008293579869,0.0206386098284759,2.375788728002394e-05,90.57567,178.74258,286.99228,REX,2.1876903
194.9840191995963,27.74641467532343,0.02975020682753998,6.583907603596657e-06,201.46846,283.11572,361.8016,SER,4.787626
194.75026188168,27.96748695909988,0.02780724075815649,2.152134212366387e-05,0,0,0,DUP,0
195.4592635865505,27.89356997164017,0.02524424662614795,6.845235720410897e-06,848.7173,1783.9706,3231.1865,SER,4.6900773
194.3774386161642,27.54306899917338,0.02550556976622703,2.178228127364999e-05,93.42509,193.64194,331.47897,SER,1.8756304
194.109005571749,27.7868522671257,0.02393103930956643,5.306206012501994e-05,14.848189,28.079313,41.55201,REX,1.4945935
194.8755887634463,28.12551910144875,0.025369514431142,7.411508609898427e-05,7.4754715,15.52198,27.406721,REX,0.39514807
196.2082332261393,28.60100062690639,0.02211514257085233,1.136859596370089e-05,11.17988,15.9959,21.210789,SER,0.8014496
194.3801459779127,28.01846205151712,0.02354321486033966,3.12064565681283e-05,87.65567,163.06479,249.39688,SER,6.756938
195.1828021101172,28.41633657931621,0.02098592488269213,1.55981135457489e-05,171.60411,344.68225,556.0881,SER,3.1229856
195.4674036303932,27.75335849445534,0.02184353179873311,7.438017948038859e-05,33.943657,63.611652,96.940025,SER,3.0015626
194.3684809461847,28.17639972591631,0.0272607350160657,1.167053872376576e-05,760.2594,1632.5576,2888.8674,SER,7.816222
196.1306264788224,28.30189821160967,0.0262686788566955,7.485426833217096e-07,78.87663,98.94507,110.91226,SER,1.4527751
195.8801157164166,28.69146691207684,0.02248323640193564,2.344286234909861e-06,7.8125844,7.438614,6.8942747,DEV,1.4522547
194.1892995394018,27.7773302122808,0.02121308705866977,6.742540080084828e-05,10.708137,20.062716,29.167168,EXP,2.3035793
194.8687918117964,28.01928314897227,0.01993323185741333,5.957894779886938e-05,27.612883,53.48851,81.762764,REX,1.9977794
194.8837446587166,27.92107653588898,0.0236392987342039,9.785295733043685e-05,58.192436,113.02915,175.95883,SER,4.7034307
194.826185499767,26.88988904340058,0.01823848477184338,3.258817268899447e-05,74.24015,139.27748,212.69164,SER,4.604449
195.2679792416944,28.47232089069044,0.02309000134315964,0.0001378474069283128,29.434614,55.830643,82.44782,SER,2.7492354
194.6251270687072,28.42665272858747,0.02199256119076544,7.909954730603685e-05,55.20169,102.99795,153.62303,SER,11.099397
195.288514014792,27.81832390105894,0.01985040469903434,1.796724995495574e-05,0,0,0,DUP,0
195.3243897453953,28.09707761791504,0.02678675115251416,2.533438263545461e-05,67.45408,131.5847,212.56688,SER,4.2393956
194.4494626577246,27.76942880244299,0.0193431951815599,2.102132227729896e-05,161.97691,321.0448,530.7043,SER,3.2125952
195.1584281368225,28.05634497590115,0.02623558844554523,1.901828678059478e-06,24.813137,26.701204,22.763569,SER,1.32339
195.4899883027374,28.00584460375691,0.02584281865462414,1.962361302953894e-05,0,0,0,DUP,0
194.4113376466614,27.45523385002859,0.02558859808433257,3.167854302443073e-05,39.829758,74.986374,112.42838,SER,3.2227361
194.5146923591167,27.68248050996456,0.0241275997693805,1.290842084154382e-05,117.64753,250.01042,435.09464,SER,2.6437373
195.1218182143507,27.51481772290019,0.02468663864929456,1.722931099533541e-05,454.81512,622.33405,789.359,SER,4.462488
195.0375475673923,27.86104533453696,0.01717612587113678,0.0001262279981253935,26.23268,37.860878,44.68387,SER,2.5744727
195.0779607910963,27.92018427386685,0.0219573316822726,4.481845094719919e-05,10.964825,20.553394,30.645834,REX,1.6896851
195.4930750881849,28.67531240479836,0.02369519639947713,5.513457606920265e-05,26.401052,48.853367,75.91728,SER,2.7288177
195.1843187104738,28.33731437109884,0.02645331426576303,9.512173739472438e-06,0,0,0,DUP,0
194.2451394872623,28.56231713502726,0.02305665861431113,4.833015794994679e-05,15.757206,29.741825,44.540474,REX,1.5578496
194.1751144696682,27.06099347465095,0.02496573290844753,6.20409193192674e-05,17.384851,32.766872,49.926964,SER,1.838108
194.6329325546332,28.04959573602116,0.0190821685562886,9.37165770272583e-06,301.97064,619.94196,1067.1519,SER,2.1811185
193.5813791218635,28.09126442151873,0.02250207027766481,2.326734196235681e-05,431.78333,846.6385,1374.7861,SER,8.078619
195.0164973588335,26.90498402281988,0.02048206533641813,5.885042687741227e-05,0,0,0,,0
194.0492224583093,28.91684098821199,0.02341059986427609,1.067504380642518e-06,25.266653,38.71795,49.548817,SER,1.5455894
195.2255206789252,27.78372454356097,0.02781849813943617,2.055797114826426e-05,0,0,0,DUP,0
194.2182453229419,28.18806003808961,0.0220163223376689,7.624856893394587e-05,60.003166,112.04301,167.11708,REX,4.933394
195.1165672591854,27.9559843962514,0.02341463008400163,7.315031652155899e-06,529.3658,1104.0315,1985.0884,SER,4.7442813
195.0440401641,27.19444489457178,0.02480649825283918,8.763798194248448e-05,43.222713,67.93313,91.42985,EXP,3.3349175
195.9744467896211,28.44075819177025,0.01718083505170885,9.905138755855883e-06,24.670683,32.233253,38.367805,EXP,1.7307825
193.0692975199365,27.52999384873636,0.01819044103440424,1.465286769668938e-06,7.7362943,9.385977,8.248674,REX,0.6773715
193.9016051038569,27.93174206095403,0.02111908459607549,6.094848887234932e-05,23.00902,43.5643,65.49363,SER,2.583403
195.9056096912867,28.4040003819944,0.0281500359103013,3.981252828754601e-05,20.977005,39.280663,57.660847,EXP,3.466215
194.8908222352122,27.80310499636461,0.02088642073745026,8.683784651557283e-05,33.752617,66.25872,103.11189,SER,3.6392539
195.4825985644943,29.32353492912275,0.02382573581482265,2.027144266472441e-05,2.6924915,6.091942,9.307906,REX,0.28846663
192.8137881071041,27.56241867375062,0.02645709027645804,1.215256635637418e-05,173.56366,320.4411,487.2885,SER,8.913402
195.4189335927372,27.54896740245677,0.02182128563538353,5.338508392393392e-05,64.445595,120.60263,184.21765,SER,7.4197483
194.1681650472141,28.21768260991838,0.02772939311099027,3.17889768487038e-06,102.41655,158.80664,213.14407,SER,3.7217302
194.6260694128864,28.85888388064104,0.02672645227750111,1.963789017292653e-05,0,0,0,DUP,0
193.4724478223995,27.37743186295621,0.02489640301832755,0.0001913677114339484,5.912667,9.656406,12.293799,REX,1.6227249
195.2187816739439,27.80499475966361,0.02292403018792041,3.896546104334172e-05,51.135296,99.435036,157.57031,SER,3.0804303
194.9466423447724,27.72808455974717,0.02768333228763376,5.319087687483428e-05,11.904156,21.884731,32.789776,REX,1.6654015
195.3336905641427,26.88674457191314,0.02703231841731281,4.95594903115836e-05,93.36414,159.32736,222.56102,SER,3.002588
194.1975400767784,27.29227447910496,0.02616266084221497,2.34301259893265e-05,212.5224,397.72128,620.76074,DEV,13.359217
194.4049988200645,28.04033500156325,0.02155699724756799,4.882514184910086e-05,115.79027,219.57771,338.1195,SER,6.109415
194.6807538351169,28.89185233824675,0.02730099889798518,2.520981647114662e-05,30.067354,53.208538,75.30294,SER,2.7072182
195.5184100025161,28.89459143846699,0.02713303225962365,8.758922739096305e-06,810.9351,1711.629,3043.9734,SER,8.083546
194.8461474850702,27.81444504960491,0.01840696869476843,7.302699171225315e-05,10.729706,19.522593,28.355587,REX,1.3643314
194.1185670864018,28.08253469317035,0.02325838085329691,1.941599306052126e-05,197.55573,387.45285,626.08606,SER,3.9574804
194.8561928889852,27.97321333770513,0.02041483484976058,1.133728159454644e-05,425.6541,895.9763,1588.9991,SER,3.8828359
193.9175465424579,28.0166313538173,0.0229877499456684,3.568666475632274e-05,40.105938,77.564445,119.680504,SER,5.285299
194.410843520477,29.04357113447299,0.02328828623541441,1.87845976869638e-05,13.197818,15.883526,17.91086,SER,3.8545263
196.0546761449061,28.54245534726976,0.02708068201843795,2.63173591243933e-06,110.33097,131.27512,143.9205,SER,6.346787
194.5844812245982,26.92064229231608,0.02309281734409352,1.181840031671905e-05,87.2108,145.59558,202.93573,SER,2.6882963
195.1303319739693,28.95048513290432,0.02333932159665736,3.634192218987481e-06,143.79573,231.2347,327.34708,SER,10.8944645
195.3156215565556,27.66827377015949,0.02376197234251142,8.63200611465e-05,0,0,0,,0
194.0512081148543,28.79199449489873,0.02370131253044613,7.15697457265364e-05,45.33981,73.9452,98.40924,SER,4.8265915
194.7535854788721,28.60857555460895,0.02035600025642876,3.785463105037222e-05,36.749317,62.2426,86.91619,SER,3.7074723
193.4057693518795,27.61515770861756,0.02359456619801085,5.550935524356921e-06,776.9019,1655.9191,2946.0083,SER,4.00454
194.9774405728782,26.81873918650383,0.02686332126121395,0.0001226786291646796,0,0,0,,0
194.690082172496,28.69240046542055,0.02280452024877056,7.694648731782755e-06,102.9429,128.22557,142.83989,SER,6.3171706
193.3712019680544,26.49415348343634,0.02083912205790659,7.243451754889563e-07,26.61363,31.724773,35.215523,SER,2.0446582
194.6548424062426,27.17482103713446,0.02580875001278564,1.74242225835472e-06,0,0,0,,0
194.6336266301967,27.45634806009669,0.02345172187302767,1.236058188268846e-05,505.1168,1058.8385,1831.0094,SER,4.6213083
196.4702387111306,28.11397759481197,0.0243439354399443,4.51027438317598e-05,45.921783,74.24964,105.141396,SER,9.601727
194.5759641818921,29.12885195769563,0.02639470899723765,7.782573208258819e-06,0,0,0,DUP,0
194.5904694343208,28.14873335455001,0.02633917069980283,1.257473827554162e-05,683.0874,1435.7439,2542.7144,SER,4.5714545
194.3238527626679,28.43882989490193,0.02312643668002512,3.044976957467608e-05,47.755226,93.13973,150.04411,SER,2.9814477
195.3233625783688,27.80908316239688,0.02438518136123362,5.042536034355261e-06,1750.5187,3679.4243,6579.7905,SER,7.0210304
196.3120294256964,27.97429761401412,0.02470100419567642,4.665781811587508e-05,7.549695,12.10792,15.428263,EXP,1.8678285
195.7551290943823,28.90233596392555,0.02298861932879127,4.096868221448964e-05,12.152843,22.41613,32.81983,SER,2.190174
194.7349072216259,27.8035740506704,0.02630201596147843,5.149289510636507e-05,46.870953,91.261116,142.86545,SER,3.410373
195.5327926893799,27.64821979448859,0.02304255442384461,1.038923700599999e-06,0,0,0,DUP,0
195.6729128037374,27.74699433551159,0.01729200407577374,0.0002082731942007896,18.98018,31.219639,44.04393,SER,4.2961264
194.0901774819408,27.64583881588537,0.02124846210575109,5.355964739465882e-05,36.275684,70.19012,110.032646,SER,2.9165127
194.4423335703932,27.7570765553721,0.02050779611379625,1.600437172540898e-05,0,0,0,DUP,0
195.0266791429797,28.00417835792741,0.0242609444597529,1.874340998194057e-05,0,0,0,DUP,0
194.6346209888401,28.37798698179888,0.01963340806442938,4.204201571015604e-05,109.03434,156.71921,202.48112,SER,6.4905915
194.8719844430634,27.80692646408139,0.02305320781628065,6.266526767936169e-05,32.68805,62.970318,96.39843,REX,1.9381813
196.4894713618229,28.63745016407263,0.0222439748962547,4.399240047279346e-06,9.965284,15.342484,19.485992,REX,0.81357044
194.1439237306745,27.2295112062456,0.02376547708413589,1.838683865668215e-05,0,0,0,,0
195.8177166395325,28.03027772283045,0.02038555570283685,9.117486250736911e-06,1315.8485,2544.7014,4418.5146,SER,10.641198
195.1831843547153,27.30474874962798,0.02456257655957475,6.57261223565225e-05,8.525725,15.715105,21.369795,EXP,1.697349
194.4005234069562,27.48484853554315,0.02414883805385899,1.56391240313446e-05,0,0,0,DUP,0
195.2138230470833,27.68917215639081,0.02684549802582045,3.190854000088725e-05,37.87033,71.05307,106.339165,SER,2.6670797
193.8122158454747,27.74799063013943,0.01604974434152254,1.353147411023853e-05,20.542515,25.366228,28.268341,SER,3.831146
194.7171051098344,27.7850616190005,0.01896313095567679,1.134480289522298e-05,769.31433,1597.2972,2762.5813,SER,3.8764167
196.4714548593763,27.79571770785822,0.0260166338005171,1.784277273473735e-05,114.808945,226.8543,371.01184,SER,4.073231
194.6295918617448,26.99479010318531,0.02480511950809344,3.735992891241096e-06,0.75922936,0.74028045,1.0288113,REX,0.24969101
194.4609885184502,27.8794911322457,0.02318916591509329,1.034422325203214e-05,425.37192,901.3378,1593.9575,SER,4.481391
194.7323312920531,27.83406512974989,0.02514564891706028,7.355125467358263e-05,32.435307,58.487064,102.48635,REX,7.3028426
195.6449877414086,27.94904936637474,0.01934113538661568,1.594416358890837e-05,659.0304,1293.1096,2120.2725,SER,11.69092
195.2909111661495,29.06604625945726,0.02807424092802433,2.479223290278429e-06,50.038425,61.828453,65.25743,SER,4.317181
192.9546912404207,27.77362670364599,0.02255677654545706,1.231683289926964e-05,10.287588,15.020574,18.683113,SER,1.8180044
194.456861141909,28.17254725890699,0.02307701828369831,9.047223559276692e-06,0.6467663,0.7135011,0.8692185,REX,0.38252664
195.2517667651595,29.67904465718231,0.02169914934762163,5.724028001791835e-05,28.537315,52.452946,76.29308,SER,1.7834157
196.0198313389832,27.85049355807719,0.02129339027441167,1.712925873191156e-05,161.23994,304.97116,507.02698,SER,4.7193274
195.4307116384712,29.04471501753117,0.02376909641053368,9.298128646863119e-06,0,0,0,DUP,0
194.2881835922267,27.02949637182145,0.02284472426012085,1.602608357774687e-05,19.643492,31.544714,41.88512,SER,3.1038709
194.4915780113575,27.35079861269207,0.02895084564129959,1.395284547315245e-05,31.467903,59.715015,89.2513,SER,1.6324145
194.0461471122217,28.16466156880625,0.02954217030441659,5.733562919976582e-06,0,0,0,,0
194.9018408326766,27.95985679831841,0.02398954967957095,3.7440332972495e-05,0,0,0,,0
194.3717041889651,27.60861921211939,0.02900191352644627,5.322866299785685e-05,9.34295,17.41568,25.836678,SER,1.3892349
195.124762085632,27.77027169139785,0.02798638214666718,4.935094881149388e-05,50.68746,98.11027,153.07713,SER,3.3794835
195.6433029966261,27.43494321419742,0.01784399427809898,5.653962215653976e-05,13.884351,22.398052,29.529663,EXP,2.2897558
195.4000858896402,28.15105591102182,0.019403533960621,5.310580763138255e-05,25.575668,46.802143,70.13136,SER,1.4716741
194.4445721922352,28.05189414685838,0.02192473371257393,8.519841188832766e-05,4.2044387,7.580102,10.572917,REX,0.87018406
194.834268568608,28.19791969456547,0.03157500500789823,1.399653326700329e-05,319.53848,667.32983,1142.5032,SER,5.133354
194.5910232835276,27.96779040247541,0.02004023034086697,1.391032647132776e-05,0,0,0,DUP,0
194.8458092889795,27.91164617015907,0.02288799644830562,1.355820891393088e-05,0,0,0,,0
194.2911494404159,28.31152558242083,0.02622326096192749,3.672898493365503e-05,12.849336,23.95124,35.51789,SER,3.2158532
193.5411558050894,26.43511233606786,0.02143877240760272,1.104483431208894e-06,50.37812,71.0315,88.40949,SER,2.756128
193.6258524983547,28.11086526241602,0.02341796499318566,8.240177183229549e-05,13.4496355,23.047361,32.91956,EXP,3.064607
193.8298320307813,28.15926058634999,0.02044167740453251,3.574758464667468e-05,9.011945,17.174051,26.41102,REX,1.189926
195.5181168744432,27.69956680973014,0.02338366022680061,2.678288439567297e-05,82.93014,157.29768,252.33932,SER,3.6269603
195.1272847021245,28.95186958977154,0.02299242353226837,1.322652258020044e-05,0,0,0,,0
193.1983721626877,27.46843750724673,0.02507900446359282,3.315713536238906e-05,15.200355,28.854868,43.60859,REX,1.583738
195.0195642633515,27.98345924962099,0.02131435301316796,7.202405849360511e-05,0,0,0,,0
193.2335642841783,27.84016738476405,0.02140919223023835,5.517026359976519e-05,44.00025,85.14672,132.52412,SER,4.652172
194.3440792002204,27.75080129756132,0.02145975046667575,4.635283885435014e-05,19.387589,36.542618,58.546574,REX,2.7695522
195.1563762358265,28.06012768724026,0.02537465464081301,2.924985342755341e-05,0,0,0,,0
194.1532692239043,27.21334815646798,0.02531479686770278,3.838777327343373e-05,34.52834,65.41599,98.37184,REX,3.404076
194.7209813301536,27.88598981693089,0.02185443847234265,5.198498162644682e-05,28.564259,57.936604,96.75119,REX,1.9539807
194.3544277507161,28.49589362430841,0.02387625372727417,7.33555501250926e-05,136.61696,254.61717,388.7381,SER,8.8448
194.6160064542773,28.97417056497044,0.02384010649529584,6.272747365632328e-06,470.55112,972.9188,1665.0564,SER,3.4578867
195.4962303526668,29.05517917589181,0.02423121382714171,1.091539656797958e-05,29.651846,46.326054,60.363895,SER,3.4124517
193.2232556058142,28.37124109279084,0.02358051876318454,4.875098159541608e-06,1997.5319,4256.5776,8089.9097,SER,12.725184
194.2700742699664,26.30250225281068,0.0217765515514534,3.62880916216172e-05,72.6787,120.28843,167.57594,SER,3.883347
195.5927419325965,28.13533505669965,0.02014366459564449,3.676823331766013e-05,15.884488,30.134712,46.93241,REX,1.2888261
193.8363483539381,26.79910990281713,0.02260835974877808,7.04169623801013e-06,1.3828475,1.584269,1.8485628,EXP,0.74279386
194.9152558896385,27.95395032634172,0.02685068464196328,1.038280797244464e-05,333.0484,692.43506,1232.3705,SER,4.0232267
194.7981462813527,28.00926371508508,0.02303763086164904,2.763383422287442e-05,97.07916,200.38908,333.49176,SER,2.8213222
194.355514667202,28.73982236336534,0.0217617322888936,1.478394212753436e-05,51.29671,61.120922,68.91553,SER,2.5102947
195.4807635382667,29.32297365362354,0.02408219527598529,6.572542589882642e-05,12.335034,22.832586,34.376488,REX,3.47575
196.113773385167,27.84463594526796,0.02075181136012885,1.891910690944541e-05,30.238344,55.886448,86.92306,REX,1.3115029
194.2069201309175,27.09390727990576,0.02315434967044395,1.14339459192892e-05,746.6528,1683.2761,3206.583,SER,9.910919
193.346182455062,27.91908929290838,0.02792540616398263,2.218541416547295e-06,40.091137,69.195045,100.16266,SER,4.619318
195.8660691530303,29.45471469055371,0.02346120113893332,8.817754698255434e-05,31.265654,57.68513,82.883484,SER,4.367811
194.0080801948142,27.66464607153088,0.02074231397837527,4.522748677562509e-05,62.75699,110.60154,160.7602,SER,4.754732
194.7997254202053,27.99787410737785,0.02352295706225292,5.280001145952719e-05,13.595726,25.837856,38.333225,SER,1.7879978
194.0695277810944,27.44596210648851,0.02139283181716212,1.132875699241206e-05,550.25073,1158.8729,2017.8861,SER,5.741569
195.0495433700876,29.56012670888073,0.02400481377906149,3.775974641573704e-05,75.14519,113.29488,146.16273,SER,8.391049
194.6075818239666,27.61757182605911,0.02841577689027306,4.615922839892447e-05,9.707089,19.272602,28.79902,REX,1.8443633
195.3498681595499,27.8881859555763,0.01839827654074949,5.3157244926654e-06,106.92287,137.22513,149.43816,SER,12.576
193.845698801694,28.46680702782509,0.02378890309317731,5.912243923574762e-05,9.873472,17.685913,30.232048,SER,3.5984185
194.677221810168,27.45830728298213,0.0285157198309092,0.0001650085846115731,3.3082347,5.7617545,7.8975124,REX,0.8118149
194.7025131073423,27.69997468347277,0.02348794587126079,7.921390124922716e-05,19.157225,35.946987,54.042248,REX,2.4943676
195.4535660021306,28.17194152466022,0.02540850705773757,3.378350101605171e-05,133.89049,262.07095,419.7442,SER,4.6412487
195.8026517327883,28.17248252869722,0.0243037278841,1.148744154537736e-05,196.70934,379.29156,606.98236,SER,6.354429
194.2117193159331,27.62787036119813,0.02699262021972776,2.859268341348907e-05,75.818634,141.5445,213.03868,REX,2.167894
194.4626789580523,28.46273330524066,0.02037104437217161,6.001633373655881e-05,26.82967,50.36035,73.829895,EXP,3.754906
193.8371932870957,27.66916890269794,0.02379967177047167,1.290377217198286e-05,68.9304,137.00548,224.76463,SER,3.047389
194.0254114123926,27.67744177975051,0.01624737503269894,2.016173523294417e-07,44.683926,59.606236,49.148193,PSF,0
194.365354383716,27.53709643596413,0.02647394559258462,1.96077370532375e-05,27.715446,52.95979,82.582985,SER,1.8249276
194.919748231049,28.14456812749197,0.02558908419180014,4.502324267207892e-05,53.6651,107.872025,173.58325,SER,2.7710361
196.0955968114966,27.79209546270688,0.01748231807102846,4.866406718340166e-05,20.288063,37.23643,57.04356,REX,1.6039832
195.5492445459868,28.17266279012878,0.02976979145831875,2.565615956818651e-06,384.066,530.3482,702.99835,SER,8.755936
194.4764998563899,27.49061360235162,0.01659454122158096,3.610609208981156e-06,570.7913,1110.8685,1891.8102,DEV,18.634462
194.6600734877181,27.54411148820289,0.01994586049116892,8.911459543411252e-06,372.20114,765.0902,1328.1973,SER,3.307405
194.6063883711058,28.12890438617671,0.02736404135162515,2.441564330591324e-06,259.58652,405.2234,565.8062,SER,5.725481
193.5616790521088,27.76000620405573,0.02875677645624305,3.712484963643195e-06,49.12095,62.78494,72.252815,SER,5.1625905
194.5745629857088,27.84708718773686,0.02525797380675763,7.323114273870573e-05,0,0,0,,0
194.689831360458,27.75388607724341,0.02214140752416534,3.66463513360322e-05,85.67168,165.91089,260.4882,SER,4.56752
194.9158157730126,28.92660086457115,0.02014140745841617,1.959627954002669e-05,0,0,0,DUP,0
193.9893989352213,27.90491725181283,0.0219780797699984,1.814035809457093e-05,246.19588,491.7344,818.4169,SER,5.64021
196.2409862580311,28.56449516148037,0.02407829665189808,3.077350027554694e-05,32.95132,60.962715,92.04208,SER,1.7085874
193.4078087590912,27.7842376005217,0.01708496663528275,9.126411760067827e-06,915.5617,1952.6191,3515.9126,SER,5.2200675
194.9153652731986,27.95428564912272,0.02667342805361854,1.110431855695936e-05,0,0,0,,0
193.2811840334316,28.24299437698707,0.02363548732355315,6.271736230071575e-06,0,0,0,,0
194.4293512390151,26.85239153813093,0.02124385065983835,1.455776131410038e-05,0,0,0,DUP,0
195.03771738657,27.86771417035968,0.01746922113489088,2.800105333228181e-05,0,0,0,,0
193.4807532581589,28.3938596934842,0.02467994291062582,3.850890643944202e-05,139.48553,257.05585,380.75235,SER,13.306696
194.8348329864464,28.12228580111653,0.01509413096492262,5.488562167548285e-05,18.284847,33.99888,49.233265,SER,2.411635
194.5420448495144,26.7767009419451,0.0225872050959219,2.66494612703299e-05,33.422997,65.39467,101.54847,SER,2.6532753
194.8749077983604,27.95670676153713,0.02281816175942003,7.339294928729786e-06,0,0,0,DUP,0
195.0688688295752,27.96756053870316,0.01553659336403406,1.346975979372458e-05,0,0,0,DUP,0
195.307843489885,28.43402664194889,0.02550824591888216,5.537188135885928e-05,47.469177,91.8021,144.774,SER,4.3352194
193.6533959388607,26.93486460517153,0.01983617004296219,1.554098766707922e-05,1137.622,2198.9924,3616.9077,SER,16.46119
193.6559337700625,27.69371388920761,0.02854287751000099,6.356559026993461e-05,0,0,0,,0
193.8440681623844,28.46792389867006,0.02345348833404397,8.17431969462667e-06,1065.1229,2049.7415,3338.8535,SER,9.728776
195.1587266551821,29.0155416191661,0.02490592620395604,5.899033421500346e-06,0,0,0,,0
193.7126513799258,27.06860526665787,0.02719928284169933,9.577112273350461e-05,19.211576,36.287243,53.684227,REX,1.7706089
194.908982946656,27.08829453405043,0.0273928552882422,8.83672018270173e-05,30.378698,49.829807,65.15945,SER,5.8587475
194.1222737231039,27.29059697019115,0.02535797595380299,1.686433640646893e-06,11.158957,15.849951,11.084285,EXP,3.5632
194.9221710369289,27.65981645349678,0.02259007206661783,6.816160258026351e-06,463.2173,948.4984,1632.8445,SER,9.478218
194.7117774106804,28.0070087696304,0.0249294386661505,3.880702513258253e-05,53.63763,104.85701,168.19333,SER,2.7215362
195.8619671234417,28.56449489463036,0.01606934605536192,3.271818231870977e-05,0,0,0,,0
195.0164753524896,26.90502750263797,0.02050649541583642,3.11821059851698e-05,0,0,0,,0
195.1118972832168,27.51561050232624,0.02598630442436815,1.944877122556542e-05,0,0,0,DUP,0
195.3405302041185,28.06529163457897,0.02544372516976871,7.586933868543545e-05,9.778027,20.048923,32.33141,REX,1.6986523
195.0062204068936,27.73125924376266,0.02687943046105077,3.721495571703365e-05,224.12927,419.10153,657.1776,SER,9.0514965
194.8930298842306,28.27711511032119,0.02048617187748801,4.322424486069667e-05,28.118149,52.65088,80.58946,SER,3.3576841
193.037418408177,27.4772934528459,0.01953218869463169,1.693664926216733e-05,0,0,0,DUP,0
195.5344424499856,29.4251351387308,0.02398551185572687,3.906652148719033e-06,6.957918,10.462473,12.112695,EXP,2.932955
194.0065073752576,28.03833280161992,0.01972706546108029,2.612697964861189e-05,493.57788,935.29803,1513.0415,DEV,16.581766
193.4777028553557,28.39368062768819,0.02527767407616346,5.158188402385514e-05,0,0,0,,0
196.1221814784946,28.98742996190748,0.02409659717552122,6.78540784887571e-05,46.41365,82.56129,123.10077,SER,3.6893463
194.9754793601389,26.82115508696242,0.02647042190780497,7.61735716773751e-05,0,0,0,,0
196.2724874208375,27.59381392882885,0.0205512573962785,3.279838486383113e-05,22.284641,38.68702,54.759636,SER,1.846254
195.5139366838,29.15046986602437,0.02685033625977495,4.526176254787338e-05,76.09129,142.43529,215.67697,SER,5.670175
194.3242038446492,27.81090173144724,0.02385309159882922,1.603461230896135e-05,405.39572,673.53973,978.9071,SER,4.1679306
195.0463825706717,28.06525997051846,0.02448054568288308,3.21090247750738e-05,71.59434,143.11168,233.66711,SER,2.6951957
195.3117256964575,28.52440449892685,0.02826074924627444,9.838485145196478e-06,0.8617689,1.0656165,1.6864967,REX,1.0698835
195.4204592170108,28.2490321653418,0.03080872689697409,1.371851142755404e-06,18.130922,18.03033,16.30082,SER,1.322766
194.1580688002773,27.47485054119851,0.02321569558525978,5.66445812797328e-05,26.418062,49.55631,75.652306,REX,2.943358
195.1781881579149,27.97127210317804,0.02128840039889434,5.167474062740612e-06,1453.0714,3132.5283,5774.098,SER,7.370305
194.7359976319624,27.82202448280087,0.02905521002223598,5.095746338333321e-06,126.772766,235.5091,365.92685,SER,3.0176504
195.3588377853432,27.88605351070359,0.01828899973959743,1.498269695370662e-05,0,0,0,DUP,0
193.3688256715114,27.93942207408299,0.0220302367614989,8.31677760971935e-05,9.380654,16.76883,23.085426,REX,2.1171818
194.1497324569953,27.71885639394763,0.02241613074741527,2.749579883401856e-05,127.05546,248.11266,396.22253,SER,4.69422
194.6264265845658,28.28910874133301,0.02552848476021003,7.853363684979584e-05,10.648145,18.69417,26.414963,SER,1.42386
195.1282449735371,28.34639204070366,0.01995253193871813,8.682020712762237e-06,2017.555,4264.8784,7526.6543,SER,11.98799
195.1709604983895,29.02308861386836,0.02368263883931282,8.341426861619712e-06,0,0,0,,0
194.6734633189282,28.18542072087818,0.02677826234084374,4.614496491340335e-05,90.35937,175.8152,281.8559,SER,5.283432
195.0311763373704,27.95809563680947,0.02083492194245354,5.501781300163053e-05,85.991516,166.65494,262.7455,SER,5.873335
195.0583715780676,28.82818340666908,0.02452853582997783,1.231724487597349e-05,0,0,0,DUP,0
194.9764418797514,26.8199186750483,0.02673566706515229,4.066417742267251e-06,309.1171,523.78564,754.6298,SER,4.597225
195.6480156074713,28.74520678491873,0.02041997255031402,1.274963980697727e-05,191.02106,363.00772,589.31604,SER,6.0577426
195.0446755312803,29.4664600042842,0.02293367621957414,2.91129722363968e-05,52.777504,94.58898,134.1865,SER,3.3253303
193.3024908164024,28.00398060869711,0.02016811735512838,2.330568290984834e-05,50.01982,94.94333,143.25072,SER,4.108682
196.2852604748332,27.51282460826943,0.02392626104468612,2.112959991030191e-05,302.4139,573.99786,923.28296,SER,8.42471
195.8751178022542,28.274662141599,0.02140556486052799,2.691485209868454e-05,134.78676,258.36902,415.08466,SER,4.6328745
194.8637688498958,27.78508739944315,0.02197905419861256,3.160113477096315e-05,113.06264,223.84367,362.16858,SER,4.860653
194.6290398623868,28.23364449935972,0.02435704966105391,3.01554837661364e-05,167.77145,329.08688,537.1435,SER,5.7773185
194.4338676144851,29.00249108609685,0.02293208997149408,1.517110239811376e-05,0,0,0,,0
193.0302321505178,27.29976625503307,0.02060395998025353,8.369108791969473e-05,8.988718,16.600946,24.125826,SER,3.5365503
193.8351253210408,26.79984010770855,0.02279243973315267,1.546612203846222e-06,85.73517,136.7418,194.25455,SER,4.849439
194.700450564095,27.51566754168934,0.01610564489496541,9.327995362062506e-05,3.6529355,5.753836,7.008518,EXP,1.4046178
194.4990300228255,27.70941361647729,0.02186486633103706,5.713596602490571e-05,21.855217,39.9902,59.518795,SER,4.8860016
195.1403839038082,27.63772815381098,0.0249832463287759,9.376237946809648e-07,688.14185,959.00116,1216.3698,SER,8.282018
195.967552132458,28.18603710515563,0.0239104123058242,0.0001271771777237998,0,0,0,,0
194.1221948410282,27.29274059223743,0.02541764647921129,2.883033293148574e-06,0,0,0,,0
194.1602722250009,28.08013952389046,0.02684609891482682,5.281025302989716e-05,0,0,0,,0
195.5464073705832,28.4566031124526,0.02058749920284505,2.494355479866524e-05,88.32485,169.96834,275.90945,REX,3.789421
194.1095926581255,27.72728733587584,0.0228263541141821,1.935593063754237e-05,0,0,0,DUP,0
194.1629823001617,27.734961785525,0.02222198501039433,5.100981457447136e-05,34.789837,62.47358,93.77629,SER,3.9554493
194.9042148719146,28.01860009622784,0.0241343570806549,3.579570811112137e-05,41.95168,84.32909,138.40504,SER,1.5490485
195.0104143186104,28.8782380670631,0.0230494565953307,2.30216609505827e-06,18.553593,26.681778,32.65232,SER,1.8912354
194.8215021373753,27.63417119902287,0.01764873980002343,5.942654164359271e-05,32.332928,61.180363,95.06214,SER,3.1124399
194.5463298371242,27.86026987819741,0.02339725669369943,2.002887614419812e-05,45.603035,92.16022,157.97646,REX,1.3807342
195.0651992167151,27.25665275365038,0.02389795496257153,4.686185173666178e-05,49.2047,90.59057,135.8524,SER,4.307892
195.2362429221553,27.79303190485182,0.02665496724247141,3.760177830861082e-06,94.764534,112.29409,112.12324,SER,4.611844
194.8958727741567,27.86305752488639,0.02100928062874802,7.772251468183318e-05,0,0,0,,0
196.0536992067018,28.19358504581457,0.02144610343833504,7.146272886006778e-06,893.4193,1784.5027,3028.3833,SER,2.8287601
194.9993267663847,28.146628257903,0.02520906491903763,7.285089079549261e-05,5.6684566,8.665225,10.957961,EXP,2.343487
194.8576259907794,28.18698451835414,0.02577503361974371,1.986752460167272e-05,152.82669,311.4916,521.00946,SER,2.9117267
194.9906489474836,28.24666203978935,0.02241604851625228,8.617376214550287e-06,2616.2312,5591.3516,10117.449,SER,11.787121
194.3911850558395,28.48223080610799,0.02090294540187309,1.155097359973288e-05,0,0,0,DUP,0
196.3395132847788,28.32872247036677,0.02684614885780652,0.0001102091640111283,3.445694,5.818985,8.19754,EXP,1.102392
195.0679330823988,27.98409324704793,0.02216951259321138,6.061675797795947e-05,5.987205,11.678061,16.864847,REX,1.5975691
195.6203744826848,28.99463304330307,0.02315613487613664,1.611841046116443e-05,0.5391741,0.44833994,0.61027604,REX,0.34454915
192.9989878487859,27.11532512063875,0.0188783010945508,9.49074778174765e-05,42.989975,78.06141,112.285805,SER,6.59991
194.7323714243764,28.35376785750309,0.02111608143827993,5.878596539454044e-05,33.423542,63.790234,99.82416,SER,4.14697
195.0269349334492,29.46120345089718,0.02215330641148105,3.224548036744025e-05,6.899979,13.832801,23.017727,SER,1.2104656
193.2152492551431,27.60856854780017,0.02145810604530373,4.373825934947146e-05,20.214382,36.96479,54.469177,SER,2.7064655
194.9340363250966,28.01307641649499,0.02399641443409727,0.0001274564470801274,19.569784,37.920822,58.139935,SER,2.0181394
193.6338565361807,27.63380204495379,0.02491629713863537,4.704566168936328e-05,0,0,0,,0
193.2197055653658,28.36643438541928,0.0244758909369962,1.860982717733217e-06,0,0,0,,0
193.3859976007658,27.8365498860921,0.01660222066566338,6.859217544228934e-05,5.197954,6.736913,8.252182,EXP,1.8082814
194.4833209399799,27.34348660340961,0.02506580087169469,6.310710937886524e-05,3.0972035,4.702486,6.4392715,EXP,1.246213
194.5923479441319,28.15211470454114,0.02233742654109826,1.614691697243975e-05,526.5519,1088.85,1884.5631,SER,7.9645715
196.5003989339186,28.13220086688609,0.02379077302302103,4.675809448734904e-05,14.289172,26.109842,39.837334,REX,2.214418
193.3477652658815,27.51307215556367,0.02379271742563104,6.418398055437849e-05,46.896503,87.81816,135.22757,SER,4.6257677
194.2133379879942,26.90170926395166,0.02104447050593328,6.143385937048259e-05,0,0,0,,0
194.6147344987633,26.59700871976681,0.0270117842513459,2.057604351003267e-05,5.604567,8.226254,9.864057,EXP,0.8021844
194.7720510129873,27.64433563057423,0.01813381332674819,9.70256990346646e-07,1276.3853,1909.4808,2621.0884,SER,8.857388
195.5589616266027,28.50716466248628,0.02272345602524314,6.138179091084837e-05,54.57569,104.325386,162.62592,SER,8.243034
193.0674137739742,27.53317101230921,0.0184284438903616,1.735661945187487e-06,709.5946,996.76764,1270.2279,SER,11.684219
193.9845534425641,27.60981774069237,0.02275864855359276,2.50976589166342e-05,139.55232,269.42798,426.30753,SER,8.869937
194.0973373050341,27.23352631591197,0.02018828272713662,5.859704984658685e-05,0,0,0,,0
194.4011163781088,28.23337020056353,0.02284039528551273,4.478786949084813e-05,117.59791,223.87212,352.816,SER,8.450369
194.731199125843,27.88749254419357,0.0263241339952586,7.590139410113942e-05,17.511997,27.764975,35.718235,SER,2.1888838
194.5987832999515,28.3289111051567,0.027300147844888,1.341041960718669e-05,92.623886,187.62517,319.31592,REX,1.964737
194.5132488606191,26.91597929504332,0.0273635331107803,1.329453896927925e-05,0,0,0,DUP,0
194.9524643603103,27.98279306918407,0.01786865143609533,7.001114900659571e-05,39.904648,71.24645,99.20262,REX,3.0537198
194.3831431315596,28.47694201110566,0.02263383816700616,9.669585101858387e-06,3997.2454,8603.3955,15539.737,SER,11.001992
194.6849438983652,27.79474285371745,0.02059516541175699,6.505684484633366e-05,17.359482,32.648346,48.786964,SER,2.8300796
196.4535539541312,28.10646806678308,0.02450305680804247,1.193653294466149e-05,316.64496,667.08356,1219.462,SER,1.9888599
193.9220693822867,27.25077852201239,0.02367590973542883,3.56989961710644e-06,0,0,0,DUP,0
195.1476174132079,27.94276895711972,0.02317967628369561,5.609088091013462e-05,78.96566,151.18561,236.60132,SER,4.945459
195.4303390729578,28.29783413559277,0.02566945270445702,3.201360372355491e-05,61.790405,119.13218,191.35493,SER,2.4618843
195.4022066923008,27.70794511324857,0.02641676051527555,2.071213424718551e-05,127.55438,243.17966,391.03424,SER,4.4169354
194.2601952776556,27.44570779438274,0.02185175432997245,7.02159066080091e-05,17.985008,33.4496,46.15216,SER,4.903836
196.0739007702534,28.00970031246072,0.02357996117814897,2.103958046561092e-06,40.974968,61.38053,79.32889,SER,3.77953
196.0531310359718,28.21928858402327,0.02276130246885458,6.950462797556013e-05,9.677813,16.247133,23.042625,SER,2.601849
193.8802120553114,27.18434813731461,0.02318037555684564,2.877751366713662e-05,15.956327,30.87035,47.597984,REX,2.278641
194.997782151146,27.94059203795203,0.02039390179813235,6.96045717705862e-05,68.2131,133.31174,214.9159,REX,3.3315446
194.5384824518331,26.66425197902727,0.02432851580881633,2.966033740648934e-06,196.61429,302.48087,411.57916,SER,4.451384
194.6128597616676,27.70665810235113,0.0234566904434098,6.27992051084389e-05,43.416153,82.71553,125.804,SER,2.9447005
194.8114366817409,27.77330945624725,0.02716946885532772,6.382467048844305e-05,12.768305,24.256628,33.541183,SER,1.8015399
194.8989431907398,27.96185769833258,0.02406593791845716,3.024779230655743e-05,0,0,0,,0
196.3374125580248,28.52308319927905,0.02324073030022731,6.811889377977641e-05,20.64703,37.198303,52.907803,SER,3.094515
194.1976422572818,27.79736521390179,0.02367034772390701,5.661069412806184e-05,17.700495,32.826893,48.30939,SER,2.7462647
194.682982176457,28.28265686789152,0.02546160218086291,2.122940331371046e-05,204.60883,406.8254,681.82947,SER,3.1690416
195.7273873731566,28.50498555826222,0.02754358537480875,3.511019664545456e-06,10.37952,11.061185,10.094168,EXP,1.2126375
195.022279588849,27.9413619399591,0.02367359164396486,0.0001405265165361594,14.616255,27.97615,41.678665,SER,1.9072315
195.1429531927649,27.63922886787255,0.02518549075820997,1.388091848636601e-05,0,0,0,,0
193.9344651305339,27.71662169955026,0.02388072550844928,1.844521723173491e-05,123.47483,255.7939,443.36127,SER,2.2291715
195.6588062009303,27.99884022714549,0.02696525459968568,4.49543604129266e-05,12.206823,21.86946,30.177134,SER,4.1847196
194.142395281531,27.68735660951159,0.02300040304536057,1.160943737149466e-05,151.06003,316.53918,539.46796,SER,3.6260688
194.4863588432024,27.44261535249511,0.02568965760853965,1.719948199240554e-06,83.49293,127.00775,163.33948,SER,4.1631
194.0796228728173,27.65621452657042,0.02769955533741621,2.475799719992927e-05,10.028045,16.270905,22.163445,SER,3.0459828
195.0853214736942,27.80477752473664,0.01996677382834848,7.02351633351435e-05,29.52185,53.11828,76.380356,SER,3.7838476
195.1184061332397,27.76124231953737,0.02307819823933308,0.0001136060156609913,37.004757,71.08806,106.12056,SER,9.547586
195.8630627795683,27.24492179586273,0.0226027216135283,4.431308695963252e-05,40.813637,76.70395,113.620285,SER,3.7040205
194.1122702418171,27.67559551879716,0.02415723195527223,5.137416173735765e-05,11.973047,22.85177,33.62319,SER,1.9585664
194.2704484293354,27.67738759290774,0.02607169169036253,1.760156598095157e-05,63.14276,120.796265,188.61963,SER,4.4001036
194.2840748317649,27.80211287018908,0.02229922167334173,5.828751279018033e-05,21.85191,44.200344,73.032524,REX,1.7677163
194.3011869021328,28.09535386917254,0.0196368833207019,4.459481572751866e-05,55.737587,104.07428,156.82318,SER,4.5847616
194.0795936852953,27.65622021656862,0.02769006539244135,1.561230964668296e-05,10.028045,16.270905,22.163445,SER,3.0459828
194.7017425966997,27.96387421508822,0.02650712484699197,6.800109390969063e-05,11.972427,23.026217,35.79429,SER,2.6885202
195.0797837655223,28.19337415483915,0.02777484730109674,5.677401004517163e-05,0,0,0,,0
193.8436686389582,28.46740200777528,0.02356488809244513,2.166263528955036e-05,27.783094,52.333076,73.48542,EXP,8.553948
194.4855030067229,27.38227726328679,0.01747235535241646,4.120699445702093e-05,106.057724,207.20952,331.86783,REX,3.1115015
194.221426274665,27.92950781540971,0.02047916564017515,7.15082453353732e-06,445.42572,950.2206,1714.8945,SER,1.877535
194.7504264982416,29.41674123478342,0.02443968244977914,1.214193017295464e-05,0.63202196,0.39563942,0.50849503,REX,0.44987684
195.0261715647709,27.3007011636193,0.02627225758929215,7.819200856772145e-06,392.5722,761.9514,1242.6545,SER,7.7746415
194.5916552490887,27.89228853077446,0.02435928385214066,2.4592104154674e-05,181.39655,373.1104,636.26245,SER,5.449345
194.7673424489415,27.95915241711185,0.02345902385608736,1.100057626322578e-05,207.79514,442.86023,787.7761,SER,2.1678536
195.0182437387685,28.60349948987367,0.022736069465089,2.81953077049159e-05,507.4347,990.25073,1638.3962,SER,10.944679
195.8566347527227,29.1202367546554,0.0253169509360586,1.045389557626659e-05,3.9837012,4.9527764,5.9319224,EXP,1.3104377
193.5792224173157,27.06803781257368,0.02781365988871344,2.70520215484631e-06,5968.879,12903.71,23318.602,SER,16.80952
195.3920176614148,27.90956997182369,0.02148672916314257,4.426218514774705e-05,0,0,0,,0
193.4077957153238,27.78432924770676,0.01712852688625866,1.384618762749233e-05,0,0,0,DUP,0
195.0652627677654,27.4818022816608,0.02015000320354524,0.0001138108372851658,25.297752,46.867825,67.84986,SER,5.127553
196.0332069216513,27.9649230530849,0.01981562741805296,7.082585717394065e-06,624.8272,1213.5321,2023.5707,SER,9.349611
195.8641553246822,28.56432093626228,0.01606688438479466,5.609029576057806e-06,0,0,0,,0
193.4394970030794,27.24967686552793,0.02300114480008627,2.896326081517949e-05,173.25604,344.76315,550.9202,SER,7.076344
194.6380839131032,27.36435172277908,0.02328655371312768,9.809417206916994e-06,666.7631,1356.8889,2285.5693,SER,11.433696
195.8069489556711,27.36908617068738,0.0213089583079204,1.003089469049721e-05,372.61484,756.4372,1263.3829,SER,6.5847735
194.4402803016396,29.13000725594423,0.02491489806165762,5.325430654611925e-05,65.05521,108.14348,151.04712,SER,4.122558
194.3290593046092,26.93762774332587,0.02563109056281394,2.562356330905721e-05,66.4977,128.46652,199.07242,SER,5.520677
194.1132349096467,27.55290606659894,0.02684208424493396,7.772819866342532e-05,4.883097,7.9635935,10.469197,REX,1.3057524
194.9821709200422,28.70135805425649,0.02426229823987965,1.264207924390155e-05,11.868332,18.082802,23.522406,SER,1.6613724
195.497218622456,28.70946888181147,0.02029754549719102,2.746897332383952e-05,64.62098,121.94929,193.01326,SER,2.4715657
194.9083074774447,28.00103867850799,0.01656732049903704,3.025342477193099e-05,128.55357,256.94965,423.94855,SER,4.200425
193.7054464577316,26.99790609007453,0.02518214201187109,5.086533338095011e-05,28.179037,52.800297,78.82891,SER,3.221096
193.7526523775285,27.48193785801636,0.02289444565636868,4.250416265666522e-05,0,0,0,,0
196.443312423874,28.90278465507749,0.01986989427412806,8.568699770678025e-06,3.46938,4.191616,4.3697424,REX,1.4999223
194.3576721848383,27.54615769396126,0.01866709186457961,5.997030541512929e-06,734.58344,1519.3281,2677.457,SER,3.2405736
194.3963085556883,27.19225977013552,0.02110969506048977,8.516440006715094e-05,12.885907,23.80147,31.642567,SER,7.9162774
194.9821056613521,27.91773581324068,0.02220438557183389,3.995609607440797e-05,24.518541,50.29244,82.06116,REX,1.8233212
195.2330639933498,27.8985227466407,0.02002796899620619,3.067568934732047e-05,118.74026,230.51842,374.81302,SER,8.7994585
196.0878510330057,27.84191136329134,0.02336889240540822,5.826798094581539e-05,36.152298,66.96325,101.03726,SER,8.078846
195.0435585187257,28.62524628435521,0.02207454931117567,3.354981333245313e-06,42.220833,67.58997,92.63856,SER,2.8089685
193.9708262637068,27.57262981603397,0.02787238059115682,1.777390164521882e-06,48.333107,70.0686,90.853676,SER,3.2519794
193.376170578319,27.67521380659783,0.01983492280481134,7.594245228415969e-06,208.9345,427.90283,731.0231,SER,2.8951719
195.0842932831351,27.99379963299833,0.02280149730902965,5.509512230323937e-05,13.941548,26.053808,40.038204,REX,1.9843878
195.2692875444686,28.0391388864294,0.02707108435684979,5.486532625412063e-05,10.91954,21.331856,34.061226,REX,1.6562144
195.007644716427,28.43479791704335,0.02697692742926042,1.66811845873688e-05,146.09773,294.34726,470.5652,DEV,6.2627287
193.8296279232818,27.9250777839846,0.02150339427340862,1.902385189280766e-05,65.35135,124.079895,194.71147,SER,3.7674572
193.2812626234928,28.24301128426453,0.02364375367419978,8.771166971233746e-06,0,0,0,,0
193.4646921775392,28.9763947033999,0.02604863267228438,1.403533635356905e-06,0,0,0,,0
194.881669824513,28.10052674490434,0.02473435384129235,5.432475651960575e-05,41.14148,80.73734,128.38806,REX,2.3662934
194.8215094298796,27.54437975094377,0.02135762677715038,5.598134006944818e-05,14.847423,27.669851,41.15579,SER,2.562329
194.7693519314938,27.91097895508984,0.02141578550972115,6.550249468378775e-06,410.80215,858.71277,1499.2489,SER,4.420867
194.7095380445493,28.00964645029133,0.02515413752762983,7.598977760527049e-05,30.806984,58.013973,87.856995,SER,4.116915
195.5522144344843,28.21603260738994,0.02722587166334291,1.098747933589934e-05,0,0,0,,0
194.5548569159156,27.02048418561811,0.02672985878929761,3.304026995937001e-06,17.10614,28.256216,38.93732,EXP,2.2931905
193.9181227157536,27.89220455750463,0.0199416405529324,5.195833495594324e-05,22.240139,41.815018,64.323586,SER,1.9923941
193.944747250097,28.14397405217459,0.02028451133472235,4.369650880920209e-06,505.8794,1019.42035,1719.4436,SER,11.606747
194.3011960132224,28.31628758416178,0.0227976247604707,4.504604895247586e-05,40.3237,73.97157,111.5579,SER,1.6956762
195.2197203199936,27.82569519490641,0.01663997576318037,6.323096740606673e-05,95.82805,175.09473,253.18967,SER,11.427302
194.1808086779616,27.08798733681575,0.01718836957296204,6.485122493912044e-05,33.271023,60.889225,90.34428,EXP,3.68843
194.4005535059288,27.48482528194334,0.02414632182837941,1.273397005289046e-05,497.03796,1065.834,1936.6769,SER,3.4528172
194.8753689478337,27.82601794036382,0.02934326377094414,0.0001078543361271538,30.420425,58.071556,87.599396,SER,3.462086
195.4826719801197,29.32212168146095,0.02372746370765189,2.083684544788153e-05,3.3204827,6.9034576,10.646947,SER,0.5262275
193.9932975534877,28.40736596843841,0.0201117430940449,4.524092812681706e-05,190.99564,362.36728,556.60077,SER,8.348722
194.230758869317,26.9297089750698,0.02284516605588167,7.788236774111631e-06,36.61697,55.317883,68.62477,SER,2.8647199
194.8998531875069,27.80417827222396,0.02163851793179433,0.0001041734107699202,36.99302,70.743484,105.71292,SER,4.456874
195.7484963128474,28.55890859054098,0.01851347995050375,3.918395656951399e-05,23.194191,43.249077,65.49425,SER,2.0503168
194.1128387821826,27.28840129776275,0.02485415991123231,1.384587324991915e-05,0,0,0,,0
194.7409045200955,27.83548874902418,0.02447175187401119,4.030101110646544e-05,0,0,0,,0
195.6465556286639,27.43940889948031,0.01810320199285748,2.55467392825853e-05,314.33243,543.4879,819.8749,DEV,11.407154
194.4820025858555,27.4901148817263,0.02538746015778117,5.236291580260205e-05,22.944353,40.021328,54.5476,SER,4.8208
194.2948076527098,27.40494862970832,0.02069023237067014,7.52617979614244e-06,0,0,0,DUP,0
194.8986505890753,28.55137050265574,0.02534928648030741,5.103226363828831e-06,557.0693,1148.0236,2003.7582,SER,4.301403
194.0114243211906,28.04800785649865,0.02470173428740892,3.150648265521114e-05,134.61891,261.04596,404.93558,SER,4.2763696
195.1429227131066,27.639166385213,0.02517819019575139,1.072527347276821e-05,0,0,0,,0
193.9039354615882,26.91162992858858,0.01978306433032967,4.555490342216796e-05,132.23372,247.98018,376.55157,SER,6.9211483
194.2570799201944,27.37207899032072,0.02338552086260155,1.046088703207243e-05,441.2692,927.79565,1586.7483,SER,5.9320264
195.6356974837814,27.39343944611235,0.018210381317418,2.393726888055437e-06,100.543594,139.24437,171.74356,SER,2.552292
194.548613646272,27.89365259223375,0.01936781967940053,3.720374693499442e-05,44.080456,91.00305,157.34586,SER,2.6219273
194.3448427581825,28.69508366002845,0.02315504890544899,4.950372683396098e-05,12.914002,23.714373,34.83686,SER,2.7166753
194.2740529461043,27.08905973996857,0.02504718792405751,0.0001200564587935746,30.642387,58.08434,89.19695,SER,4.065852
195.719785737457,27.86658815744583,0.02746495405518638,1.133227526617981e-05,0,0,0,DUP,0
194.0853646971204,26.70402169099552,0.02197166062400415,5.115411944281589e-06,212.35425,424.40292,713.41644,SER,2.3142948
193.200299209472,27.07038602431556,0.02633927631366792,5.605740165526251e-05,6.0970545,11.311496,16.279287,SER,1.746193
193.4057310473586,27.61517226148806,0.02361526063270047,1.624333018284299e-05,0,0,0,DUP,0
193.8987908907341,27.7671491353436,0.02233705702878898,2.028850686707305e-05,276.0254,545.9257,897.4152,SER,6.2398343
194.1641664070848,27.80687018035521,0.02076945286159308,8.579999134542048e-05,18.554865,35.39154,54.06258,SER,2.469144
195.3664685563823,28.0595617723871,0.02823973351023984,0.0001011864537152585,17.06742,29.862444,39.97765,SER,4.2453427
194.0268859402638,27.6480592032509,0.02537909537125731,1.640116766318716e-05,366.306,707.8056,1137.2229,SER,5.3093104
194.8328250699794,28.08429979563239,0.01542197024533324,1.250250738395853e-05,2211.3223,4667.2944,8601.679,SER,6.5304418
194.8324506140112,27.97291605103552,0.02438378641625808,5.859843898308442e-05,0,0,0,,0
195.1845667794368,27.7887166329542,0.02647231985762826,9.864461399863428e-05,23.51659,33.301693,41.299995,SER,2.6821811
195.0592312503586,28.45811845225796,0.02621655788007032,6.633669005818535e-05,50.526997,95.7671,146.34317,SER,4.4710937
196.5396776867583,28.06444532102794,0.02573389928046819,2.2833445415028e-05,104.613,185.49576,276.60016,SER,3.3587856
195.4493764652998,29.07503805129459,0.0231118941976991,6.213283941906398e-06,0,0,0,,0
195.55758401324,27.50819042290527,0.02547763020008608,5.507607087151981e-05,13.885495,25.508286,36.09118,SER,2.198766
194.6437860324827,28.00981526329788,0.0217192125639909,0.0002192028838750876,15.620603,23.500612,29.775007,SER,3.5100064
194.8798461206926,27.95525558482693,0.02382640089429089,3.947767713808537e-05,0,0,0,,0
195.0257392535218,28.25280071185504,0.02113767144472825,2.336330718491076e-05,76.37986,112.04123,129.7033,REX,8.648146
194.7957404668998,29.44806983110433,0.02409281791940406,7.158332211534796e-06,18.448023,24.189995,28.287476,EXP,3.121365
193.6030614757863,27.36395158870463,0.02610482773381217,3.109305356690328e-06,226.11858,437.3302,703.90955,SER,5.57411
194.1609244576575,26.87608123295787,0.02328988362017141,9.855934629131865e-05,16.079176,29.684185,45.252995,REX,3.3493278
194.5759340280108,27.84848270667831,0.02533295436673256,3.702554774205818e-05,128.90298,181.21202,227.59492,SER,5.311144
194.8345377507443,27.65059663885037,0.02301710572479431,6.561013224889921e-05,13.953623,26.570768,41.96126,REX,3.475123
194.1328420771631,27.85483656768968,0.0222689450042115,3.571604628115403e-05,16.286715,31.192211,48.400284,REX,1.5798146
194.7929626390662,27.61990580962208,0.01918876772734562,1.841646074659449e-05,0,0,0,DUP,0
195.0614699475492,28.04132844648185,0.01915282941047271,1.452473986031771e-05,0,0,0,DUP,0
194.917258422107,28.63364163741906,0.01777193947993776,3.083916910295143e-06,14.614012,16.309734,12.805051,REX,2.784722
194.9490944771037,28.09792634222312,0.02124549390260939,3.755564955147159e-05,46.352234,91.52013,145.84789,SER,2.3315568
193.1547803561367,27.32518171190451,0.02623208394972899,3.070185270791719e-05,115.50473,228.72954,365.58377,SER,4.634372
193.8925873028838,27.8395566400007,0.02386972031482583,6.6755483859706e-05,0,0,0,,0
195.081752520221,27.33785147205492,0.02089212777627864,6.012713944948403e-05,9.729329,17.824705,25.69035,SER,2.4741971
194.9204743428865,27.80689855124785,0.02165135691028854,7.72354626177286e-05,15.210426,28.569714,41.549763,REX,2.1869628
196.5217261489388,28.78745600689771,0.02314700116292084,5.585999620685284e-05,71.19871,137.70787,215.85207,SER,4.7378516
195.2853315131929,27.84672754515525,0.01952809763935485,5.646966958518635e-05,33.908318,63.645382,96.98819,SER,4.0512996
195.0709710267428,28.06393748292206,0.02055034271879205,1.663765110516808e-05,0,0,0,DUP,0
195.6730258499961,29.5737810047222,0.02273698677979269,7.750432972650472e-05,24.14892,42.69224,59.418003,SER,4.9310293
193.791162611129,27.66125080517717,0.02673705783496909,3.351765380554264e-05,36.695213,68.997475,102.34667,SER,1.6769222
196.205324038385,28.66114115548215,0.02621868961535518,1.558448664360246e-05,180.05066,330.02145,511.94717,SER,5.886816
192.9727894217398,27.97802935131654,0.02316855746135605,5.870788368398339e-06,99.95577,146.50537,185.71935,SER,4.34036
194.9356676205969,28.25651188246066,0.02639843885625666,8.68949378589795e-05,52.246204,97.30508,144.04665,SER,5.7084675
194.4170688785872,27.22512936271901,0.02389555744898948,4.413338339947306e-05,13.702979,26.01482,37.080635,SER,2.4146438
194.3477648650585,27.76627580204811,0.03048899260533196,1.025352430596047e-05,501.3406,1021.98126,1788.3278,DEV,10.620133
195.0995915270053,27.28693952654601,0.02419179528230176,5.169788185796753e-05,48.174652,89.943985,133.44592,SER,4.8912616
194.4557920630747,29.04514308484137,0.022979521887518,3.251371489376077e-06,25.336641,31.469923,36.142178,SER,2.2804556
195.1981565914188,29.0672424909544,0.0248786363111221,6.826446795974703e-05,86.584045,143.37592,197.61208,REX,5.3840446
194.9051206352863,27.8705481748489,0.02118706101455149,6.632314846292187e-05,20.032743,40.496754,65.11389,REX,1.5779057
195.3233362223477,27.80909566795241,0.02437643940993425,1.143821407505745e-05,0,0,0,DUP,0
193.9510524655722,27.51104689124999,0.02408395606903785,5.549382306457967e-05,15.095091,26.548496,37.57871,SER,2.2076085
194.9076523088229,28.22811952885889,0.02034544805927595,5.499313112753973e-05,31.24547,46.45009,58.370937,SER,3.5283813
194.4340387899449,29.00243278335642,0.02293012204379244,2.320084116459672e-05,0,0,0,,0
195.1139490162514,28.00929428555596,0.02103882022225939,5.833777818397672e-05,8.364527,18.19142,32.482597,REX,0.6633687
195.545273355085,28.67410930211308,0.02142040709871578,5.833733114308764e-05,1.0657178,1.0453867,1.3753114,REX,0.7993886
196.5229923064587,28.5929056247893,0.02640870786687448,8.725799513805291e-06,1095.5215,2347.0967,4344.8735,SER,5.8138914
193.815505748995,28.2519482823932,0.02123386459232736,3.854967488119362e-05,46.066322,88.68539,138.81644,SER,4.217189
194.3086323664055,27.25371587883052,0.01747627957896781,2.681861081375224e-05,78.859695,154.71407,247.01346,SER,3.922241
195.4387402218333,28.30055496629951,0.02468773541019261,0.000105747176357304,24.104446,46.164833,73.27633,REX,2.6409917
196.1308759537164,28.91114063684581,0.01997932025673084,2.579747557263262e-05,4.7707443,6.6174235,7.986434,EXP,2.4616954
194.8269126923846,27.51351297913549,0.02012963594451253,3.661401904265494e-05,175.87088,329.49365,525.02203,DEV,14.184101
194.9341990871654,27.95842374235256,0.0230815965484722,1.236124190108635e-05,354.43164,718.63196,1233.6445,SER,4.6973658
196.3315839052791,29.04742292657683,0.01781195034452239,3.182709115534405e-06,16.38802,20.174335,21.61214,SER,1.3869798
194.5936896158883,27.5323957438166,0.01555119260438033,7.113158436067344e-05,26.708391,48.827908,72.04593,SER,4.692415
194.665215244416,27.54190548907892,0.02275688431829467,6.653592387544792e-05,23.613174,44.272587,64.12399,SER,3.521541
192.6190067701066,27.43662451141496,0.02124944468713031,3.652559287870946e-05,8.597974,12.779117,14.447472,PSF,0
193.8333326948714,27.86667939143435,0.02331054174290931,1.635568169111219e-05,566.75336,1140.2122,1901.2856,SER,7.6996245
195.2307638811977,27.79339238553724,0.0261220899625422,2.492304523813611e-06,122.283905,157.32376,161.93788,EXP,7.1264
194.523456326217,28.2424699937331,0.02408434932712847,2.603299577833667e-06,1885.4513,3642.3079,6314.2837,SER,13.661892
196.0422411410051,28.24786608956341,0.01984209871566391,9.520498423503942e-06,1130.0851,2393.4866,4361.174,SER,7.2515693
194.9786141029514,27.79601454672927,0.02752001812541764,1.427886338510982e-05,174.92874,360.32538,600.0386,SER,2.6180742
194.8808798038306,27.90869526884439,0.02453636236151845,5.92588242856215e-05,4.422984,7.9965587,11.876031,REX,1.2288395
196.3231516274644,28.58276849793857,0.02619200739499636,5.548625381112427e-05,95.00529,177.28043,272.73196,SER,7.5641894
196.0943176610908,28.81195757815939,0.02645385266493976,6.20874613872416e-07,21.761982,22.446087,12.855703,PSF,0
194.8302219218947,26.93614868061583,0.02813442293634795,5.442500359798192e-06,0.37518203,0.2658388,0.3346331,PSF,0
195.9601315337889,28.05626712295354,0.02077412130291908,9.083994813108034e-05,0,0,0,,0
195.3305767488248,28.9719459423302,0.02632280370113203,5.10452344445919e-05,31.920681,58.094517,83.326004,SER,3.227157
194.005907174781,27.28978936573153,0.02545042111693946,1.859624813752421e-05,46.34139,91.524506,150.47054,SER,3.12498
194.4747723705631,28.4998353303751,0.02441378830580649,6.709899046885788e-06,486.49908,1011.53064,1748.4512,SER,3.10288
195.0773280164293,28.09712006329607,0.02600507404081826,3.575194273899639e-05,86.902565,172.47714,280.608,SER,4.19077
194.4172417081204,27.54102566053327,0.02431760629903235,4.375704753329523e-05,30.469442,57.898296,88.75489,SER,2.3318765
194.3180907349421,28.28572845796902,0.02387810729319342,5.397178222615737e-05,10.567389,19.568977,27.695631,SER,3.4897757
195.3333411886931,27.96103909465392,0.0262291778588712,3.975974842362807e-05,60.03624,116.7371,183.27515,SER,3.0315108
193.8919814010162,27.84170903049933,0.02337669068595413,1.387047272468237e-05,0,0,0,DUP,0
195.0706703373951,27.90448112233198,0.03028675484338501,6.14695042412643e-05,7.134488,13.157776,18.28643,SER,1.1302593
194.2570872460707,27.372069572777,0.02336739315103516,5.242589464900122e-06,0,0,0,DUP,0
194.4527894947246,28.18043243129154,0.02417103098468583,1.589045486676904e-05,0,0,0,DUP,0
194.7478398189362,27.934523544416,0.01924272060162259,3.277155325111353e-05,106.88464,212.26881,345.7671,SER,4.462265
195.0737338582614,27.95526437878723,0.02307020858462426,1.08183813246203e-05,1820.3041,3875.0105,6954.16,SER,6.007823
196.0915850143153,28.76486473603029,0.01842832632533142,6.679571778966009e-07,33.03528,31.858685,25.43196,DEV,12.1568
193.9220242436901,27.25073681657227,0.02362621448680842,1.39431755864551e-05,0,0,0,DUP,0
195.4628365875384,27.41189834340241,0.02014498220862804,6.002936874950457e-05,63.6363,116.7124,171.30434,SER,10.40563
195.5522418199145,28.2160406303116,0.02722000422488783,5.728961227538791e-06,0,0,0,,0
196.1155133811218,27.30634978782639,0.01863837680738312,3.494083372979785e-06,21.391878,22.627504,21.719395,EXP,4.851438
193.4109257739472,27.78671524355319,0.0167156824379049,5.026113488968546e-06,21.288723,28.557835,33.264526,EXP,1.5368214
194.5146834953215,27.81494156911959,0.02383279946031574,1.584518907899207e-05,0,0,0,DUP,0
194.9801676618436,27.44846743359651,0.02092167714084299,6.443939800116734e-05,39.2085,73.02532,113.02859,SER,5.322056
193.4729272204954,28.18483506561041,0.02600052957426242,1.623532857690241e-05,0,0,0,,0
194.6504253782948,27.87292280928498,0.02366016464082018,6.809600715092839e-05,84.23558,158.45055,246.865,SER,9.347769
194.8476135349595,27.91955071787809,0.02314086878555689,1.364167536553267e-05,39.162685,79.23746,127.64119,PSF,0
194.5486678877379,27.54243962223138,0.02368379096691801,3.967058590384284e-05,45.58101,88.47098,143.71835,SER,4.7377815
194.7401526614508,27.78544097459445,0.02316647126395476,1.123782911541888e-05,285.77374,572.0547,924.7517,SER,6.1224394
196.1931816019087,29.06489120790124,0.01961914277197752,7.116745791452209e-06,8.770608,11.490823,13.423421,REX,0.50387853
194.9255085816909,27.94324828156707,0.0187490068932616,6.161172532602974e-05,18.4954,35.28624,47.606163,SER,3.9907675
194.5759990622699,29.12875783691974,0.02627875572894733,6.796522398062841e-06,1393.9882,2764.2192,4717.0205,SER,17.053335
194.7531766756434,28.83805568937803,0.01818134514555651,1.257687135137826e-05,3.8711662,5.1685166,6.268775,EXP,1.4153446
193.2201480925543,28.36766704758422,0.02439412058354014,1.88002116154623e-06,163.57607,191.1652,203.12816,EXP,5.8688
195.7716713915949,27.78415113158678,0.02561743890618916,1.461451794056668e-05,0,0,0,DUP,0
194.8628568911337,29.7191398532796,0.02453201331933075,3.067104041105435e-06,10.954688,15.741963,19.09938,REX,0.82003474
193.54160582781,28.09247748389663,0.02111904390379954,5.473761624869796e-06,1119.0623,2376.2434,4271.577,SER,8.701816
194.0613421037118,27.50442680723065,0.02515228869015865,6.372944162747053e-05,0,0,0,,0
194.9464939510377,27.71030752871569,0.02809010127118921,5.078312167712129e-06,1296.8019,2664.762,4620.5415,SER,5.441532
194.1335186585003,27.05558283855811,0.02044750454121744,5.564485855353313e-06,640.05035,1277.772,2226.2136,SER,3.1635787
194.2533669563734,26.92115527844713,0.02261661457631059,6.972835867059935e-05,21.179947,36.200943,49.383995,SER,2.318231
194.8618298533402,27.41164964655476,0.01850963335483672,4.407158097535832e-05,23.087297,43.12205,66.01285,REX,1.2754
194.6910107077385,28.54301617992795,0.02136777103376611,8.395165707156532e-07,64.91674,79.80811,85.54833,SER,2.9395611
194.844277738162,27.896890398762,0.01724773254711727,2.214517023501782e-05,0,0,0,DUP,0
194.029213206614,27.24057226405653,0.029465962276855,4.93811076998579e-05,20.666716,38.589493,57.581627,EXP,2.1308503
195.3968735051554,28.14694574095035,0.01763966572370501,2.038260630837172e-05,95.63861,171.71704,261.3386,SER,3.707987
195.2947683323438,27.24646595356384,0.02065195860983796,2.243929201353796e-05,139.56447,262.60452,410.40167,REX,5.064994
194.8676253105872,28.49049459236082,0.02307902788485121,1.269860968996269e-06,29.165384,36.77417,42.028034,REX,1.8449141
195.3825371236202,27.8475123411464,0.01825459693695375,6.624886672808603e-06,2113.7087,4424.996,7972.6353,SER,7.914811
194.2661046836,27.78557471413448,0.02368886662303927,5.903022259157674e-05,10.633627,20.306738,31.29632,REX,1.3337804
195.0973965374378,27.65044082894624,0.02534248653268306,9.532379197474323e-05,55.82182,105.19791,167.33493,SER,8.748685
195.2525614263918,27.90614690758784,0.01926114893459693,2.446768963398224e-05,30.756315,47.06882,61.847443,SER,4.68237
194.6632371483279,29.34224386677561,0.02531630192945704,3.889017888403777e-05,8.315378,14.030026,18.555387,SER,1.6777295
195.8325132727286,28.61724244689023,0.01994072949412263,1.013717121028056e-05,215.12384,428.57645,721.4088,SER,4.9338827
195.433203156568,28.99949478590251,0.02153061538359001,1.465893214989589e-05,596.625,1171.4169,1956.5062,SER,8.465876
195.4719111978247,27.76671542891069,0.02115913603356646,3.392837398910367e-05,24.6998,47.11024,73.54422,REX,1.4138556
194.3405669978996,27.88046642495778,0.0248120224112322,1.374125168137573e-05,0,0,0,DUP,0
195.7476818318946,28.27532417516935,0.02394439990689652,1.166502036557892e-05,120.68611,243.18407,409.7402,SER,1.9474005
192.9324155966068,27.96280964577667,0.02315350827203329,3.840981908360118e-06,0,0,0,DUP,0
195.1857286854633,27.89686542398162,0.02065843132997162,5.829592100154613e-05,19.74456,37.50927,55.750305,SER,4.630101
194.3620386071018,28.70955512000274,0.02601874785202627,6.838622951637523e-05,7.0818186,11.888993,15.998238,SER,1.551224
194.4131252230698,27.79034874813404,0.02613641133748579,6.538205831429288e-05,9.626448,17.782766,27.149075,REX,1.2026492
195.6364584595009,27.29554860487338,0.02538569729210752,1.32026588865458e-05,263.4695,521.6936,860.96594,SER,7.086299
194.5357625831834,28.90389500014505,0.02389385827068051,9.797898551418243e-05,27.229883,45.212364,63.378197,SER,6.2679396
194.6194281525645,27.56134481241378,0.02563512130721494,4.383586617756686e-05,0,0,0,,0
193.0070295962539,27.58710265942017,0.02714427692811044,6.983942901780618e-05,6.330595,12.872338,22.178442,REX,0.24076158
193.210840091381,27.7458578453053,0.02010773327230992,3.717756875173515e-05,72.86254,143.90427,235.1197,REX,3.00138
194.5626654583534,28.12591281888929,0.02487947488881518,1.267937233195959e-05,0,0,0,DUP,0
195.0168706473125,28.00848539250081,0.02145654640303833,6.106322060042537e-05,12.1068945,23.809393,36.63066,REX,1.3785182
196.2835397068103,28.53659634124033,0.02374813521332391,5.038076329162941e-05,20.271358,35.89431,50.781033,SER,4.8477015
195.1188918473122,27.48369578736756,0.02637259619138611,0.0001043981995790202,10.612359,19.394493,27.09864,REX,2.252839
194.9151307963889,27.57810123322015,0.01663810597205361,1.115984295595076e-05,0,0,0,,0
195.2082598209405,28.14836784329158,0.02125208210864224,5.110236758584671e-05,13.052354,24.216496,35.144287,REX,1.0919207
194.4277027616465,29.00510709924375,0.02338846022359741,1.505158688040158e-05,0,0,0,,0
193.8963172792821,27.76832406004288,0.02270169172317453,7.239477656868844e-05,0,0,0,,0
194.82065916975,27.10513889464338,0.02843915477676543,2.278683695342497e-06,0,0,0,,0
194.6317285100797,27.67356716385414,0.0231739258277938,1.37316369762581e-05,0,0,0,DUP,0
194.5853281841037,27.90532601104564,0.02096482528166178,6.849661829745999e-05,10.066009,18.657787,26.997953,REX,1.3649719
195.0296932495968,27.9309756434285,0.026002195019606,3.39230087916206e-05,38.005543,75.430405,118.62751,SER,1.252543
196.5271481355367,28.72735401855973,0.02215593263017191,3.007110565737554e-05,24.010128,32.92085,41.50265,SER,6.3047395
196.5631522526405,28.71233424837419,0.0193938370549928,4.212228980594355e-05,110.5695,192.45963,274.21497,SER,6.643395
194.1478803013358,27.24178024137639,0.01975405071515414,3.4720584772125e-05,32.50642,61.563828,92.96478,SER,3.9521585
195.1778801361921,27.50486560148054,0.01839139045208166,3.687002497662372e-05,7.65981,13.679056,18.998589,REX,1.1010398
195.536101561449,28.38713609386343,0.02523033312737522,8.315995948410053e-06,0,0,0,DUP,0
192.7014475775784,27.87989950659171,0.02375572835706317,4.771660432418525e-05,8.459371,15.509334,22.30055,EXP,1.3464324
194.6317115173317,27.67350902149619,0.02312543333017605,1.198608226347978e-05,304.93094,628.01215,1083.4514,SER,2.4186366
194.2800473930002,29.06271588386675,0.02504253907509374,5.94628187743305e-05,59.192463,105.07638,153.04692,SER,7.021121
195.0960580529838,27.46393281718283,0.02850785962075706,6.733893677230708e-05,8.000752,13.155897,18.825146,EXP,3.0903451
195.145621349565,27.6407503350648,0.02500025927905897,2.448404212654867e-05,0,0,0,,0
193.7364931139082,28.12624511805548,0.02107074219755774,1.408576885389992e-05,179.77768,357.04968,580.3287,SER,5.0866804
195.2893379139275,28.03313712554006,0.0234429394578601,2.044839027492387e-05,201.42345,413.50198,700.67236,SER,2.4238555
195.2002090475362,28.09924596734355,0.0203630943893346,7.06902275323183e-05,19.669254,38.565617,60.557777,REX,2.034575
193.5928285033975,27.08419543938451,0.02820972442163262,1.618723909239207e-05,0,0,0,DUP,0
194.0989443387987,27.2339681540347,0.02018441427040378,3.852296102567418e-05,159.38074,297.47287,464.35068,SER,6.835116
195.0260967532885,27.68530670246399,0.02521025965154729,6.792659019195507e-06,397.9533,814.3351,1427.7888,SER,3.508699
195.1629165300365,28.00991816998313,0.01943073371503915,9.103451892052437e-05,25.25123,38.8005,54.08497,REX,1.8794245
196.5229219592168,28.59298392329108,0.02651791317580636,1.562622803033828e-05,0,0,0,DUP,0
193.917515063476,27.81711071688981,0.02230992698757019,5.060741011421161e-05,31.23914,60.533592,95.06552,SER,1.8714062
194.3749792291131,28.18803391513991,0.02321761762271336,6.379197339809573e-06,1251.2054,2589.4717,4575.3433,SER,11.329583
194.199195773954,27.13119626195236,0.02575241069780668,7.694549303365347e-05,17.994606,33.874805,49.34596,EXP,3.1555817
195.2484323670647,27.79516118365679,0.02946284146091682,8.00451064164436e-05,39.516594,76.61809,119.34036,SER,2.714853
194.5649263926723,27.08719665631014,0.02572694893059956,5.145119718733946e-05,149.89828,282.77478,439.0228,SER,7.8070745
194.7332943702388,27.83338312234574,0.02495525761190105,1.085349484980788e-05,1265.1155,2456.9978,4295.7617,SER,11.853065
195.8242052369019,28.02893789781844,0.02084702931423646,2.900501793878243e-05,0,0,0,,0
194.4607000461548,27.64375524409137,0.02273009926930393,3.392735998242414e-05,86.406815,167.14738,266.7805,SER,2.7146575
194.5294941601477,26.78713206195396,0.02401569202074405,2.430358391909673e-06,119.48589,234.99966,390.65247,SER,1.3019308
194.7030208050602,27.81049672894634,0.01979913243889465,9.058305118796963e-06,1353.6791,2865.1545,5108.9053,SER,5.108002
195.0568109953549,27.86721452213501,0.02470906513734335,2.040443671364233e-05,195.06067,399.28085,669.8637,SER,9.598004
195.3651461275347,27.89358564443175,0.01852511673570304,7.023301632105421e-06,26.633741,44.884804,52.784557,REX,5.4496
194.5103453490849,27.80721009984582,0.01886474705949367,4.470933653180777e-05,40.3048,77.24134,120.55315,SER,2.5434194
194.8966517364685,27.93482428929413,0.01506483779996905,3.007128340107239e-05,42.176666,80.80147,123.106705,REX,2.17361
194.2358799225442,29.42372269933482,0.02630391284425441,4.563630334780248e-05,55.195847,98.21659,138.72166,SER,6.8915887
193.5792357182831,27.06804203012847,0.02783245498974798,6.587510419681872e-06,5968.879,12903.71,23318.602,SER,16.80952
193.6543194675121,27.31754995821069,0.0250495281701532,3.235088045720211e-05,49.857334,97.99782,157.0552,SER,2.4133897
195.1152641219821,27.62521890265739,0.01965849637354178,2.545688773790762e-05,119.56341,232.58105,384.09055,SER,3.3157501
195.0042690009439,28.08208949446387,0.02599412142465875,6.690069983866665e-05,55.6877,77.28539,94.120926,SER,3.9778779
194.642037234684,26.89983985388863,0.0270237146032223,3.161771724379884e-05,26.189651,47.73921,68.81556,SER,1.9506435
194.4080557568878,28.21353995536012,0.02435669640608339,6.50467376851265e-05,35.675297,66.443115,96.85007,SER,4.3548717
195.9857458372016,27.97429742741635,0.02122400749489959,5.980356984870626e-05,50.8995,87.21562,121.46678,SER,10.194791
196.1858506103092,28.18738478534119,0.0255168742479452,1.200784790249457e-05,14.565388,20.771946,25.690289,SER,2.6550608
193.1391430561998,26.47008137618585,0.02388603337023654,9.71424325852261e-06,11.025151,16.842402,21.646646,EXP,2.5043876
193.8446425787315,28.9606623209208,0.02409213390110492,5.45460518400451e-06,9.60608,12.381617,14.323911,SER,1.276147
195.8802767793238,27.95739316858404,0.02459964897769348,0.0001000387082502857,49.205753,90.82491,136.77461,SER,10.360939
193.9698188336345,26.98291846889921,0.02742726306137084,4.586573684580981e-05,11.252989,20.977009,31.127138,SER,2.4378974
194.570852646286,27.11371212958786,0.02484195039115406,0.0001253029162856805,34.605194,63.965313,96.8291,SER,5.087316
194.1340411123142,27.82762365163216,0.02233461940186414,7.110516171020738e-05,9.749814,18.438984,27.768145,SER,1.582087
194.2702611958205,28.20964467779733,0.0171848853607657,5.609215462761117e-06,78.832466,105.458305,126.365135,SER,6.014007
194.5386455165683,28.42457215138911,0.0291561146673557,0.0001489489492203427,15.378668,28.683882,46.65965,SER,2.8503284
195.1784873071252,27.96316505988299,0.02815269173698328,1.937819985114194e-05,0,0,0,DUP,0
194.1160439244587,26.98739754909932,0.02146071749687464,1.270356809441321e-05,0,0,0,DUP,0
194.5575649603961,28.18257274718343,0.02404885045758538,2.693607061978127e-05,0,0,0,DUP,0
195.2451295039062,28.02683739262592,0.02546252014081991,5.32372182211933e-05,36.339092,71.13932,110.76776,SER,3.239061
194.0245940468985,27.64894618845709,0.02580569920044845,2.859247023476943e-05,0,0,0,,0
194.9861378882537,27.9300844319966,0.02579256730658533,2.55083983681144e-05,0,0,0,DUP,0
195.8685298753546,28.56394894002409,0.01573601262346829,2.387278557883335e-05,0,0,0,,0
194.165389956747,26.83940302488532,0.01973122145278336,4.930719607299665e-05,10.78648,20.116512,29.323029,REX,1.5712714
194.0457392984611,28.16319161747818,0.0290091884681558,3.472962739779798e-06,319.70093,658.5144,1195.9556,SER,3.421964
193.4427909795161,27.36534915505305,0.01760805967996191,5.386837771429262e-06,36.03083,51.702156,64.9374,REX,1.7723166
194.8725046039857,27.85014828789006,0.02272866034272066,1.251427084974139e-05,0,0,0,DUP,0
195.5328474493747,27.64833767772102,0.02306597097138673,1.274574183975292e-06,1058.875,1853.7356,2759.8577,SER,7.3515973
195.2170361294386,28.36611035369104,0.02554408541433015,4.082726830692609e-06,1865.5952,3918.549,6900.8657,SER,7.21699
195.7258875242518,28.5044240370655,0.0274441613761502,1.693980884241717e-06,40.586594,43.806637,43.801952,SER,2.6034782
195.4286252075249,27.04681316236271,0.02516042349602632,1.257633492915973e-05,7.7690725,10.935831,13.727546,EXP,2.796574
195.1049499653309,27.55222924037081,0.02425869271416649,2.320065550429685e-05,157.01024,308.50638,502.97794,SER,4.204225
195.1121958141887,27.55099478617484,0.02416576560598649,8.004574854380456e-05,1.056292,1.021089,1.3242571,EXP,1.9129703
195.6601861233662,28.11454803992859,0.02489950642676386,9.095044674291617e-06,1082.3533,2140.2466,3760.1511,DEV,23.105846
195.3035811147049,27.60255692928389,0.02573899770629457,5.589997339429608e-05,0,0,0,,0
195.0903040733316,27.89857684022865,0.01628460273825545,3.104222619224709e-05,98.36565,194.7093,314.00168,SER,3.092632
195.2930255700401,28.69973623289435,0.02906128141809803,7.916253621160484e-06,12.644908,16.662514,20.405697,EXP,3.7151022
194.289230241063,27.46642953700729,0.02490938620474738,9.98646103902171e-06,0,0,0,DUP,0
195.9128560325535,28.46682468185816,0.02472513777620891,5.830414868774332e-06,9.350295,11.949121,14.039199,EXP,3.0389576
194.0260770842673,27.67617042003794,0.01627126879988683,5.983820734531325e-05,0,0,0,,0
195.2343404667386,27.53089931264962,0.02587003911874104,5.402889682165363e-05,23.721556,43.231544,62.367023,SER,4.3901362
196.0406031161706,28.27875667013699,0.02520231188227677,3.528037769740923e-06,24.131372,32.249664,38.866837,SER,1.9180984
195.0453004448796,27.96089100908975,0.02183266120453004,4.503611172676461e-05,0,0,0,,0
195.3686175473356,27.92656683738567,0.02511511266551323,2.029422454445745e-05,90.82212,179.00409,291.90643,SER,2.5183663
194.2495712090007,29.06843938073955,0.02528164850334199,2.550303001687054e-05,111.72121,194.08936,279.70184,SER,3.3670537
194.6800991483817,28.91008259334222,0.02784009684796905,1.834811409165084e-06,752.45044,1343.2534,2027.5475,SER,9.188852
193.6559703422056,27.69200352343417,0.02824770715006653,1.833707306027729e-05,165.16753,332.9692,551.9607,SER,3.2123904
194.4925554316924,27.6750459654498,0.01785515785543819,5.168193126035354e-05,27.048689,51.21749,78.00208,SER,2.2968223
194.1242017500144,27.94001189672035,0.02218802520370769,1.64865633306996e-05,0,0,0,DUP,0
195.0333491828071,28.07855751805575,0.0241904349962245,1.148054615780017e-05,699.38074,1514.8112,2782.185,SER,2.5267658
192.4958081914538,27.15267853953554,0.02619289443610418,7.518851605633322e-06,214.33238,436.5752,728.62244,SER,4.425988
193.9733158933308,27.02190640601553,0.0198747436759472,2.583194005505474e-05,17.39145,32.64892,49.344357,REX,1.2615949
194.339552925916,27.02300281567079,0.02679093490924559,2.62754300872384e-05,166.86617,314.469,485.4728,SER,4.819803
195.4778471526181,27.85092364762617,0.02702049750803531,3.475857825905264e-05,7.6564794,14.097464,20.30575,REX,1.2271528
194.6119635707556,27.8463680876716,0.02335441102139015,5.668912824930735e-05,5.395845,9.837684,14.805911,EXP,1.2533461
195.8555076875923,28.01403880952276,0.02656425175826047,2.405804625945332e-05,0,0,0,DUP,0
194.8869518526656,27.98388831148389,0.01939434482687766,1.424237639148187e-05,0,0,0,,0
195.0147030689052,26.89808456427691,0.01978804382164588,1.233002404529334e-05,0,0,0,DUP,0
195.1884379905806,27.74702568534103,0.03112431446855327,8.191117985702509e-05,65.0824,113.04466,147.00352,SER,7.4251204
195.0274156212139,27.97660504408135,0.02162454105617865,5.733733171488634e-05,0,0,0,,0
193.8366367551141,27.14967511172772,0.02089820398377919,2.189705257270743e-05,83.86287,164.89207,268.04507,DEV,4.8465543
194.0671145700994,27.91244244879815,0.02284226142111903,5.102000445015545e-05,21.579048,38.122646,53.769955,EXP,3.4167144
194.947691097976,27.70620889017476,0.02871554277520427,5.730837377804663e-05,130.01122,233.86502,367.76834,SER,6.3030314
194.4387712032071,27.90596088211806,0.02698503851338884,5.033107568824498e-05,66.1883,103.498924,140.9936,SER,3.050848
194.7831152357105,27.85492253305075,0.02208177138565386,9.658320436277916e-06,0,0,0,DUP,0
194.3552028432737,27.40462059416122,0.01612800396394574,2.820780893240377e-06,0,0,0,DUP,0
194.1011608829801,27.50679632146077,0.02126927703848521,6.196167510181784e-05,10.49473,19.287453,27.175224,EXP,2.164188
194.4423265956902,27.75705169457589,0.02050054325793468,5.057315586234758e-06,638.4284,1299.9004,2239.924,SER,11.570471
195.8667019831527,28.75819815122449,0.02776727318122884,5.748337521955765e-05,26.577396,47.603775,69.49022,SER,2.3793626
194.9076569485258,27.77681129329746,0.02269172100374945,2.469086717718033e-05,280.2467,557.8678,893.8553,SER,12.524883
196.017285976634,29.19720822886786,0.0204169273452004,3.686099388250583e-05,22.09759,40.849155,60.687046,SER,1.823952
194.7538514016684,27.87291386314158,0.01748211939221746,0.0001018213652850595,30.711014,57.970097,87.13209,SER,3.8203316
195.0736646789766,27.98787689125847,0.01996064635557975,5.071313642890946e-05,0,0,0,,0
194.8183104416269,27.10706106123686,0.02746706973165113,1.655495198603925e-06,0,0,0,,0
195.5896433515441,28.23083420756317,0.0186208325908453,1.354999355969402e-05,0,0,0,DUP,0
196.2637323923694,27.53701495384631,0.02183408940479774,5.00992970485178e-05,240.46126,416.76062,596.66766,SER,13.382944
195.6068782460261,28.85808668247725,0.02235478241361386,7.815328570303663e-07,198.71268,254.46906,289.03848,SER,3.5532715
195.498093151566,29.14823576568847,0.02313650669983485,8.18939219315396e-06,118.62017,183.47101,244.7453,SER,7.6450443
193.5698614102175,28.07655270316653,0.02283343420366695,2.01453637565191e-05,291.9896,571.18805,930.9143,SER,5.9103975
194.5856007918496,27.42939090463343,0.02515997452943479,2.315017681821526e-06,111.49399,204.77795,313.00333,SER,3.6743317
194.3405829607409,27.88044678170962,0.02481923402032794,8.468027380761096e-06,390.0914,715.24884,1104.6932,SER,3.368071
194.4904598890732,28.06188069189985,0.02713637689763793,2.573601660889991e-06,8.740945,12.3496895,16.91626,PSF,0
193.9012333688822,27.7659500640458,0.02197162290443902,7.671563441652744e-05,0,0,0,,0
194.7842330638023,27.78412229346706,0.02356561178043424,8.22716066934363e-06,1341.8937,2893.5608,5266.584,SER,5.4564905
196.0945488104654,28.81076920337717,0.02649199757499135,1.42804607439548e-06,828.4613,1154.4894,1429.5182,SER,7.9844756
195.0260921237766,27.68529683600189,0.02521047497354846,1.740981352977632e-05,0,0,0,DUP,0
194.4842956333091,27.99140103113095,0.01535957006795312,1.2031976779679e-05,32.563972,41.33135,70.44196,SER,9.2224
196.2801455390461,27.85903892556318,0.02470937040377907,6.909933013373804e-05,52.669952,93.31018,133.13214,SER,9.995311
195.8441273718058,28.79649700946968,0.02637154070921565,1.737785866870237e-05,61.85646,114.04954,169.98473,SER,1.4649667
195.7409366282606,29.18005781643508,0.02452847521175309,1.224612905107834e-05,7.439771,10.303197,11.831033,EXP,1.9045134
194.2214130568175,27.92950264827072,0.02050280755369232,3.064160294167311e-06,445.42572,950.2206,1714.8945,SER,1.877535
194.6614299692077,29.65676412970318,0.0224935924121386,6.620105576600313e-05,17.457241,31.403896,43.95761,SER,3.509981
194.7785877615877,27.77249726044203,0.02083438953536501,2.068636802141104e-05,100.302635,205.06877,332.749,SER,2.5116525
195.0922967530585,28.04699132927461,0.02736241546315595,1.243185309211445e-05,954.98096,2005.421,3507.998,SER,6.868582
193.9062091795602,27.24894416267584,0.02206252572424148,5.22099865310396e-05,35.925278,65.65011,97.829384,SER,6.1783743
194.8960723371156,27.64147479074914,0.02833418402142553,7.574668184767588e-05,24.223331,45.766937,69.339386,SER,4.451376
195.1389143192628,27.98037605580014,0.0172452119734052,9.005114476456253e-05,22.61794,43.93059,69.8947,REX,2.7222896
194.2591226370258,27.13111455571044,0.02604412920032333,6.569906831068923e-05,14.637736,26.783752,38.75373,REX,2.4090478
194.462105159917,27.53474085893276,0.01914087328341732,5.179629129389366e-05,22.765602,40.201714,57.82997,SER,4.3191586
194.617326413044,27.55729546341672,0.0249526320991039,5.748309974286533e-05,0,0,0,,0
194.5203160515155,28.24589656714162,0.02357159199850654,7.356794493805058e-07,193.10866,260.43237,298.92587,EXP,8.1744
195.0260443942063,28.25034087005299,0.02113057592161294,1.383912851259236e-05,66.22339,121.56946,192.9489,SER,6.0302286
194.8272912552654,27.593591378202,0.01741624483081242,3.535164500125395e-06,166.77533,234.46227,290.5531,SER,8.115442
194.4866597047908,27.99168046290088,0.01522810985605152,1.40818713715448e-06,156.88927,195.12643,210.87364,SER,4.623772
195.0934746195044,27.62216807184994,0.02518893516358015,7.147463317130865e-05,0,0,0,,0
195.2269521872461,28.0076235767339,0.01671037948955243,1.098431835398354e-05,2952.7336,6289.5786,11573.549,SER,14.388678
195.2300719133214,27.12156587497978,0.02140626103095917,4.603291398068957e-05,60.952847,111.7465,166.10718,SER,8.00154
194.8725262807217,27.85013947915787,0.02284949966109801,9.881577255332885e-06,838.6291,1845.4183,3383.6375,SER,4.0450306
195.8773727139516,28.04595674650023,0.02210576289562649,5.102760291977812e-05,37.652756,64.170006,91.89814,SER,4.389596
194.4374797652142,27.15545217871381,0.02541645015223805,7.07401308040804e-05,27.808125,52.175724,77.161224,SER,3.6645741
195.335945360789,27.22076520587256,0.02530342724391042,0.0001206291606488236,20.228573,29.048534,35.684666,SER,2.8318253
194.5232369237482,28.24260004943908,0.02399886800662379,2.310492828464319e-06,0,0,0,DUP,0
195.0228806909681,28.08031229541976,0.01711018337123326,7.018471811719134e-05,21.062624,39.605038,58.65133,SER,3.0453598
195.056010008135,28.05330646714301,0.02703322259069774,4.78981782820263e-05,72.38215,122.97182,178.02818,SER,7.6671286
193.5249211473555,27.01890838919196,0.02844180077607467,1.919677530491237e-05,139.16481,280.36804,463.7496,SER,2.7426133
194.153254952178,27.21332479949098,0.02529088962121363,3.988952503364529e-05,34.52834,65.41599,98.37184,REX,3.404076
196.1036381637017,27.6737370847058,0.02322437646291746,5.544134852430303e-05,11.062686,20.202173,29.878817,REX,2.7968726
195.9258428319297,28.90553033926032,0.02237846199543563,1.895144131688251e-05,0,0,0,DUP,0
193.8543973045528,27.79804577008488,0.024571784173786,6.242626085903011e-06,1373.2987,2998.2908,5612.8667,DEV,10.965413
194.3528405591767,27.90103568521113,0.01928703387744776,8.422453786227306e-05,11.437444,18.366596,24.016895,EXP,1.6624813
194.6600645123993,27.54411782554055,0.01997173968353184,2.074247901597088e-05,0,0,0,DUP,0
195.6556572949341,27.17612937854274,0.01835972038682446,9.152725635618846e-06,496.17612,1039.0073,1826.193,SER,2.0251293
193.6215750804254,27.29273136505809,0.02584444486908716,5.185298477737025e-05,38.230213,71.744774,112.64089,SER,5.043432
193.4442402991137,27.38586359151882,0.02766237923658097,1.784288141574835e-06,141.19624,284.42877,510.589,SER,7.0368204
194.1800958569203,27.03316899234945,0.01850766549968443,4.183948689664523e-05,0,0,0,,0
194.5502980030057,28.15907000356937,0.02437541240997004,5.056884048879876e-05,21.484924,43.078426,71.33055,REX,2.020753
194.1975218821964,27.29226635184856,0.02615304013103029,1.877169724182038e-05,212.5224,397.72128,620.76074,DEV,13.359217
193.8623314195014,27.42253524365638,0.02397636714889246,9.518664680034929e-06,70.69744,143.36621,235.47838,DEV,2.832645
192.768640282398,27.43927390393058,0.02499817040432782,7.195245831953653e-05,10.868929,19.273993,26.568502,EXP,2.0823948
195.0706350020658,28.44878541777001,0.01907471821506359,4.290522054831547e-05,30.020811,58.33696,93.49066,SER,1.713276
196.531163814402,28.24211158789837,0.02448930708364196,7.572063499950499e-05,41.11641,72.34332,100.840775,SER,6.7346783
193.9220789921088,27.25075290206121,0.02369296572922656,7.077248203635181e-06,1821.2809,3882.0718,6956.799,SER,6.21501
194.8195112580054,27.10614334984306,0.02804970112868863,3.698342271214194e-06,192.78621,416.85388,783.911,SER,3.5086298
195.5428709552966,28.19181621003891,0.01917927800422205,1.424032286832724e-05,230.88782,477.9574,879.5161,DEV,4.5949364
195.0691742762742,27.96778614185499,0.01568854640144572,8.670916759341695e-06,0,0,0,,0
194.6128266799454,27.02346609130372,0.02517576979720409,1.15694670763368e-06,92.31547,127.66341,149.46568,SER,2.2671607
194.1424864110332,27.53897720662533,0.0237307797185516,4.298110352209864e-06,825.1424,1761.6151,3213.257,SER,5.135575
194.1109432929093,27.83069837562191,0.02096444523739192,9.278571625841056e-06,0,0,0,DUP,0
195.1986443845975,28.09277200986853,0.02255674451610699,6.015741882671144e-05,6.881969,14.639669,25.20464,REX,0.46404046
195.9607202965766,28.05246726094652,0.02123886811347535,4.348078711369015e-05,0,0,0,,0
196.2075741590151,28.66019156799523,0.02644348236523522,5.080949291356765e-05,0,0,0,,0
194.9152415735387,27.95391987136145,0.02686338648883975,1.735212113647114e-05,0,0,0,DUP,0
194.6589674408928,27.8224518189187,0.01780609683254093,4.694024940082969e-05,92.7383,141.48807,181.82304,SER,6.05186
194.1311514019889,28.57410283369584,0.02476748632942296,0.000119102053380215,10.742026,20.020926,29.000935,SER,2.43232
195.9773137412411,28.18631306203418,0.02310091306185843,4.922876263026341e-05,0,0,0,,0
193.7707790889326,28.06256879215877,0.02091907386834486,2.827926975793592e-05,54.21187,105.10675,162.56598,SER,1.3250115
194.1705747453046,27.44777314508654,0.02446798216707997,1.286287309739398e-05,54.070843,106.754295,170.89276,SER,2.6129193
194.5562614619939,28.95087070515887,0.02507729280895392,1.303126132997649e-05,90.06238,172.44585,278.53683,SER,4.122018
194.6515041714083,28.11373661110844,0.02269218029323582,9.05773507275006e-06,1112.327,2352.789,4272.4644,SER,6.241621
195.0760736363729,28.20974127722114,0.02578394313791112,7.938878856730131e-05,36.026703,63.874157,94.565865,SER,4.2800455
195.6331803525129,28.43930047430976,0.01996868965018998,1.530262912167129e-05,348.50436,701.96027,1175.0393,SER,8.4788685
195.8893245323911,29.06046295926481,0.02518329691851671,3.982006777873511e-05,103.08134,187.04817,282.77707,SER,6.016668
194.1601991557217,27.57096403988621,0.02533665887800955,1.756940289889674e-05,59.340977,113.27137,173.84186,SER,3.3572936
195.0225183380462,28.02446177547347,0.01971672381256708,1.915373096957108e-05,338.58643,665.39795,1088.5776,SER,6.551151
194.7693231013623,27.91102122139122,0.02146106012888887,1.705289657491879e-05,0,0,0,DUP,0
194.8573431936295,28.08143222398621,0.02576254367761681,7.997939846033652e-05,29.827436,60.14007,95.61201,REX,2.2299237
195.4813816830087,28.83456280394541,0.02481956821767432,9.42078156537291e-05,20.662565,33.680664,45.494926,SER,2.4705653
194.1511022004363,27.57772422924382,0.02353434666688764,4.329127221866313e-05,29.581247,55.837437,85.534424,SER,2.860709
195.8464196759164,28.86416216293723,0.0219395269825768,7.845987688541677e-06,410.6209,837.8741,1444.7296,SER,6.068014
194.4022397914505,27.03135450240313,0.02455717420531039,8.970458664053338e-06,644.9057,1391.1315,2473.209,SER,6.1418223
194.206906611146,27.09389920677757,0.02315565489358698,4.911993117005721e-06,746.6528,1683.2761,3206.583,SER,9.910919
194.6610341119896,28.13088583835826,0.02724252614177108,6.664328151620582e-05,54.61828,104.692566,165.24434,SER,3.3936238
195.3077735092062,28.46933051803263,0.02117526452449144,4.470532609218757e-05,16.97721,31.464703,47.217625,REX,1.8509002
194.0843943697796,29.30009081470871,0.02220929489053034,2.540428279325272e-05,656.1853,1320.4846,2206.8665,SER,13.8336
193.7139170809719,27.49447750150649,0.02354404649303867,2.266132358913448e-05,47.705944,88.44426,135.08003,SER,3.4824069
195.1615556261158,28.01452885626588,0.02535035430885087,9.157735426994768e-06,819.73627,1695.4445,2978.3308,SER,11.920898
195.6328567638691,27.93552539341461,0.02209980581095505,7.5343190363868e-06,224.67479,429.44275,710.3405,SER,4.3130474
196.0468926480061,27.49045058920061,0.01777528037107254,1.573041438656828e-06,560.98364,1125.8861,1960.2637,SER,8.685729
195.0754277999665,27.95657375503804,0.0213279890066088,1.13712165941267e-05,557.1479,1221.955,2216.1555,SER,3.4695058
193.7308871013869,29.01235938161784,0.02145035209014897,1.339825289198158e-05,295.85428,589.2513,1006.75903,SER,6.300119
194.0637303088093,27.31978801341651,0.01818476895940458,3.88084290698112e-05,32.67105,61.2791,93.611885,SER,2.6908412
194.5404337855366,27.54947461760871,0.02333664715510668,1.637148865892845e-05,148.37082,303.9789,516.85144,SER,2.8404725
194.7469701276132,29.41484566404851,0.02417567872542759,1.524922149782091e-05,0.7172029,0.9195189,1.6165559,EXP,0.69620657
192.9194947407711,28.05308784324299,0.02070782759189709,3.672158045894598e-05,129.65228,245.16115,382.7072,SER,3.9687629
194.4292833898693,26.85240620221659,0.02124322172758946,6.42221990816573e-06,815.4591,1627.2491,2747.166,SER,4.902469
194.9795466789656,28.12836779079454,0.02524893448138748,1.066586957499593e-05,474.74823,1004.42993,1790.5604,SER,3.660227
194.8986651093683,28.55135882105363,0.02535539924706451,1.11975753095719e-05,0,0,0,DUP,0
194.7586661555092,28.11560056668607,0.03142168153752833,1.511447127630553e-06,602.6308,934.7004,1369.3627,SER,4.573631
194.0149814252948,28.43474318355116,0.02280717309004081,9.5264370572299e-06,265.1478,515.2816,816.47876,SER,2.6679492
194.4592849357111,28.17038582538835,0.02307675110494921,1.749944739905928e-06,163.42503,196.94328,222.63841,SER,5.3604717
194.9146039365385,27.85449371327439,0.03130166160996302,4.269680140322446e-05,58.547943,120.65186,190.76317,SER,3.5720942
195.0840719377838,27.84351183420574,0.02617225273956486,2.376150543240284e-05,110.08705,216.39282,344.84125,SER,3.9657495
195.8555377318246,28.01396870677257,0.02657710909011522,1.071846594110118e-05,641.725,1252.786,2049.3718,SER,8.954721
194.7766850164999,27.56090948094923,0.02587373051962815,7.403269508120016e-05,37.187428,70.61213,108.35929,SER,4.968129
195.4023833108474,27.7097452373686,0.02665911237415946,5.979060400609658e-05,0,0,0,,0
195.2736254926725,28.06202680369251,0.02478547043266939,3.485652262080466e-05,72.073715,120.86858,171.65683,SER,3.2664306
193.8207463294261,27.96053739257061,0.02006440736954562,5.509964216914182e-05,22.373224,42.3138,64.07087,SER,3.3749218
194.6921342808179,27.86089902588779,0.02929217457260732,6.536717654224527e-05,56.64814,110.626595,171.96336,SER,3.57956
195.4512099501566,27.728481139433,0.01837885482764632,2.878259797436143e-05,60.94518,114.74306,177.10179,SER,3.4437163
195.560290864729,28.10348474998071,0.01999039345076465,0.0001544570941423357,0,0,0,,0
194.1578727228982,27.33204680188828,0.01661582001035094,6.4857236674385e-05,27.49558,47.958687,66.46296,SER,4.5751667
195.5152553271707,29.25792405514691,0.02529311145996928,6.23956950302836e-05,0,0,0,,0
193.8522716534376,26.85994550687683,0.01974380032970191,8.389295774292247e-06,0.4323834,0.4908211,0.67363226,EXP,0.7068513
194.025366749148,27.6780132270591,0.01644456063709578,3.011056940996887e-07,577.1828,869.4352,1101.3804,SER,3.886889
194.0784709085722,27.86733248464266,0.0240522111398761,5.37536471685322e-05,23.515669,37.191013,49.911846,REX,0.9585032
194.9165296794376,27.57505857090864,0.01681642259648591,5.984630440331384e-05,0,0,0,,0
196.1246844368497,27.6864934209228,0.01916674739193067,3.87629480490697e-05,14.839317,27.246712,38.501278,SER,2.9599729
194.9464837438167,27.60555062984683,0.02500198012517977,9.61215279149562e-05,27.699623,52.75148,77.78399,REX,3.3167722
194.6476754176454,27.77503502097775,0.01989620201896042,5.042897016984244e-05,16.509619,30.625954,45.866684,REX,1.624232
195.4915043361237,27.82990491620955,0.02401487949976738,6.234370722554806e-05,14.215702,26.612099,39.235706,SER,3.6858203
195.9917551132783,29.22113215698804,0.02521540399601611,1.341142490078078e-05,23.288612,28.8977,32.335403,EXP,4.4587
193.302498235503,28.00397438720028,0.02021350832976335,3.581887925021631e-05,50.01982,94.94333,143.25072,SER,4.108682
194.5476590442728,27.93996678646207,0.02840716809456209,1.285877090632849e-05,191.02118,390.42126,646.3265,SER,2.615304
194.9900878628987,28.06508897625384,0.0194679937542034,4.680300407606543e-05,129.6823,255.03526,406.57507,SER,4.0272326
194.6160280688878,28.974089581646,0.02382606044752683,1.561129558559549e-05,470.55112,972.9188,1665.0564,SER,3.4578867
194.6552241685006,29.26723784653456,0.02549229309068148,9.328842738389479e-05,21.074434,36.558243,50.83067,EXP,3.5929809
195.0953814824835,27.84788537568738,0.0286073317740744,5.082132437056035e-05,19.520721,37.10981,57.97512,REX,2.1609776
193.3412952678125,28.12201925770258,0.02423330075875609,6.403653342446623e-05,12.264351,23.391563,33.670452,SER,4.7452283
195.4429937766897,27.60465680442865,0.01925812992214746,3.870502321892177e-05,17.736422,31.917356,45.526073,SER,3.9237356
195.7905726038966,28.5835107855122,0.02285382149607191,6.048608030506967e-06,1253.7996,2626.5923,4630.8184,SER,8.019107
194.1466200647124,28.27549609446125,0.02436906320343329,1.126600444987829e-05,0,0,0,DUP,0
194.945601885881,27.99195368099642,0.02799489421892866,4.858170927371416e-05,55.074318,108.27811,171.42044,SER,3.047228
193.998677145554,27.17171933781812,0.01869555827705399,5.648382704328774e-05,14.471978,25.910046,37.732655,REX,1.9787526
195.6961180117191,28.13024647575154,0.022339388201232,3.776014026218125e-05,15.865695,28.216509,40.462784,SER,1.3055557
195.1546836766944,28.06294808467711,0.02534314061235664,4.974220054461133e-05,0,0,0,,0
195.2166553478426,28.31478640613048,0.01868260496366704,4.147092109914494e-05,83.86599,152.72752,230.9754,SER,3.8528752
194.9157981002427,28.92662159145503,0.02014119945236354,5.566998618902271e-06,1501.0859,3066.6155,5323.457,SER,9.429261
195.0688628208093,27.9675172487152,0.01553443335898744,8.382639061663543e-06,692.0661,1374.4402,2321.7612,SER,7.2865844
194.2131856042354,26.89885105364716,0.02074658134778719,6.113653737032468e-06,1040.7362,1930.9222,3067.5632,SER,6.429606
193.8315163591612,27.86852812669696,0.02306085183107392,4.923982965515186e-05,0,0,0,,0
195.2033957455733,28.15831326838268,0.01939045348031842,1.068168432287622e-05,2910.3179,5980.335,10909.796,SER,26.101353
194.5528901497551,26.39689836327567,0.01970552136586763,1.209605633647256e-05,3894.589,8374.157,15435.442,SER,14.481816
195.2335858349929,27.79091180329587,0.02656933782031988,1.381309796627691e-05,0,0,0,DUP,0
194.6762782565746,27.97218545987535,0.02128415411995021,3.840663551155173e-05,22.81105,43.322166,65.97194,SER,3.3296428
194.9948154692792,28.09776626000739,0.02765523766133003,5.676274707401513e-05,19.353394,37.747284,57.338135,REX,1.305184
195.2687432129842,28.21061296666365,0.02136867948902095,5.431712204702895e-05,12.107689,22.337519,32.42065,REX,2.2567253
194.4574098853971,28.62433727945859,0.02500175191595558,1.988414061024938e-06,88.13479,129.47707,161.09032,SER,3.7344983
194.4995359563853,27.85253243651907,0.02385275902370919,5.537148130628503e-05,42.52365,80.49133,123.50665,SER,3.3355758
194.7579204908043,27.86511261910475,0.02577370177493819,7.766304171906407e-05,10.418629,19.984364,28.995783,SER,2.443662
194.2570556682836,27.3720752749325,0.02339582216931995,2.037561180334548e-05,0,0,0,DUP,0
194.0818774642812,27.44839543615397,0.02533138323531091,0.0001054932543013898,10.621193,19.536263,28.572756,SER,2.2951849
194.1209847342511,27.89372573091974,0.02233241777749525,6.599460408519326e-05,39.680977,76.34023,121.075775,SER,3.4523246
194.28192141959,28.23557941090965,0.02167933665122313,5.765909905683139e-05,39.7908,72.69721,110.41609,SER,4.177786
195.3156397216482,28.8721959926953,0.02375694072309911,1.797350933064301e-05,189.28094,369.93127,605.8441,SER,5.695403
194.7601519365692,28.00594150589449,0.02709920615668808,7.446525937138074e-05,12.562879,24.176804,36.672966,SER,1.6236686
195.6624721412259,29.1244688972819,0.02258127794958059,7.459541344916477e-05,14.430371,26.627752,39.09713,REX,2.1863768
195.1208446907049,27.81011878467923,0.02186917604038774,8.071429726230524e-05,20.156534,38.094337,58.238182,SER,3.0783622
194.5575518530068,28.18256127606819,0.02401421923032558,1.260152112060272e-05,794.6807,1578.6261,2670.2373,SER,12.996337
193.8775425911609,27.54427294500462,0.02348303144190947,1.621746059181031e-05,436.47354,880.1572,1462.7996,SER,8.450933
194.2998475653694,27.10336493002868,0.02452110303601933,1.299559084686085e-05,190.62338,377.5346,617.6785,SER,6.585505
195.5597430498865,28.1015646134022,0.01988514853599147,2.272786273778225e-05,242.05875,434.04428,653.23553,SER,5.1085567
194.8809253233453,27.71614901653894,0.02818948083360869,7.005153433669004e-05,19.612423,36.15296,55.813454,SER,3.5819185
194.8777151955103,27.79144331737387,0.02593935290172899,1.384593582980816e-05,0,0,0,DUP,0
194.4692734657167,28.05023260377611,0.02668450883778002,4.510448223471811e-05,30.534565,58.11827,87.684296,SER,2.8017502
194.0506470268324,27.74549715320805,0.02306040983076929,6.183529918293307e-06,5684.568,12255.447,22738.973,SER,33.348843
195.4341257966333,28.21445367104441,0.02608785662247131,2.204661113212253e-05,0,0,0,DUP,0
195.868503151162,28.56395350268265,0.01574347588764812,1.944831057084464e-05,0,0,0,,0
195.0049390531306,26.95608235514372,0.02389436811392946,2.72638848046843e-05,110.67581,179.60336,250.01317,SER,4.846038
195.0376986479578,27.97805528501393,0.02166512608962635,4.375574641033948e-05,0,0,0,,0
196.425806421176,28.81288225995771,0.02055808289690005,8.193840871158342e-06,14.230161,19.889257,23.521875,EXP,3.7899635
195.748193753388,27.16423895287465,0.02235795403381976,3.026173954149686e-05,27.97066,49.362324,69.69935,SER,3.1868734
194.2567900078936,29.06257026471629,0.02502967882280091,1.000302136672468e-05,1076.793,2242.3232,3886.6318,SER,5.2716722
195.2876705686972,28.35977399314937,0.02303554860071787,6.344663287309238e-06,563.22565,1116.2401,1914.1716,SER,6.178463
193.5561736722567,28.27734100628298,0.02332588716339905,6.440900666193703e-05,19.03764,35.97669,50.900585,SER,3.961204
194.6463621135408,27.6314738520707,0.01734705201132719,5.198496395503914e-05,22.899702,33.02261,41.850567,SER,3.3367798
194.5099064014221,26.85949290592113,0.02456902486765994,7.084291113913542e-06,1523.5542,3005.918,5319.169,SER,8.261378
194.4446008977325,28.14076211917854,0.02137771786795635,1.98037472301093e-05,241.83333,474.80472,774.71094,SER,7.598791
194.158812232203,27.21780552294472,0.03023508957721451,6.638691759564383e-06,36.53434,54.288628,69.07354,SER,5.3103056
194.1528575645185,27.81306783702832,0.02503410674327992,5.293283702501798e-05,16.393505,30.672903,46.057007,REX,1.6808984
195.3170905087852,27.37741665196846,0.02263451279760676,4.966542705914931e-05,17.938864,28.33859,38.359905,SER,1.7631439
196.3557432502498,27.92111042211936,0.02452885099315578,6.523788580665581e-05,10.853453,19.419958,28.378386,SER,3.058054
194.0165355943838,27.15042213128935,0.02447563738009769,2.514568186081538e-05,148.44247,297.78,498.26187,SER,3.9949346
194.6567420500992,27.46553871580998,0.02117265654782554,1.366399817304662e-05,0,0,0,,0
195.1034632859037,27.92664308428682,0.02659815901974209,4.098089683935116e-05,103.48973,204.1523,327.0205,SER,6.7924304
195.1975040931268,27.92222212785039,0.02866103501642675,1.982800623874192e-05,0,0,0,DUP,0
196.1469697316622,28.62760834469073,0.02224335321172862,2.278167692636461e-05,0,0,0,,0
196.2771674315202,28.64125502094805,0.01824428192114042,1.873628053330133e-06,80.28477,118.02437,152.5298,SER,4.5649714
194.048258188199,27.65494865526711,0.02471693001936261,0.0001069971642487017,37.341496,71.64311,109.9078,SER,2.734254
194.2709822053025,27.77354748129286,0.0255293641406171,1.179874477421465e-05,0,0,0,,0
195.0380913500516,27.86643312814808,0.01775146471807522,1.754152656076186e-06,440.2817,714.2715,1019.2957,SER,3.3862352
193.9507383903915,27.7411073598138,0.01996700662081992,5.419495686156544e-05,9.201973,16.549023,23.392075,REX,1.7987827
194.9322171737567,27.99466383934325,0.02234086508377927,8.302662296529037e-06,505.72665,1081.342,1948.2006,SER,3.1535525
195.3850942019787,27.86548392552803,0.01880662865854132,5.276556268033354e-05,9.107618,18.096828,30.981665,REX,0.80478644
195.0125243260952,28.24031257491713,0.02572582717820294,1.54876435753818e-05,182.56157,326.45264,543.6639,DEV,3.322495
194.1448270632543,27.22558741321987,0.02426639760699991,9.27380235166631e-06,0,0,0,,0
195.5006230408687,27.78274225321745,0.02368888025431549,8.822131820690815e-06,0,0,0,DUP,0
193.7366189470509,27.97588880384535,0.02038777031446068,7.384706083968381e-05,20.991226,39.415195,58.288326,EXP,2.7137392
194.878453110828,27.88420799298707,0.0157889352084818,7.631675263238645e-06,1197.5731,2581.611,4682.4243,SER,4.4810824
196.4728791628465,28.11240650655579,0.02464082511636285,2.130712766764268e-06,450.68726,919.76685,1629.1595,SER,12.705544
193.4646435358596,28.97638522287376,0.02604864149867728,2.624023711453907e-06,0,0,0,,0
195.2281858970822,27.84207405869116,0.02366625708755159,1.431309667644144e-05,155.26659,307.8318,514.56604,SER,2.2261035
195.459291683087,27.89359183663001,0.02526783414103301,1.143238523333915e-05,0,0,0,DUP,0
196.3016310242193,27.56976431881789,0.02305684349794413,1.017493979798302e-05,0,0,0,DUP,0
194.9401786809873,27.61183971401635,0.02298426230873176,5.89564487622021e-05,9.011553,17.170279,25.716635,REX,1.2496028
195.3134017994929,27.66923028580899,0.02359798355175107,1.849194936369833e-05,161.61475,317.0815,521.05194,SER,4.632407
195.1272752320866,28.95191380892055,0.02298991542923787,8.91796976875324e-06,0,0,0,,0
194.6054576194465,27.19999111182348,0.02683142351234627,3.686544957461464e-06,140.90044,255.39133,386.41882,SER,3.9455445
195.5390414107662,27.58937840158136,0.0215183406422458,2.03118320485645e-05,80.64655,153.67049,238.07446,SER,2.4028618
194.8868869054206,27.98388022183856,0.01933418014876261,1.013340718281202e-05,0,0,0,,0
195.9368534377687,28.54589343063514,0.02584433395546984,8.504661603590481e-06,198.88857,403.2736,684.4017,SER,2.7519777
194.5928941660198,27.88478417393559,0.01460582106527339,2.755858872380492e-05,75.110596,143.24281,225.16661,SER,2.4404106
195.1860387203218,28.10061665439032,0.02202498548690445,1.280043727366521e-05,368.56476,766.5549,1322.864,SER,4.0662737
194.8970340955842,27.86365656177802,0.02105047694581654,2.157548987977087e-05,153.29617,312.41827,517.5586,SER,2.5921366
195.1524786562575,27.9311766021397,0.01964043777581466,0.0001402222480685832,19.815517,37.473537,57.494373,SER,2.5226977
194.8921259803815,27.94687857784749,0.02401020461114481,8.5741944417482e-06,1016.2831,2197.2498,3940.3564,DEV,3.5274951
195.0350063003955,27.95466052064025,0.02087739373895963,4.09025588771425e-05,38.0829,74.79587,121.258705,SER,2.48806
193.5018602592845,27.01087250281598,0.02240215720947486,6.14422462729001e-05,20.320826,37.604828,54.645756,SER,2.203445
193.3796000962095,27.46338077431614,0.02852308410820891,4.726045488975446e-05,52.59787,101.74684,161.42729,SER,4.4633455
194.4478707218776,26.7859133289581,0.02519021315126235,2.093336428805622e-06,6.293609,8.436114,9.892421,SER,2.0074914
194.2611699251408,27.4126554488375,0.02542483016983059,7.366752931963889e-05,9.529281,17.416126,25.195038,REX,1.7092713
194.9129768653718,28.89555409679943,0.02045962260159836,1.11226073065425e-05,0,0,0,DUP,0
195.0277053081709,29.46409760238627,0.02147783152986885,3.451766465237641e-05,6.192912,12.174839,21.908081,SER,1.0602831
193.6298377788204,27.64574281167444,0.02790713382895817,5.513032523775822e-05,12.266016,23.518248,35.535908,SER,1.7080764
194.5147790432935,27.82245795202706,0.02231613097477475,7.26479484622493e-05,28.36788,52.451614,80.086075,SER,3.0998974
195.1656989164114,27.92393772452249,0.02508098518236926,1.077992702513644e-05,1287.3364,2727.5613,4874.3853,SER,6.2607827
194.4609835551106,27.87953979719914,0.02318527530181353,1.83820616592336e-05,0,0,0,DUP,0
196.2884606185893,27.51384589946941,0.02421464764902783,7.240562613996603e-05,0,0,0,,0
193.5472971342151,27.05619960801286,0.02675736795873266,7.202681359386434e-05,20.29893,37.217804,56.223568,SER,4.2947335
195.5545034454916,28.21361820321233,0.02743070156137784,2.779546407632461e-06,0,0,0,,0
193.7316333115089,28.06684351638716,0.02110667632022278,3.954189878672733e-05,57.585926,111.7748,172.4849,SER,3.6835272
194.1990698198974,27.42100044599944,0.02592903271728005,8.217780707133977e-06,292.84525,564.4726,899.4396,SER,5.689577
195.8477353450875,27.30688994502901,0.01857117150660763,2.520922162797947e-06,84.616234,117.80862,144.06401,SER,3.708929
195.1068924270326,28.86784899429333,0.02264401482374029,1.705506957607063e-05,0,0,0,DUP,0
194.6230401108867,28.30126131843287,0.01965214602251227,3.370297324160029e-05,0,0,0,DUP,0
195.2297678108525,27.79130595045899,0.02629043855010025,3.917365556190444e-06,7.10139,9.277956,9.08838,PSF,0
193.6504345841311,27.53127805602377,0.01816516800986176,4.037824347259842e-05,8.999003,16.68267,23.790531,EXP,2.1464703
193.9449656287608,28.25530716362409,0.02648995489829682,8.905465584909486e-05,0,0,0,,0
194.1813609892139,27.17879081608598,0.02537002611195761,7.114251959429752e-06,3978.5286,8633.247,15372.238,SER,15.575419
194.8748270318476,27.95643177692366,0.02273805737033916,1.386771656741034e-05,0,0,0,DUP,0
195.4305370325749,29.17831520199887,0.02349189652709296,2.847950525807656e-05,0,0,0,DUP,0
194.888502017381,28.03129626471868,0.02367341735669428,7.742264922213585e-05,15.8220625,31.12109,47.57919,REX,2.2777135
194.2804331869552,28.69383605623851,0.02794507026503753,5.670262206677937e-05,49.19476,84.53952,120.26687,SER,7.044447
195.2130220674278,27.74297172356163,0.02712903268667993,4.075812313365143e-05,137.45851,266.5911,422.65402,SER,6.1445675
195.4933727193696,28.35403017236664,0.02865769316394284,8.459392615171003e-07,11.436926,11.6249485,10.674754,REX,0.48737493
194.1960857243015,27.45735254917679,0.02378489889320212,6.387482970513968e-05,13.941722,26.30219,38.72472,SER,2.5729504
194.0973112346539,27.544082922512,0.02445921567845345,2.61984384639951e-05,49.862133,97.124916,153.57442,SER,1.9157557
194.1641746839972,27.80687613257729,0.02074400687169669,4.065005199433355e-05,18.554865,35.39154,54.06258,SER,2.469144
194.0695347953852,27.44598725346737,0.02141572021188522,1.784257079183962e-05,0,0,0,DUP,0
195.3552749838445,29.3138670505196,0.02351679638937736,9.669473103343272e-07,57.88186,166.79785,302.4473,PSF,0
194.2239512264703,26.63964318542331,0.0229783368018606,2.541431009013006e-05,36.926243,64.24055,90.76355,SER,4.8918643
194.2344390125168,27.67500213228658,0.02248068928149233,7.649525366318566e-05,4.606719,8.206357,11.871121,SER,1.3305593
194.3072238266159,27.22448457196558,0.02337439932784199,6.057500842271468e-05,37.20229,72.71647,111.6446,EXP,3.6174726
194.1560378241916,28.37042577277344,0.02342111208626237,3.932855794784283e-05,35.65808,68.28016,103.26755,SER,3.3483105
193.837205131463,27.6691640726955,0.02374787922803199,2.261712695096765e-05,68.9304,137.00548,224.76463,SER,3.047389
193.4807673974913,28.39384724267563,0.02464812639938265,6.471812591930326e-05,139.48553,257.05585,380.75235,SER,13.306696
195.138201662796,27.50315533810318,0.01886598511967588,6.15637501680711e-06,0,0,0,,0
195.9372683939557,28.08420486709607,0.0188132246709388,4.013473431643992e-06,1089.1073,2264.8994,4033.4814,SER,7.021669
195.1695794351783,28.51996725431055,0.0297184714143506,1.467712729746991e-06,5.833741,8.864366,8.133937,PSF,0
196.3316114410826,29.19742549495891,0.02704928977322539,2.237349827806275e-05,103.948784,205.50526,337.9071,SER,2.9607728
194.5202079366345,26.37056219089995,0.02323948958495084,3.252350471691687e-05,183.32349,350.00583,546.35046,SER,5.2411437
194.9158567386781,27.57659702242415,0.01668589411561346,1.406892412581496e-06,387.84384,558.0062,718.1596,SER,4.615263
194.9362520365034,27.88974894957938,0.02277117679815417,3.661492054862975e-05,68.802505,137.71783,218.40558,SER,2.8964489
196.2057415604163,28.26939139823007,0.02271836042262572,1.424293190029747e-05,295.00668,586.1108,978.6955,DEV,10.923484
194.0292188906942,27.64714402417009,0.02502810506222965,0.0001103421373107656,0,0,0,,0
195.0895290740883,27.81463864719151,0.02267930023240922,4.710809062561327e-05,24.288515,45.993553,69.76636,REX,1.5342863
194.7114712216413,27.99551617797595,0.02233160678506634,2.815354665419415e-05,64.08728,127.75485,206.07962,SER,3.2766829
195.6580066691519,28.41210577503294,0.02867685465278838,3.107068451461185e-05,0.73741287,0.6455705,0.9801435,REX,0.47864082
194.5125897781252,28.16438218573427,0.0263769910116623,4.711311650247339e-05,15.972872,29.799334,43.966614,REX,1.782599
196.0181180410473,28.16424306602988,0.02205189377260809,7.406629336109474e-05,20.989439,37.337997,50.757153,SER,4.3704643
193.7711781683239,27.67623124841701,0.02488831334446379,7.70858820224104e-05,2.5865593,4.4864783,6.75625,EXP,0.8796005
194.1159999244035,27.28989052873361,0.0248452449481236,5.914519406247739e-06,0,0,0,,0
195.1609896921201,27.47650748654134,0.02633899508951815,5.975385230749376e-05,17.062721,28.564526,38.080486,EXP,3.6290915
195.0796229575233,27.55370785176635,0.01965476076558467,1.705261992905243e-05,0,0,0,DUP,0
194.7241675990123,27.38864235188538,0.02575830735039248,2.431989716957901e-06,50.930042,78.43511,105.571175,SER,2.1445646
194.267708044865,27.73006570423828,0.02962679001420744,3.719209770180944e-06,230.8084,437.67154,687.25635,SER,5.892622
194.4353061071686,27.66750281251451,0.02033265714949161,4.359082657894136e-05,23.748571,45.296974,70.82559,REX,1.6124445
194.8784416689941,27.88424246675685,0.01573610296649326,1.439862124444977e-05,0,0,0,DUP,0
194.3457118586035,26.98788157100548,0.02793901596117081,7.191417051151396e-05,134.10905,235.08408,326.87833,SER,10.132896
194.580653553244,28.69860516360982,0.01933186659536906,3.298509443567629e-05,127.94545,232.8029,353.979,SER,4.315687
193.9344382572682,28.75494521429678,0.02744006987853628,2.559787136433717e-06,114.76783,152.30518,173.94492,REX,5.321086
194.5031674187591,27.45400526513287,0.02563978038980859,1.805758101122995e-05,125.461296,262.344,442.6486,SER,2.35809
193.9717860516732,27.81743750433812,0.0198254576347052,7.433580046111545e-05,6.932085,10.85556,14.308789,REX,1.9373463
194.4993665478628,27.39202899189565,0.02444122371412969,7.835783867548265e-05,26.973822,49.690388,73.507866,EXP,4.52196
194.4146034571097,28.05842977633271,0.02325895836747793,4.385706279660442e-05,28.378555,54.057365,81.166016,SER,3.9871948
195.7188200069897,27.86750257545002,0.02799334854618946,1.643504989332136e-05,22.663986,46.457794,66.18836,EXP,1.6965885
195.9581496786047,28.18567271968432,0.02336448658136389,8.271685647843361e-06,4526.078,8964.201,14683.934,SER,14.495471
194.7913013350246,28.16446691780515,0.02870359126581434,4.324472934419223e-05,60.583977,109.28278,157.43384,SER,5.2691617
194.925400008633,27.9430174860227,0.01873133089831659,6.454739783567337e-05,18.4954,35.28624,47.606163,SER,3.9907675
195.4701671308763,27.87117132548406,0.02531080502523515,4.711863114301127e-05,17.720407,31.775648,45.193005,SER,2.2333963
194.0917192385772,28.00517693182026,0.02391307583977996,4.991120379587637e-05,25.081455,47.893684,73.23354,REX,1.4920115
195.8895218911607,28.58274884787829,0.01889475793346122,5.952508075919835e-06,27.042084,45.678173,64.265884,SER,2.9754379
195.1355024556543,28.03373397492103,0.02094872228750677,7.01391897461748e-05,13.159967,26.997507,46.12915,SER,5.808712
194.1766983689419,27.54825097110433,0.02538012260486925,5.609512158053968e-06,107.28419,202.98405,324.53662,SER,3.8899004
194.4470827946175,27.83334124083528,0.02022254944890162,5.671922883116626e-06,615.49945,1273.0214,2240.5095,SER,4.05868
195.9079145078407,27.61645753741293,0.02198152899186016,5.796898297735434e-05,12.4744835,22.320253,32.324055,SER,3.1337311
196.0536699550457,28.19358667411009,0.02141115699062606,1.073378933045403e-05,0,0,0,DUP,0
195.038152975765,27.83951382504385,0.01905665998363127,5.226649975994358e-05,22.640316,43.282238,65.80803,SER,2.8557856
195.1258022669613,28.1600754899512,0.02360962967290837,2.777937543418912e-05,75.68099,143.12448,222.2768,SER,4.1642118
194.7758388362211,27.62706241358216,0.02249996808398702,0.0001127809343724074,16.083143,29.867405,44.806744,SER,2.2232502
195.1377759904782,27.63625355534918,0.02522882198149501,8.021159318383762e-05,0,0,0,,0
195.4739080467527,27.62445099161463,0.0262241193562387,6.68073644691501e-06,4331.62,9211.044,16819.303,SER,14.66298
195.4307196090838,29.04464312569925,0.02379733970628976,5.276316103731624e-06,1982.2383,4123.96,7576.913,SER,18.73859
194.5248252785997,28.24121040683105,0.02446431143421883,1.068762174561473e-06,17.981842,19.143044,17.754755,PSF,0
195.6483837306403,26.66219580213836,0.02471982403767594,2.409103628746448e-05,158.30911,319.00696,522.36646,SER,4.2921214
194.4205997212755,27.12800531862012,0.01833799197291219,5.802233060824323e-05,32.956646,61.844044,91.674866,REX,4.175819
194.9079536111497,27.90733878226241,0.02678249548171192,1.222345579075474e-05,0,0,0,DUP,0
196.3136579888875,28.41641053148501,0.02289890835382714,0.0001227638421046614,9.4976225,17.913431,27.09872,SER,2.1453881
194.7993080387193,27.81692667224073,0.02097978328866747,6.266981374658954e-05,28.063835,55.22005,87.30248,SER,2.1129782
194.579931452835,27.76210973041895,0.01819393045637379,1.535568720797952e-05,207.10138,404.77524,656.88837,SER,2.9477117
194.4459996054111,29.14947857815285,0.02391927597260269,4.610575034213325e-06,558.50433,1108.5037,1957.1154,SER,4.239697
193.8308090535148,27.05741146333953,0.0245082197149491,3.744029700381854e-05,39.113033,72.7697,109.68015,SER,3.9902575
194.6295255126342,27.89551338299621,0.02298736043291674,5.610368994539014e-05,38.992397,73.03377,110.28577,SER,3.1517973
195.8904079834103,28.23939009388687,0.02736394615429218,3.757386952345287e-05,106.4948,181.7834,257.41125,SER,4.9812207
193.64285098048,27.63415875503826,0.02774536242755374,2.593996670478252e-05,30.442211,42.808983,52.67154,SER,3.0709543
194.0613467883387,27.50442277771451,0.02530327587006088,5.933979790343948e-05,0,0,0,,0
193.8955938866513,27.40438319963048,0.02251131605243648,8.19205390636341e-05,8.180931,15.551965,22.509804,REX,1.8443999
194.3244504899652,27.81253183782847,0.02355629618237736,3.16058815371219e-05,0,0,0,,0
194.6639773805608,27.95259866161855,0.02013460904662025,6.589094587636505e-05,0,0,0,,0
195.0944033729628,27.96523320969776,0.02150494659387682,4.962635171319968e-05,16.809797,33.40624,54.453724,REX,2.3038187
195.2132038680671,28.04711241121796,0.02124892710198351,5.273192023986676e-05,102.58798,202.33461,332.86957,SER,4.97943
194.5405349332545,28.70696129404452,0.02548288007573639,2.869596686378974e-06,43.41588,57.069714,59.391697,SER,4.277167
193.6383065259979,27.63275185430525,0.0243895134935124,5.895085940979718e-06,639.63153,1463.0941,2947.177,SER,9.63337
193.0583465648641,28.42672174971892,0.021669201841492,1.635163719040498e-06,14.091939,17.391546,19.195757,EXP,0.7675988
194.7385624359199,27.75226458694219,0.02303351609873851,5.632738850478718e-05,10.541992,17.65002,24.182066,SER,1.4527372
194.8697372108203,28.04054325793638,0.01874392540602239,1.518939260320819e-05,372.27365,781.0064,1383.6498,SER,4.5759683
193.2037739986442,27.40183932420998,0.02578203683719175,5.051613583555224e-07,653.00775,941.9037,1192.1093,SER,4.9435973
194.8777297795289,27.7914196810272,0.02594940583058569,1.4052797335107e-05,303.11768,620.4149,1050.9539,SER,2.6654415
195.1656748634592,27.92395406487491,0.02504998100047165,1.502804444940457e-05,0,0,0,DUP,0
194.5765868937599,27.31205742388457,0.02430669227029832,4.105511733703989e-06,0,0,0,,0
195.6158255178964,29.48759575768995,0.02360889746166114,1.811889316277744e-05,125.25465,249.61475,409.21027,SER,2.396558
194.6361068805629,26.59482067289216,0.02333134357622783,0.0001576559839182296,3.9508927,6.589675,8.812816,REX,0.9642972
195.5360875354227,28.3870949393111,0.02534774060711454,6.378764805237445e-06,1150.5576,2467.7834,4621.0967,SER,7.358262
194.2214241785846,27.92949332971979,0.02049332159815115,3.849404058335174e-06,0,0,0,DUP,0
193.2815226030407,27.03815762169063,0.02546867956083515,5.62283195441448e-06,314.2415,649.59656,1106.9888,DEV,7.899769
195.0533892403236,27.8300219666179,0.02046493194243013,6.968448780415444e-05,9.5802555,17.880714,26.500956,REX,2.338325
194.9860906901331,27.93004387757779,0.02577661266895224,1.616815216018389e-05,500.25302,1054.9541,1808.4883,SER,7.66318
194.5285417984358,29.03454574498166,0.02421375158385364,4.833912032118817e-05,187.86528,335.01147,503.42322,SER,9.801436
194.9424993460167,27.80697604528751,0.02794328116641129,4.248629027980257e-05,34.70987,49.440403,60.51659,EXP,3.2590377
195.684988879414,28.04533587718967,0.02081498567343075,1.150028445658981e-05,0,0,0,DUP,0
195.445954030286,28.09498545432778,0.01938839581092983,1.183582701996128e-05,0,0,0,DUP,0
195.3385049230986,28.19884861547208,0.02621928613988706,4.744043129048401e-05,23.639574,43.073326,63.921043,SER,4.402197
194.717096717106,27.78510676629753,0.01893333744597479,1.121293439716795e-05,0,0,0,DUP,0
194.8555667895779,27.96791814959313,0.02568163492340037,1.321881908112804e-05,362.9278,772.70715,1376.0613,SER,4.74142
194.8608173082953,27.99847470968777,0.02234326769802292,1.294361475151533e-05,283.13776,583.9295,1010.581,SER,3.4250271
194.7662772328131,28.12369666414575,0.02643586521976503,8.975937682656845e-06,2443.9521,5347.5444,9964.11,SER,7.818141
195.3952439876396,29.22036706936783,0.02532843697488634,6.199663545533795e-05,14.817797,24.32414,33.313362,SER,2.889942
193.2978756976657,27.83775994443802,0.02312076784375156,2.421843392135484e-05,43.537304,88.30693,143.16884,SER,2.5510454
194.2693250692386,28.20875956053871,0.01706045396360465,2.224454273661694e-05,0,0,0,,0
195.0431702635038,27.95907530284793,0.0211539945881704,3.983716740339987e-05,100.77174,195.48859,303.59686,SER,6.801648
193.4122916268952,28.4459686895831,0.02295633382894503,5.588994492704459e-05,41.432983,77.36871,109.26185,SER,7.280286
196.0948823495378,27.65345883249839,0.01601852924013979,3.663151061136949e-06,39.2991,60.07206,77.99224,SER,2.9993875
194.9230606056514,26.72825116697797,0.02299603002410815,9.003498112318415e-05,44.871727,84.53338,122.48428,SER,4.7994566
194.1751036537305,27.06099244508298,0.02501058342475888,2.730605124417222e-05,17.384851,32.766872,49.926964,SER,1.838108
194.9139032237185,27.51890345837822,0.01959672959739349,0.0001416982371273879,15.5133705,25.909328,35.474533,EXP,2.91918
194.0457993491198,27.37137404018733,0.02515948944837333,5.950240824772262e-05,5.831655,10.657638,15.889648,REX,1.0466261
196.2422871105598,28.14163765360769,0.02519148897317829,0.000106541169088707,11.08234,20.566132,29.792622,SER,2.4868176
195.013019338266,26.89122141317799,0.01912651210381008,4.484365211182492e-05,0,0,0,,0
194.5065474831243,27.4896840465128,0.02551101756838278,1.996809270111911e-05,0,0,0,DUP,0
194.9996399081297,27.9893964871176,0.02190315039688786,5.457942660522079e-05,4.7031717,9.932482,17.179588,REX,0.46870708
194.7575129457985,28.22534607663499,0.02681975998714763,8.972299674836002e-06,1189.7599,2575.676,4705.2305,SER,5.8802943
195.3136339860444,28.03903167447129,0.01885974903925645,5.283863262551353e-05,12.430805,23.364162,35.40481,SER,3.3632503
194.8949195615772,28.53729001747731,0.01971913324315691,5.125877784701482e-05,49.92208,95.09775,149.47456,SER,4.7117534
196.2606069853607,28.73901389464857,0.02790491259741426,7.819550935468346e-06,448.0638,907.3769,1547.9159,SER,4.5718694
195.1090503945017,28.00890508032617,0.01863549552765943,8.363946184145041e-05,34.53656,66.52712,103.962975,SER,2.576826
193.9490472291636,28.25616645684515,0.02706947590224964,5.153768672312128e-06,303.18158,737.3207,1545.3025,SER,7.6062837
194.4714144055763,27.70730523105576,0.02159541267608888,3.640756497136261e-05,170.05676,339.2687,563.6117,SER,12.134688
195.2931614676118,28.39533242865488,0.03075444005109808,6.228540943866478e-05,14.429361,25.971388,36.294094,EXP,3.1806946
194.0149905473448,28.43478569948296,0.02282570464055465,2.096167567938643e-05,0,0,0,DUP,0
194.3384631243923,27.49191433575023,0.02641017994642456,9.278539127612356e-05,0,0,0,,0
194.6975613146496,27.67470769828514,0.02794509936487224,1.141193161602866e-05,1798.8729,3776.8672,6689.3267,SER,13.43617
193.0705194039953,27.53069396292265,0.01815591903755742,2.419831401743664e-05,44.555714,52.571922,62.43679,EXP,13.8336
195.3784929040635,28.55778492449356,0.02296884826097099,6.240989359518116e-06,125.53218,185.2767,229.88998,SER,7.700134
194.8159475366675,27.88602169373189,0.02202261974299753,4.952687015354503e-05,14.916835,29.077087,45.09998,REX,2.0565593
195.2548336088846,28.78849308974173,0.0254967163829193,7.176650797315966e-05,30.237,56.199306,82.87358,SER,3.1809077
194.8235812142145,26.725109717227,0.02253065761177981,6.823169255225445e-05,10.084671,18.076817,26.607878,SER,2.6080852
194.1443109463123,27.22753431224893,0.02404810121353608,5.629901051691332e-06,445.14966,797.465,1229.7761,SER,6.3362594
194.8200264730567,27.53324374064596,0.02613191015549667,8.04631713211588e-05,43.185482,76.48395,112.759995,SER,3.8333905
195.233517015381,27.79083393559372,0.02657989930696872,8.760573132480828e-06,4448.714,9054.119,15915.944,SER,18.844858
194.5251474791592,28.24017217946662,0.0246962007541175,7.806346048080191e-06,397.10837,398.0122,361.7496,REX,6.0784
194.4896802302646,27.41364343964838,0.02575806034150789,6.735869159510859e-05,19.790129,37.542664,56.389015,SER,2.4959676
195.1373610379999,27.90184844513416,0.02191205667833514,0.0001462256648911956,9.07541,17.323576,27.92231,REX,2.8459475
194.6229323621742,28.30122787345552,0.01969379444353266,1.308993680408053e-05,286.95905,552.2155,927.8724,SER,5.8229523
195.0356959269767,27.39667297932176,0.02031542790061485,4.256985694326084e-05,14.42235,23.384712,32.078896,EXP,2.1865373
195.6607698887087,27.72302024682352,0.0233446936663531,0.0001002633233968039,20.679462,39.157852,57.879932,SER,3.335559
195.2028416408664,28.25431878257692,0.02105731355175916,0.0001516218429050135,16.811474,31.4297,48.61437,REX,1.9265567
194.319933901985,27.61846392862605,0.02420894399256399,1.289287682962469e-05,363.88074,772.3131,1359.831,SER,1.7305069
195.3430952695763,27.33255827345448,0.02193908969618593,9.862622401330128e-05,19.771875,36.864433,54.91882,EXP,3.9902072
195.0536538495855,28.07555201190722,0.02503363833342385,1.761051759192586e-05,0,0,0,DUP,0
194.4392440178603,27.7714643819971,0.02252231349951097,5.828880340548056e-05,21.957468,41.41478,63.43592,SER,2.8306112
195.5422714482129,27.46614077991961,0.02318376233633435,6.655871046531484e-05,11.796665,22.053463,32.274982,REX,1.9182026
196.3020949788454,28.1524493608306,0.02177061172928574,3.069894756894004e-05,0,0,0,DUP,0
195.5197906443558,29.24888415936012,0.02346851600150189,4.187691566469273e-05,0,0,0,,0
194.0253521084157,27.67747906791697,0.01625146957422629,6.546861044469998e-07,44.683926,59.606236,49.148193,PSF,0
194.8828942181715,27.86129064182015,0.01558470166584002,2.997249150971578e-05,61.414043,120.85749,193.41534,REX,1.6196413
194.5090710408215,27.18001039942065,0.0214264563093802,5.349359948263511e-05,8.511258,15.575782,21.571297,SER,1.6417339
195.0924951132636,28.24710822113533,0.02508375843424396,2.668846995251427e-05,100.76459,200.26659,330.4255,SER,4.161267
193.5231985260831,28.2327890635098,0.02423544692394913,6.318489449346626e-05,25.776026,48.710804,73.01958,SER,3.2499578
194.2084407917846,27.88221608544621,0.02123085461064127,8.848923473405958e-05,17.48174,33.771786,51.72868,SER,2.1960204
194.0397916730174,28.31088334529316,0.02638560409913719,1.172353717895738e-05,371.6871,757.6291,1272.8564,SER,6.1179934
194.3051280880718,27.41034138636902,0.02452827382046014,4.333111486115281e-05,20.05982,36.90436,55.357876,SER,2.2518206
194.3316470323075,27.61377901104954,0.02596790522167129,3.859781318058442e-05,106.720406,185.39423,268.63895,SER,4.7627444
194.7276375206253,27.79564426496274,0.02163135873864396,2.883083916686759e-05,173.8849,355.59116,594.4867,SER,4.3617053
193.9541658437029,27.90585895034149,0.02317467549996928,5.064114095782069e-06,0,0,0,DUP,0
195.0177745457875,28.15509819943815,0.02197255266986385,3.045932432207359e-05,83.51474,165.32523,265.74744,SER,3.3905618
194.4297971298239,29.00419987036506,0.02335678499195187,5.42914324938071e-06,0,0,0,,0
194.8653863072959,28.02936892138157,0.02606444973672692,5.365917591957619e-05,6.662192,11.781267,16.822945,REX,1.1268249
194.364460027393,27.50367983554863,0.02429204627704658,4.374334795103673e-05,0,0,0,,0
194.489836766916,27.92486496597412,0.01871052286504658,0.0001002665333277039,20.132689,37.77304,54.725716,SER,2.9713237
194.7039303566603,28.54000452798343,0.02090187751987377,3.403127958155345e-05,79.19486,152.1166,242.94252,SER,4.107759
194.9172944442438,28.63086751544175,0.01782881524561038,1.182265204359235e-06,682.8593,889.8639,1076.1826,SER,8.002454
195.6597796790388,28.45568930865816,0.01852868951832,3.015779316023556e-06,24.689865,31.18806,35.406353,SER,2.2735548
193.4450770478265,27.48752421581588,0.01696455033960877,8.535199987104611e-07,99.64388,144.57019,185.54218,SER,4.738676
194.4478191982073,26.78594989154183,0.02518134483688187,1.515220724987078e-06,6.293609,8.436114,9.892421,SER,2.0074914
194.1122761795898,27.67560245442943,0.02409187067294634,5.027984665392337e-05,11.973047,22.85177,33.62319,SER,1.9585664
194.0849164164495,28.05081309700758,0.02536595607039713,3.910635609128083e-05,74.24246,145.35078,233.65251,SER,3.2896261
195.2079991311614,27.40581597589031,0.02198767710094661,1.406269104180064e-05,0,0,0,DUP,0
196.1544104774948,29.14672163094555,0.01940581094187081,4.007535908017996e-06,86.79664,130.97401,171.56987,SER,3.66576
194.3646280808337,27.63626149868604,0.02681951089442489,3.209443455770528e-05,109.97184,199.95288,300.3041,SER,4.2839065
195.017561903008,28.15681942000414,0.02394405465180777,5.468609713443132e-05,42.971157,81.33652,122.99759,SER,4.387285
195.6940077489805,28.10073834517482,0.02598456670096838,4.767934129783332e-05,9.219259,16.545849,24.564203,SER,1.8609776
194.72269651328,28.12608169328549,0.02342191205766012,1.135061730748195e-05,423.38287,893.472,1588.103,SER,3.2760787
195.2876838742086,28.35983120954688,0.02305308098081202,1.090525844125639e-05,0,0,0,DUP,0
195.925902915076,28.90553053641094,0.02237998411057971,1.260110833286926e-05,468.13425,928.62915,1582.9747,SER,5.1331224
195.5492734557439,28.17561180389679,0.030071504994515,2.015693468635463e-06,26.020195,29.722649,24.813658,SER,2.6451502
195.3611892992802,28.43590128979733,0.01926230042666226,1.008500355372303e-05,168.5769,336.85635,560.7414,SER,6.336012
195.9580776967148,28.18575892032245,0.02334900999576264,1.160789589561776e-05,0,0,0,DUP,0
194.6300843069967,27.85546469211967,0.02912495061228155,9.605246449811042e-05,41.096085,78.77035,121.93049,SER,5.730784
194.7575230059051,28.22534972871889,0.02682032441216004,1.467276097199083e-05,0,0,0,DUP,0
196.3021186061892,28.15238050219073,0.02171475091808035,1.147878649904641e-05,204.29465,401.4225,656.82294,SER,3.0531616
195.7578755978025,29.01372439231893,0.01719874010831044,3.545938667630936e-05,0.30049232,0.26751566,0.34093013,PSF,0
194.017562252425,27.28558603396706,0.02236610227106432,2.697214873661476e-06,66.58137,103.81461,141.36938,SER,3.1197622
193.9390849515748,27.79631522221279,0.02293089367428888,1.80576214453771e-05,73.5593,142.38237,224.61417,SER,4.847587
195.4882752413832,29.05019524284977,0.02429796977437612,8.732534530482807e-06,40.613674,62.86864,78.98382,SER,5.621222
194.6515106301089,27.10410819017227,0.0265539850243665,1.671260318464567e-05,0,0,0,DUP,0
194.8599066286761,27.98842625797221,0.02583594430844165,4.670393028757742e-05,15.338413,31.996696,53.617218,REX,0.7289119
194.4861149071221,27.03748683947352,0.02474874719273227,4.968270568890828e-06,387.86905,815.5294,1489.8424,SER,6.0950255
194.5184751774678,27.59981662907954,0.01994695529637811,4.647473566796052e-05,16.587292,30.306768,44.974712,SER,2.7392673
195.1434690086171,27.93473621771412,0.02921081772397783,5.587968721766307e-05,84.829956,164.91194,260.73566,SER,5.126163
194.6371238252777,29.45914991144491,0.01916510496166835,5.074993900762805e-05,12.541971,22.664492,31.573603,REX,1.2135073
194.2819417619626,27.34051785083779,0.02439002096789328,2.33539528629525e-05,58.72659,118.331795,195.22311,SER,2.6042206
196.4535531749159,28.10652283080698,0.02442065678947599,2.022361013821808e-05,0,0,0,DUP,0
194.0117716922334,28.1833962229146,0.01863249209800348,0.0001681729251594838,18.44565,33.949196,50.52368,SER,3.4724567
194.8421047642657,26.79709917726347,0.02154047215628752,2.582784106980418e-05,117.017525,200.87328,284.4881,SER,3.613573
194.9262634302738,27.92475035110483,0.0231240679783427,8.063413434198427e-06,398.80698,852.2678,1481.352,SER,1.755958
194.1095957591672,27.72729487879813,0.02285348965743243,1.1112108716522e-05,318.69406,690.4576,1216.9491,SER,2.1450226
194.2683517006373,28.2078275224347,0.01701608035390487,3.130775685332109e-05,0,0,0,,0
195.3540991559223,29.30488306119932,0.02370321937804774,0.0001840386117209363,0,0,0,,0
194.8836765179389,27.72045349333432,0.02554605308150752,6.213099231171193e-05,46.9717,93.21097,151.39064,REX,3.7999957
195.5466253520242,28.1719753362498,0.02986498679998048,4.391925579880813e-06,22.457716,33.29084,37.830975,SER,9.282586
195.8998474920704,28.1669343288167,0.02202404350296301,1.976838536199424e-05,84.657906,159.49344,249.17506,SER,3.430185
193.1458073696842,27.45939078718838,0.02498476307928007,3.582133781119075e-05,49.297615,96.392265,150.8049,SER,2.1388202
194.2108926623071,28.92983572698582,0.02702288541524407,1.303987769700266e-05,0,0,0,DUP,0
194.1959716757756,27.05684685669902,0.02160419125402697,5.702201182195282e-05,48.977924,86.15393,114.41486,SER,4.7100987
194.6319455193706,27.39500106915682,0.02523513725768493,2.460069193679619e-05,55.459713,90.808235,119.405426,SER,4.685602
195.1482788658566,28.14608475720931,0.01820071566666025,7.474289228599619e-06,732.2136,1456.5887,2468.9148,SER,9.885425
195.7357089281596,28.07039257160669,0.02593289865593309,9.75739463144669e-06,747.57166,1472.4164,2470.6467,SER,8.76383
194.8464545267605,28.4886245392434,0.02334424924377882,2.004330859981354e-06,315.2252,501.01245,715.8178,SER,4.188318
193.593034623279,28.37368868379555,0.02557809661999356,1.870927596921499e-05,23.764763,41.286816,57.765057,SER,3.3928893
196.0733286436489,27.98569591792625,0.01944153490975655,0.0001232849353643166,30.320255,56.502014,87.43407,SER,4.0990133
194.9074257202915,27.33640126104815,0.0233754929339712,6.600362805778691e-05,0,0,0,,0
195.5230179790815,27.2972701275521,0.02426788394106471,7.944263024816251e-06,222.49698,445.1822,751.85205,SER,6.2329173
194.4147354736688,28.13043959965152,0.02136507590804503,3.925000337308602e-06,1.1102878,1.0661085,1.2725441,REX,0.25842044
194.8080269972645,28.07622209518792,0.02608627260763242,1.414160778199111e-05,998.60266,2053.5615,3638.3784,DEV,14.283738
195.6850033399188,28.04534064615137,0.02081253118260921,1.029147814510693e-05,1886.2411,3892.4229,6788.897,SER,11.505627
195.4833932926795,28.28890096211208,0.02476347075420415,4.574232507609017e-06,75.57248,115.93506,150.10413,SER,4.760166
195.4826564293832,29.32274242010876,0.02376855176461423,1.338646270117856e-05,393.32657,808.50757,1357.0614,SER,5.1518626
196.1489499117788,28.62768093702911,0.02239243998395015,2.305450400784602e-06,416.86816,613.886,811.5123,SER,3.9106858
195.0933098716295,27.623557673943,0.02537358311307998,2.670214556376669e-05,178.82445,352.77124,596.7016,SER,4.148698
194.4018583196737,28.07703174989104,0.0225560488281364,1.944906501238031e-05,290.02853,572.0922,956.4025,SER,5.963422
194.3645530180319,28.43971628363438,0.02593577879828139,3.34511188622126e-06,149.6219,269.07806,402.70822,SER,5.0535817
194.5548876443424,27.02046241387323,0.02672825749767051,7.898010031562049e-06,17.10614,28.256216,38.93732,EXP,2.2931905
194.8375512779128,28.44147759526095,0.02186365028463559,2.996692582063479e-05,111.32119,219.08165,358.67657,SER,4.855511
194.14667486234,28.27547242459825,0.0243619793363596,6.764452031400001e-06,630.63226,1328.0165,2283.6082,SER,4.639667
194.9644462423983,28.07349420722628,0.02498809329774851,2.37939480109168e-05,142.6256,298.81387,517.91565,REX,3.9856727
194.6407376368614,27.83677481855916,0.01500247000361873,3.308676785107132e-05,82.13746,154.28992,241.62633,SER,3.960702
194.3749384395155,28.18806625220568,0.02321687548116047,1.190982341785109e-05,0,0,0,DUP,0
195.4340790917482,28.21436477625392,0.02607861715051473,1.654700648478244e-05,154.43744,308.87753,520.47797,SER,2.8098996
