mean_fiber_ra,mean_fiber_dec,z,zerr,flux_g,flux_r,flux_z,morphtype,shape_r
194.5726062577492,24.84273276606944,0.07902071207584008,1.473879117901257e-05,154.15085,357.53033,650.45953,SER,2.9556322
195.1148117732964,24.40166106047672,0.07362359282571308,1.926693008166293e-05,9.758482,20.211897,35.225094,SER,1.8119907
193.9564844917866,27.01201582785631,0.04688857645190474,6.216164884775052e-05,0.29270834,0.28666717,0.36341852,PSF,0
195.6489538475565,26.00672195139468,-0.0001435420835290497,1.714748500753061e-05,35.97461,45.9038,47.18008,PSF,0
195.9601539658001,28.1786077114231,0.02122220058879233,3.180084794917915e-05,112.765945,204.14436,316.3955,SER,4.126032
199.5172829250463,27.90150024059221,0.07468405322008409,1.248948577408358e-05,246.51471,426.6811,613.44745,SER,0.72994906
194.1799776272693,26.74200465383424,0.02319314193455727,1.396141911723787e-05,216.97513,434.6729,683.18756,SER,3.4501996
194.4760577063395,27.62805288784273,0.02575051652980783,5.229274493642771e-06,36.124958,59.397026,81.08071,REX,1.6970975
194.5669271892616,29.09255573569521,0.01955276279259705,4.161534657653153e-06,23.658419,31.461912,36.33657,SER,2.3642392
196.0305561590363,25.72520507882286,0.02423051112646809,1.100984646840618e-06,105.99739,141.2041,161.90422,SER,4.3241997
196.3709866739179,26.08105720357723,0.06415197670259559,4.180829583196801e-06,114.163414,202.46985,319.41336,SER,3.1007695
194.7421522987582,27.59474207640424,0.02009877391295821,1.606475658636965e-05,0,0,0,DUP,0
195.7984562912231,24.67492392782906,0.07376603607700277,2.706695425266813e-06,16.502922,24.370802,32.206352,REX,1.11174
195.1214942522383,26.67534430849706,0.02403991086759395,5.44371656548634e-06,1106.774,2282.4272,3911.0437,SER,4.895376
195.1714874674458,27.8949823404499,0.06099861020346655,3.3362089874574e-06,157.26471,295.40002,472.65573,SER,5.120767
196.2378795408185,28.4506078152118,0.06962712881184635,4.236040300355831e-06,50.0825,77.82523,107.56693,SER,2.7687685
195.0146805238383,25.003556587335,0.02584177861372973,4.190462215700705e-06,49.690945,67.32266,83.913956,EXP,5.1405683
193.4896117662965,26.38233629455375,0.04530568450632181,7.513514429513965e-06,12.052058,16.504742,21.012072,EXP,2.7683039
195.2578287760005,25.81717780240963,0.07525159697513871,3.50889760483802e-06,0.40568337,0.25698078,0.3038874,PSF,0
194.1537359698564,27.88488515820249,0.02114163415175932,4.683131335124155e-05,88.29976,170.25946,266.05496,SER,7.447161
195.1398178847051,27.5041205714188,0.01862248180106636,1.16889215528974e-06,297.8777,395.52487,467.5778,SER,4.4389505
194.8666028171896,28.128300393867,0.01838860831667521,6.255284695688357e-05,15.467679,28.885101,43.12519,SER,3.616042
194.917111101161,27.85490884976447,0.01272966361296166,1.185823587422137e-05,290.09683,600.29553,1055.01,DEV,5.99008
195.2709826163943,28.19685919829433,0.02151520184077568,3.814936063513793e-05,33.605442,62.767315,97.49164,SER,2.313389
194.0814412091445,31.33582117976532,0.01717519155787023,3.332259956601134e-06,57.564987,76.37596,91.84255,SER,1.642333
194.6805192919455,23.84695762208914,0.03125850253880198,2.165714158734545e-06,8.893163,12.644105,15.29038,EXP,1.8631989
195.2160996852272,24.34021968061738,0.07533930532934688,9.278570211629345e-06,104.96733,240.4887,490.66693,SER,5.1845255
195.1361817135515,25.78061806633551,0.07621370752032039,1.881333285392934e-06,93.09078,197.27376,338.51404,SER,3.179652
195.0098394204484,27.14981701329648,0.06173523037388421,5.201435718056959e-06,60.165325,114.96402,189.10564,SER,3.301091
194.9178344002945,27.96821627746748,0.02523477818828328,1.447747440214897e-05,279.75107,600.7483,1065.119,SER,4.6858153
195.6960192019965,23.46715253379468,0.064065233303356,1.64357626732206e-05,0.35858324,0.42924032,0.68618447,REX,0.23638794
196.028207832145,25.972462766782,0.0600272703420197,1.070077968337425e-05,492.13226,1138.1838,2253.243,SER,16.23844
194.1019214092204,27.53845992489688,0.02541291882126287,5.210717639879999e-05,30.749573,57.18065,85.16866,SER,3.772675
194.3993814044969,27.49325652799526,0.02442873584972087,1.016504563028502e-05,1296.9718,2851.7505,5237.2036,SER,3.9461288
195.0420327480637,28.46202223476808,0.06197105795126984,4.224582163998277e-06,10.354603,13.783217,15.55696,SER,1.124327
194.2353188262847,28.73769281981375,0.06926559715566204,2.030787124116934e-05,0.53739375,0.37384266,0.8062392,REX,0.54436976
194.669311259145,29.69662381702098,0.05729187526179151,1.108171450387189e-05,11.242774,19.492281,27.632025,SER,1.2495638
194.223924098767,25.09873476242749,0.07235520877192836,4.78759188160461e-06,6.3330064,10.7738,15.15625,REX,1.0777462
195.9744874505823,25.37272324551459,0.07315634524361268,2.572946660386192e-05,31.291346,51.544334,73.99592,SER,4.564778
194.5681744613941,27.72505186221262,0.06861254178126351,1.981769037099607e-05,0.9592611,0.6392741,0.20460217,EXP,2.5152
192.6344445327413,26.91413161475398,0.02621167256418248,3.279013276918728e-05,20.829876,39.121483,59.077522,REX,2.1000319
193.9846491861833,27.24884551104707,0.0293362098413515,4.043194966306758e-05,27.174803,52.0137,81.4452,REX,1.1650258
194.5795953602748,26.73435700444004,0.07031207605048856,4.321965174483988e-06,48.955257,81.79205,120.37328,EXP,6.071827
195.5489708634204,23.86896551839628,0.06121671851205341,6.609514677047744e-06,0,0,0,,0
196.3106656760643,24.84677317995437,0.07365445424198232,2.026764739231671e-05,160.90524,362.81763,667.6342,SER,3.6034684
194.5636637612505,27.46471027597894,0.02550796043244936,3.454400816324607e-05,41.089302,83.03138,133.61285,SER,2.605949
194.5757099132508,28.13692220604908,0.05049079731202866,1.437808067709381e-05,0.436371,0.54201716,0.70183384,PSF,0
194.798340471018,28.20720337450897,0.02526219115848368,7.074280650758642e-05,14.05987,26.479376,38.94622,SER,3.199215
195.7798314563022,27.87624959387835,0.06175448915892755,1.678091065927172e-05,83.69729,180.46301,317.02637,SER,3.178637
194.8641110391759,28.54079659908259,0.02708734610842422,0.0001208813778189917,61.98407,90.19539,115.36283,SER,6.148431
195.560589245425,24.43796298697989,0.06943956775060882,3.642229486317677e-06,40.54345,56.651783,70.876,SER,5.817078
196.391249573433,24.41404339896415,0.06058138987788071,1.782130854953413e-05,150.05048,273.58438,426.67682,SER,6.069386
193.5896448349812,32.76119463643056,0.05449741842327046,1.372177011518935e-06,8.947194,9.500564,9.352397,REX,0.44397506
195.6589408509986,28.50188148421108,0.01929363909290141,1.994755254741311e-05,199.51282,375.94385,584.7037,SER,9.095664
194.0075716515349,25.49195202957861,0.07934406017722535,1.931059223793689e-06,74.09374,127.62553,188.96278,SER,0.6193484
195.4007244543927,24.8164006857041,0.07478023289942692,2.294766631187852e-06,9.994426,12.719323,14.644826,REX,0.34854707
194.0053125757141,27.44003549115669,0.02507795563478644,8.620500170707462e-05,19.786547,39.095356,59.342228,SER,2.4241805
193.4963427185046,32.65525140314205,0.02319331161350528,5.43219645958071e-06,143.5201,200.19574,241.33882,SER,6.6008573
195.0152879490968,26.82041187299978,0.07846856862484997,1.459989480772538e-05,201.43248,480.90564,949.3204,SER,3.8935585
195.1550823167108,27.30577225396722,0.03680632117958682,2.533635195290105e-06,2.8189604,3.6318326,9.528057,EXP,0.96758425
195.0040816244569,27.94547605357012,0.02288264568657929,4.283821895637216e-05,141.08739,276.2559,439.58707,SER,7.6362476
195.4382779051059,27.82477316418599,0.02523737219466667,4.611577981140412e-05,26.861225,49.896725,75.208885,SER,2.5157316
196.892529344858,25.27476249388203,0.07285971783278493,5.653301523740186e-06,0.60629314,0.7802958,1.0024323,DEV,0.20645487
193.3794046664595,29.21910637219134,0.04343538061255557,4.277043650405285e-06,0.39919138,0.44281515,0.6462329,REX,0.3012058
196.9216616269122,26.23781375862655,0.07036947559276727,1.685027609616778e-05,106.04102,252.54616,479.47717,SER,1.8599497
194.9342041930937,27.86769265686213,0.02079910854217191,2.920551946223321e-05,170.05852,344.59033,559.99945,SER,4.2198744
194.2130831472546,23.99027637085477,0.06385814287770196,1.060392286196135e-05,0,0,0,,0
193.6530953735833,28.92991864862366,0.00784609440316027,6.894654645799992e-07,25.720419,31.382927,17.883438,SER,1.5224199
194.9943023741561,25.88808977736289,0.06947412194098243,3.663122914626374e-06,50.261574,81.21103,112.8737,SER,2.4945614
195.1843527404478,27.85832749540278,0.01762988002978759,4.045134473465901e-05,11.133425,20.309326,29.554531,REX,1.1373696
195.9791526557727,27.71183808281535,0.02454159062793579,0.0001071451770696217,11.83975,19.84975,25.940882,SER,3.4643722
194.9246823891739,32.2980930940756,0.000567177231612569,9.565923674381174e-05,8.066919,10.04946,10.815238,PSF,0
196.6051121840269,31.94456764563336,0.06132388096056612,9.064547372064163e-06,19.127243,26.225033,32.590443,SER,3.0842853
196.9499507673768,32.13684064272356,0.05098966042841178,6.091666925693119e-07,7.527975,8.225689,9.934828,REX,0.50171965
197.4291706803992,24.67130676462826,0.0421718719338645,2.118988197023036e-05,120.47421,259.60577,441.44992,SER,1.7574186
193.6873439809876,27.41108116371571,0.02587186852236873,3.272070550256941e-05,60.67964,114.885994,179.81158,SER,3.9340847
193.9387793321068,28.76508064705508,0.02248736364833485,2.541596794186229e-05,40.736485,78.246925,121.6914,SER,2.6348166
194.0824523330808,27.75107403070493,0.02302241663115065,1.054680887180429e-05,0,0,0,DUP,0
194.379715235475,25.48371840482167,0.07789834559307408,2.162844889408615e-06,22.393885,34.866543,47.57432,SER,2.687414
193.6070268040597,28.74324896496768,9.46831188114888e-05,0.0001025375450885402,2.467164,3.4306426,3.845413,PSF,0
195.9949393497756,26.23439317191405,0.02681081998065424,3.402158090950923e-06,36.172565,48.642277,59.070446,SER,2.7958095
195.225781585013,27.22971046929558,0.07852769243123658,1.722188191256033e-05,0.45581776,0.36405995,0.50404954,REX,0.42747775
195.259987762891,27.77532388586283,0.01725803454483043,6.2493479129844e-06,30.604124,44.644398,54.31315,SER,2.6895065
194.7073970221866,27.91988659394632,0.06080257539207112,3.596489340869407e-06,12.481371,23.485552,37.540382,SER,1.5487214
195.1580152451857,28.05745689704765,0.02577798105783286,1.595390506609128e-06,773.865,1355.6868,2212.6177,SER,7.9351287
194.7512092933712,29.1838397227427,0.06110296698199784,1.114997484732893e-05,195.56152,410.2804,700.11487,SER,2.3891528
193.2452668990049,24.40199266522083,0.0713327051262082,1.164899705052409e-05,0,0,0,,0
196.2389097094109,24.14304958278334,0.03877260322279658,9.815899288269142e-06,4.9344516,7.0290217,8.68821,REX,1.436029
194.4498623176943,27.72660328152015,0.06990755226409574,2.770063892319415e-05,136.69836,299.3062,560.9365,SER,7.149895
195.3522151482641,29.30837680743904,0.02387313336891351,7.686691534813495e-06,313.75815,669.07733,1358.1986,PSF,0
195.7392524916932,28.77643857033526,2.071654110547628e-05,1.472190815101425e-05,51.845764,75.75751,86.034424,PSF,0
193.8862148546111,26.90919380820084,0.02610572720770206,4.024193394317333e-05,36.099323,70.314026,113.018364,SER,1.9470905
193.9574271678553,27.08884867698134,0.02303809448044019,7.858927938881815e-05,62.733757,113.86414,165.69171,SER,5.699499
194.1609489779185,26.87607860429911,0.02309465271198419,4.610446772789151e-05,16.079176,29.684185,45.252995,REX,3.3493278
198.3184888964784,25.73249422869965,0.04253118619015543,7.206371317584923e-06,14.851805,19.111351,22.237013,SER,1.546054
196.2951479829528,28.75217703490858,0.01976550617877293,3.683729712920981e-06,6.931699,10.556455,11.940043,EXP,2.2406197
196.3734648386076,23.98561606132053,0.07374990140549174,1.936660517542726e-05,0.6916153,0.9250612,1.5328962,REX,0.403331
193.954192439993,27.90585651089726,0.02319196951310028,6.013194187035143e-06,522.1352,1104.2379,1942.3376,SER,4.37577
196.9532397859834,26.3582160641975,0.0639744253924791,7.805715191178799e-06,15.967087,24.28334,31.47775,EXP,1.5615069
194.3029272922836,28.13365256140402,0.02331265347588272,4.677284925571852e-05,52.187546,95.3634,139.68143,SER,5.0636024
195.2879417215004,28.92322371423205,0.06683163596372754,2.480943896261974e-05,0.79147285,1.0362419,1.6838841,REX,0.96370167
193.2619739141458,25.59184906153533,0.05978825159533975,1.010647837791225e-05,23.05078,36.21815,46.754692,SER,4.6973543
196.5113172358372,25.22388443135372,0.07822688993789129,2.081611903980118e-05,52.031685,113.74284,200.83505,SER,1.8227836
191.7568350032616,26.99100987796702,0.02046234294426522,3.422777120179094e-06,24.491064,40.083946,54.13199,SER,0.91162694
194.8951275472979,25.85223516201477,0.06947981093255134,2.864064698824755e-06,8.808449,14.787501,21.033278,SER,0.92877096
194.35521332384,27.40462305188359,0.01611005959805627,3.273667697341964e-06,538.026,936.792,1398.5126,SER,3.7398505
195.3037461591124,28.17256776013178,0.03232873924029411,6.352135736269555e-05,23.800367,43.776577,68.15965,SER,2.2979612
195.5728173743589,28.55466746821151,0.02217666819209153,4.239233115471457e-05,10.818222,17.576954,23.943766,EXP,3.3684838
195.3511587592965,29.1954090559903,0.06085511354386187,1.228010442755174e-06,41.20518,60.29702,73.52154,SER,0.7305683
194.8936794899491,31.0167859993781,-0.000248423993988124,3.93656843148647e-05,2.976661,4.9019637,6.3870497,PSF,0
197.3687243133185,32.44061598931437,0.06708287093246938,8.579570073373046e-06,12.629457,20.287785,29.20304,EXP,2.1321878
194.2349101625556,27.18130801246665,0.07361808992389256,1.246900274068669e-06,9.0297785,12.828036,15.543424,SER,1.0439187
194.4301371386965,27.5776208093817,0.02415381423204521,1.332261365424503e-05,174.4424,356.4242,591.6207,SER,2.765019
194.5667769670923,27.72620457807658,0.0688204856411506,1.702352597553142e-05,2.8135014,2.1878402,-0.30801025,EXP,2.7372913
194.8999022158977,27.90613133679231,0.03024498690663373,5.085067774561313e-05,35.298977,69.907425,109.15966,SER,1.9991026
195.736511444232,27.31705867643971,0.0228486839341526,4.28082515558698e-05,32.493103,61.331512,90.737144,SER,3.3018157
194.1635782894912,28.89564396055694,0.06250259242969582,5.241649213795323e-06,20.06464,27.310972,31.414927,SER,3.3456616
194.7962940008617,28.75776193942859,0.0785611252057404,7.895394708831972e-06,0.37079135,0.39317286,0.79853684,PSF,0
195.8812069547724,23.56469358836186,0.07017777249732461,2.178356727852776e-06,125.68519,156.25392,182.74255,SER,1.4440454
197.4538934180338,24.22557548751906,0.07196504692737118,5.915053116359806e-06,34.97927,53.31707,69.95148,REX,1.8456385
193.3981975653194,27.75873144823631,0.02495861284885802,1.657730439935962e-05,327.84177,610.61707,944.5911,SER,4.9132576
195.2556052542551,27.52044957966326,0.02809034638019667,2.022816820241842e-05,60.629745,118.36899,185.6358,SER,2.060575
195.4227826885345,28.07731232798166,0.02262452060405853,7.596992404962237e-05,12.391533,23.10548,33.885544,SER,3.5542812
195.9781559385107,27.42746521276292,0.05842758777461341,1.506307901079114e-05,5.3214154,7.821811,9.790443,SER,2.1386852
194.5169705005229,28.66664087692221,0.06831591930576877,1.223846426425211e-05,139.7099,284.79065,502.42197,SER,5.549699
198.4548878004473,31.7480770926873,0.02652577454916075,3.393197209994172e-06,12.469279,16.373255,17.123415,SER,3.043957
194.9118990175577,24.59760838954715,0.003456858069443247,6.344796419389962e-06,258.70038,354.03427,429.21295,SER,6.250721
193.9728135758049,27.15772909320115,0.03362430586639777,7.973144791035942e-06,4.0169683,5.109157,5.805476,EXP,1.7384578
193.9539912514185,29.46990721483769,0.0005264879410280047,2.05481272161246e-05,64.1991,98.252174,116.92688,PSF,0
194.7719973994544,27.27249036743616,0.02468405402029799,6.326363554845732e-05,8.907075,15.085448,20.85841,SER,3.1846225
198.5280877225697,30.73643194833439,9.821488614998097e-05,5.715604641809778e-05,1.0894576,1.3976339,1.4444754,PSF,0
194.2751533688254,24.75324010931405,0.07177003262172078,7.611264986920472e-06,79.83159,154.32985,257.35178,SER,3.7199516
193.4758568620579,26.96637413969741,0.02067632741584251,1.703353428827783e-05,447.88837,913.36743,1551.446,SER,6.244594
196.6993337348305,26.28108365238888,0.07391315283783315,8.154542194826825e-06,15.732507,25.34607,35.439316,SER,1.3114887
195.39596048652,31.54781160255085,0.05245023616082645,4.307633947183079e-06,55.273445,85.2687,113.9275,SER,3.0206048
196.1472406388859,32.80725263014751,0.06678336341008312,2.527118530213261e-06,49.412174,75.42791,111.858116,REX,1.959052
195.476247377541,24.77901380035744,0.06647578631223997,7.577975950546979e-06,6.6847734,9.0487995,10.452682,EXP,1.7801356
193.3921397756917,27.45850205660005,0.01732249774954366,1.090638788250055e-05,55.7206,74.496086,89.36792,SER,4.046497
199.2387270199184,25.55008216414353,0.0003563523609477107,3.086147870219664e-05,25.889362,32.89184,34.343533,PSF,0
195.5006337308275,28.73127460302739,0.07715830370440871,7.558217073019056e-06,2.1576304,2.5431921,3.6923456,DEV,2.358162
192.144073225709,26.13423750302518,0.07722095836246654,4.090520165666204e-06,0.38019097,0.29994315,0.12612507,REX,0.5170888
193.8518255840675,27.28051208747505,0.02193338248593416,4.396749051038691e-05,49.117615,89.78879,132.26149,SER,4.2601314
193.0958933844721,27.91082699613636,0.06104919567644054,6.906876962340466e-06,72.424675,129.73608,201.60966,SER,3.4226732
193.7356798948301,29.5977616762885,0.02093165641195223,1.413369216064731e-05,6.2900176,9.914861,12.653771,EXP,2.2787418
194.952543968377,26.05031416703463,0.07677520434486176,2.746464376733251e-05,0.40528068,0.53250146,0.83457506,REX,0.3611673
196.556871463548,32.16614852580201,0.05142847343324052,1.361254455389839e-05,184.43063,318.74228,476.9176,EXP,6.577918
193.5193654349077,25.53794546284151,0.07103948186243873,3.328121299834874e-06,5.4544163,8.939974,11.419485,SER,1.6764455
195.7230032415528,24.51846604727411,0.07332565567393882,8.93251856320708e-06,121.403496,274.23196,502.69373,SER,3.0970497
192.5644115908126,27.06030690447442,0.02224677487912185,9.703564697938609e-06,82.49752,163.18318,264.24298,SER,2.9803395
194.9096870458359,27.98717678041454,0.02279442268475684,1.739582794900978e-05,419.10626,856.663,1458.0317,SER,9.925974
194.9134429152734,27.99855525176369,0.02350910101629641,9.109967409892188e-05,5.214751,10.951656,18.926569,REX,0.25123718
195.1282215579065,28.34641163985834,0.01988431227538184,1.026633805428366e-05,0,0,0,DUP,0
196.2656930983297,27.64197940534795,0.03653114327820278,3.297706813439753e-06,0,0,0,,0
195.3516842275562,28.67712760109656,0.02935996228552037,1.503811720448484e-06,0,0,0,,0
194.1239148932184,31.69151626034535,0.06752068551159122,7.225421510050423e-06,16.5801,23.76027,28.458055,SER,3.9964597
195.8783254974342,32.27070876105025,0.07569451467452237,2.017697535632245e-06,1.1046108,1.1563803,1.1019844,PSF,0
194.4416321100318,24.57658509026179,-0.0004771584478862408,4.149744247794141e-05,1.0967544,1.3244607,1.5074128,PSF,0
194.3436928312437,25.93679604742035,0.01915538325915737,5.345465979246873e-05,54.797634,100.36169,153.20114,REX,2.0759377
196.8605172320021,26.72085720860302,0.0395739261622358,5.928847094240351e-06,66.01179,117.65493,184.40407,SER,3.3091583
195.0155707033574,27.96487174656022,0.01788726476787156,2.246380420342817e-05,93.51189,193.26485,313.791,SER,4.2889767
194.4531044910115,29.65385855771555,0.00862630860059254,1.604057144713275e-06,9.636756,11.027768,8.688046,EXP,1.5845209
194.1489005217502,31.88236926646423,0.01932746961839031,3.070421996340799e-05,14.238233,16.464655,17.871624,SER,4.1899066
194.2514305919631,25.49083848955796,0.07798260976175803,2.407651035823948e-06,24.999767,33.430035,37.70033,SER,1.674017
194.6445601731762,26.94457152728914,0.02229686727646641,7.050825374886317e-05,14.572218,27.112906,41.63209,REX,2.3462145
194.5826719605852,27.49546711294997,0.02733650871466142,5.353715983458951e-05,22.474833,43.788578,67.89525,SER,2.2406895
194.879707232335,27.95494394891343,0.02380652146995857,5.957247887569506e-05,81.26562,159.94208,258.39395,SER,6.4976
197.8401691726497,26.71546878784515,0.0734901021866771,1.33200778391487e-05,11.449492,17.893234,23.964525,SER,1.7262235
193.9766599933521,23.16418768764011,0.07310340096387173,7.585979872768331e-06,8.794711,12.709481,15.901187,SER,1.3800229
194.7872013896252,24.07450735884879,0.07449526659340074,0.0001106911129261071,16.109148,33.860416,55.925858,SER,1.3599074
193.2638997449011,28.27768531625843,0.03232053147025465,2.187387788863175e-05,1.6428984,2.1919782,3.3507423,EXP,1.4741669
194.4285318480886,27.62138600836574,0.06800609931345832,3.849574818888605e-05,0,0,0,DUP,0
194.700687219353,28.01872616081058,0.02371392879315808,4.800691673746693e-05,130.26334,251.1607,397.20123,DEV,13.150492
195.4741019587001,29.41752776334121,0.07855728152114931,2.659959668338318e-05,14.942891,31.447231,51.902325,SER,0.8990955
195.7335578171572,28.45099451787051,0.02298500355124525,9.692990975185112e-05,12.391228,23.361244,34.414677,SER,1.903893
195.1365345542976,24.23920533596225,0.06878829114892726,2.751906199808299e-06,13.3847685,23.090887,32.341766,REX,0.43937558
195.9092034628367,25.41123361809053,0.0513063177965863,7.116934173685004e-06,15.429709,17.22918,14.91803,DEV,6.444289
195.7423118742876,25.66398282460807,0.07330547560789463,1.051914825514071e-05,15.657676,24.623928,33.759842,SER,2.3485837
196.9077969099565,25.26006193532909,0.07355279104236864,6.609846964791057e-06,20.916271,36.843483,57.20869,SER,3.7398381
193.6764572998576,26.38226614682215,0.07971135009416773,4.26998442894842e-06,46.36575,100.137886,181.73093,SER,4.124385
193.5227880668428,27.14869628125182,0.001279768175257599,1.598578036354494e-05,1857.6277,2321.881,2637.314,SER,39.05589
193.6378536854558,27.57086835932323,0.02395608018570653,6.642537821441431e-05,41.455097,76.80806,114.58418,SER,5.768353
193.8658410851029,27.65612710225415,0.02345092789508998,5.244452281784231e-06,1399.318,2997.1172,5352.4,SER,9.933824
193.0878947894603,28.44151946319389,0.02183499816011053,2.417292444016972e-06,5.81847,7.964165,9.074409,SER,0.9897445
195.8241746969301,28.02895440389852,0.02088583692909888,0.0001274563129528005,0,0,0,,0
197.1508846030928,31.56403783287093,0.05549910048442209,6.942390938199071e-06,7.626445,10.466357,12.703149,EXP,0.9384055
195.6762596651813,23.90941238668911,0.075735421233464,1.367373228981639e-05,2.4127045,4.004713,5.579594,EXP,0.778557
196.557534577754,24.44189460840753,0.0230924354024582,7.343969275901333e-06,4.3870096,5.3376756,6.4001794,SER,1.4529754
194.233040612077,27.4624131962971,0.0254435357407528,4.356234965963051e-05,73.16204,145.3129,233.53375,SER,4.3405514
194.711374467677,27.3935765153625,0.02556128598436247,6.286083440028574e-05,41.287716,76.56319,116.71409,SER,2.607121
194.8062490175234,27.77463223953897,0.02283605655557706,1.289011282331462e-05,0,0,0,DUP,0
195.5930369055078,27.18786572771135,0.03572718345149249,2.825562444175309e-06,50.361,92.01132,146.65475,SER,3.0177302
196.0931093870681,28.76307942304393,0.01842869347894738,8.170858062047556e-06,0.28770152,0.0961864,0.17083311,PSF,0
194.9969539913641,27.60333030667966,0.02231850703973537,8.60961686957452e-05,34.279343,57.779102,79.69202,SER,4.635687
194.5457584272331,28.70932788804795,0.02588223736050968,3.244192254401374e-06,0,0,0,,0
196.1615466190265,28.97268765657099,0.02530798071423525,2.299145201446013e-06,165.65375,230.76581,282.0054,SER,3.037876
193.8460169186047,31.72750406631225,0.06680152884989365,2.685546018753696e-06,309.22504,616.5499,1037.8893,SER,5.7814126
195.6845702834348,25.89419962013633,0.0658751434721478,2.138103965202373e-06,0.66045356,0.7884762,0.973993,REX,0.31596473
195.2811567280938,27.93424123453007,0.02701042860870355,4.266014528185056e-05,29.963188,57.771717,89.88243,SER,4.2883554
191.604210711911,26.71109863230151,0.04570911552701919,1.517076853503831e-05,0,0,0,DUP,0
197.0836526832881,26.61473547496111,0.05008802817091955,2.765753843401601e-06,15.878021,20.36407,23.137754,SER,1.5149572
194.6183379751196,27.55938785952046,0.02530262356059526,6.761340412729097e-06,373.50986,641.85803,936.28766,SER,4.304904
195.4978894397619,27.38703079236245,0.0673588281647809,1.169039428938274e-05,67.11098,169.28154,349.90985,SER,2.9281297
195.3771572440738,28.79436763015821,0.06204694038174088,1.986712855368564e-06,8.861923,9.494811,15.094064,DEV,1.6094261
191.4638289383354,27.21062435116165,0.05795627943479369,1.801836875484426e-05,20.285034,28.62404,35.060482,SER,6.68931
195.4468148120109,27.6218434495758,0.02596320519115497,5.748588726831064e-05,102.09153,202.11447,325.6081,SER,5.8943396
195.2967817659256,27.7425232579405,0.02463127784339135,7.414449033194615e-05,51.089527,99.35158,158.4563,SER,4.2969084
194.603045815665,28.52811865604005,0.07853520809200562,9.998326309948502e-06,11.563919,16.41261,20.799023,SER,1.9969854
195.2799486803955,27.98310068319523,0.02360106198655417,0.0001141088688604432,18.478453,35.026432,52.024975,SER,2.895295
198.978624556364,26.20237361531059,0.07172164560716658,5.727095041618631e-06,11.085868,15.083808,18.506607,EXP,1.5329224
195.0819536140104,31.74063589115465,0.07798267864144055,9.780563175957672e-06,20.92945,29.98212,37.648716,SER,4.570388
193.560476495718,25.5624392247173,0.07067174138022216,2.116968692524066e-06,7.566335,9.652318,10.765778,EXP,1.4628956
196.031314674279,25.18879608163453,0.0605351572079576,7.546096260303522e-06,10.983177,19.520546,28.692043,SER,1.347811
193.90278137037,26.56433743601563,0.02108644836758982,2.1569941087695e-05,45.516094,86.24812,134.1184,SER,3.5354764
195.4669134456028,27.6361471640812,0.0581036990592748,1.061689569660414e-06,69.05397,90.80446,106.86915,SER,1.9766974
194.3637518046182,29.1059674120409,0.06132754665330497,4.097167077882391e-06,23.082159,36.65576,49.781967,SER,1.9212797
194.1424417074372,27.53898955847023,0.02373879208397459,1.067139685887245e-05,0,0,0,DUP,0
195.1355150045365,27.76615028585057,0.02234373121495161,8.804465797069251e-06,351.83978,732.9972,1286.4995,SER,6.3303065
197.9404192784448,26.14017242620766,0.02100673922624511,8.996816234360376e-06,27.264925,38.315773,47.04781,SER,3.1608956
195.7717007130182,24.6510474266966,0.07424737196404284,1.15646736637123e-05,8.593122,12.552769,15.348506,SER,2.3511832
193.8801604909469,25.95238063390392,-9.774234054559081e-06,1.271653029600665e-05,0.39373797,0.49482486,0.9781125,REX,0.29516268
194.8866163513562,27.98361240662599,0.01942555197697127,1.57048016245419e-05,0,0,0,DUP,0
194.5386113834414,28.7086764570214,0.02542218388521978,3.345965097105119e-06,995.54126,1880.6068,3225.1846,SER,16.014374
195.0162985363276,24.48275972234636,0.07583576613131891,2.632437475133941e-05,2.8287349,4.410793,5.5574355,EXP,1.6093472
197.5122051178016,24.51236477105776,0.02335881268958794,5.335151233274162e-05,18.450653,33.87531,48.216568,SER,1.3700761
194.7751487033124,27.99675342787729,0.02561394596422172,1.867022047839309e-05,0,0,0,DUP,0
195.0195756017935,27.98342442710777,0.02130645399398251,7.967982033762141e-05,0,0,0,,0
196.1551889667181,28.60863261270168,0.02528371381747018,1.092307063045079e-05,0.81005955,0.94197184,1.2010877,REX,0.51549226
195.0780445273999,25.22730333378131,0.04961500711968161,2.511530076592049e-06,32.321095,51.767277,70.43974,SER,1.372341
193.5667806780384,27.303782495272,0.0215399803701907,7.09779909864522e-06,1481.1061,3130.5317,5525.024,SER,9.284746
194.2131712649979,26.89885549922263,0.02074545515860348,6.120509798906676e-06,0,0,0,DUP,0
195.2027417026604,28.09075356434272,0.02323407449256568,1.041161425349128e-05,0,0,0,DUP,0
195.4821916637793,32.71435140356697,0.06489787802612651,1.647173563257335e-05,9.294648,13.260574,15.086037,SER,1.7730304
195.0117434523529,24.51448600310882,0.0692867834408419,4.919216785962924e-06,69.2407,103.852745,137.22939,SER,3.817501
195.1161452168702,27.27178922686504,0.02590259588148311,2.016081156871812e-05,43.26586,82.88129,130.60754,SER,1.8525202
195.4080797854738,28.34609312862024,0.0293035524407416,5.199179646126433e-05,22.59128,40.52009,57.935783,SER,3.8904166
195.8092964487582,32.81679182048145,0.05234248873454999,1.945421463854185e-05,50.414852,93.47095,141.97562,SER,2.9850488
194.08271621301,25.26452337082112,0.06655919035063916,2.089306043412908e-06,16.582401,23.272762,29.12856,SER,2.2683234
193.9089396601369,27.8413585023061,0.02085596916760301,7.456761788946634e-05,10.14771,17.647276,25.778421,REX,1.8915315
196.1096234153175,27.27183124501407,0.04997134299953757,5.336887195525433e-06,3.4124274,5.128524,6.1808066,DEV,1.2349913
195.8341844026156,28.27138487834338,0.03377397219720013,5.682955425677788e-06,25.735825,42.813747,60.787224,SER,2.3072155
195.4877399828842,28.84667719506066,0.07676531635534939,4.507579831949665e-06,0.9877982,0.9149752,1.344655,DEV,0.79064023
196.2298862307822,32.42279296006365,0.03148826217714024,5.431974631740842e-06,20.36342,34.238503,48.913357,SER,3.800539
193.9760874218372,25.26415418454224,0.07987031603402589,3.932546864035833e-06,29.79038,50.688534,72.39144,DEV,1.8856379
194.8350192095604,23.95961409798168,0.07270845609669914,1.384579830209397e-05,3.1028812,4.7063613,5.733444,REX,1.4123682
193.6987894660688,27.34026184941374,0.04011830974486623,2.409209219953435e-05,0,0,0,DUP,0
194.0192034722174,27.71168573128474,0.03577834334266235,4.210935171105705e-06,5.514071,6.7273517,7.2083406,EXP,1.8682494
194.9485014504505,25.85907750985423,0.06920054349723348,3.950093355084975e-06,5.8651843,8.526262,10.654185,REX,0.9183662
196.8666707940489,26.72318682308951,0.03823394751206072,4.006331591306615e-06,27.536495,37.760323,35.85199,SER,1.9151802
194.3611328958601,27.84131221391015,0.0209071978473932,4.6200136416445e-05,14.633477,27.05875,39.361797,REX,2.1442869
194.2945831163561,29.81791234743108,0.02049476637370668,1.7247163809147e-05,26.00095,32.336708,35.807495,EXP,5.905716
195.3632715861597,31.51259148622709,0.0518523537844736,1.65576781892769e-05,234.75891,519.9736,930.3469,SER,4.2910194
195.4798221396916,23.42954265580476,0.03476632074279182,2.791920904124244e-05,0.32353187,0.26986465,0.4874664,PSF,0
197.1324397356134,24.73351802963388,0.02461877118790674,5.343299198442178e-06,48.45474,78.91749,103.834595,SER,6.6228356
192.4371416660342,26.88705263969222,0.06142054415283173,6.441831158668258e-07,65.294716,102.00777,130.36266,SER,1.0067335
196.0712487295432,27.80804503215598,0.02211594815539845,4.40031175364565e-05,24.178446,44.95641,68.53649,SER,2.4261687
194.1412164502533,28.91988219070623,0.0231002525708757,6.067797176447031e-06,16.140837,23.173702,27.927074,SER,2.44815
193.8485937726281,23.99854750015789,0.07120174188813028,3.182909556018082e-06,6.9637794,9.709003,11.661051,REX,0.80451524
194.7826854384657,23.14976007390062,0.0008259833725064839,9.144526676554637e-05,0.8408774,1.0194604,1.1873224,PSF,0
194.3712606162716,25.41556792442159,0.07672704132309183,2.918969211946116e-06,5.778117,6.954663,7.6618023,SER,1.8865288
198.3635125973915,25.33624104812577,0.06437610806202686,1.083458944085293e-05,26.488064,41.860092,58.06997,SER,3.7481704
193.3413022944404,28.12199338797656,0.02429091294465427,5.056220736618807e-05,12.264351,23.391563,33.670452,SER,4.7452283
195.2779134056763,27.50815725539304,0.07418750365265558,5.733568167709382e-06,0.59619164,0.8537751,0.7819221,PSF,0
195.6943728205213,28.36729281915872,0.06106143510815798,3.567634163178266e-05,0.43226016,0.6146601,0.726002,PSF,0
195.517435232975,23.99116779201427,0.07347509183312866,4.553784628070204e-06,8.709465,13.122501,17.66075,SER,1.0072386
195.1361897724053,25.78061282788546,0.07617928222726657,3.483483955067773e-06,93.09078,197.27376,338.51404,SER,3.179652
194.7094709771487,26.89230832882899,0.0270395443318946,7.712294053406701e-05,5.3220596,9.0549,12.363727,REX,0.855414
195.0526371458579,27.78183913319203,0.02341666159592767,1.53099386715279e-05,380.45255,757.96674,1254.0541,SER,6.7338967
197.0337657951246,24.31890382600785,-0.0001927343625976718,6.268735614410483e-05,0.6953666,1.230059,2.0007038,PSF,0
193.8855743301481,32.19223445482785,0.02267787329419371,5.392716216274929e-06,6.709867,8.550779,13.559767,SER,2.1844745
196.0759204260198,25.67654897673194,0.0741579674864325,8.351027463471381e-06,101.882256,192.18828,312.67545,SER,3.0952659
194.5370135588701,27.91805101964107,0.01988437752943677,3.853097273000168e-05,16.381113,31.74273,50.503094,REX,2.6508634
194.0282834163675,24.94515581030281,0.07333508367010705,1.742234834896333e-06,39.79,54.016342,66.043816,SER,4.0301976
196.4987039072322,24.03689112862059,-0.0001302153923567906,4.788841262379142e-05,1.652987,2.255969,2.278343,PSF,0
193.939114978863,27.79637303727708,0.02289516934507125,5.245010946863065e-05,73.5593,142.38237,224.61417,SER,4.847587
194.6251089496425,27.5489124546337,0.05718635388508415,2.158254099837036e-05,0.31021744,0.27930006,0.42485857,PSF,0
195.079639634456,27.55370955267735,0.01967074504193951,7.954833784795557e-06,644.1434,1342.2848,2342.5493,SER,4.59719
194.878491972536,28.0418870922318,0.02148817662854748,7.127415707786292e-05,18.667734,36.68139,57.00548,REX,2.0725684
195.7845978491337,27.56795247439454,0.0630174842772832,4.784106820725819e-06,16.38053,23.095606,28.362059,EXP,2.553745
195.8111820183126,27.94109129814176,0.0235369784320368,7.462308871485132e-05,9.129692,16.81891,25.39912,REX,1.3057829
194.7737041405487,24.22369413904075,0.03639586884385578,1.370119302033714e-05,0.6928303,0.8492415,1.1515858,REX,0.7127938
194.5496940589258,25.0633301412712,0.07916904828631693,1.06061721112655e-05,34.038723,56.871426,79.934105,SER,2.9175336
193.5229908509211,27.06861636229394,0.02529019889039474,1.160289509987676e-05,1231.8756,2517.4524,4335.29,SER,11.85085
193.6743863860997,25.22390796032819,0.05582821329960845,4.252379018178003e-05,0.6844427,0.64526635,1.0769929,REX,0.2910621
194.442330432531,24.21820035385201,0.0738704908102057,1.347563646761899e-06,9.186984,13.471235,17.370155,REX,0.48730248
194.7609831849412,24.30567525414354,0.0730739571575427,9.727702411699207e-06,33.921043,51.518078,69.345665,SER,5.0368643
194.8473624127257,27.91159970847841,0.02282137396657084,1.0488171021497e-05,1851.73,4046.9402,7250.639,SER,6.696983
194.9935234361251,28.72165355659481,0.03435934096413427,4.073875576060398e-06,18.696943,30.307755,40.35951,SER,2.1921866
193.1345084646675,27.68714559816437,0.02146067689527309,4.768812705327488e-05,11.438012,21.46022,31.100767,SER,2.5780494
195.0186424437921,26.84687775909118,0.07869760322208921,3.379643317468603e-05,0,0,0,DUP,0
195.3112039711577,27.67013039213497,0.02319047940491955,0.0001033866560040983,0,0,0,,0
195.0475586522641,27.91012264995335,0.02429849888302498,4.366625891100486e-05,24.62507,48.260902,75.17383,SER,4.163157
195.0041330719325,27.99154332544073,0.02517115670055608,5.965664315537475e-05,23.167343,47.540806,79.66064,REX,1.8139161
200.416604072225,27.62581038254378,-0.0003087104072671735,5.382653964134032e-05,22.778236,32.707066,37.25731,PSF,0
193.7219153625841,23.31655723973413,0.07403796955772406,2.148685701571989e-06,52.49376,103.76186,170.25496,SER,1.5281826
193.6646896949464,29.18452060631613,0.06153087169986104,7.471086985303483e-06,2.7620378,3.9757125,4.879516,EXP,1.6532441
194.8658747074609,27.18400200624362,0.01914889929851371,0.0001176520855597128,21.826752,37.38907,51.92571,SER,1.7320969
195.1255114319088,28.88421997565312,0.06705109133202221,2.987262270500034e-06,10.34508,16.12117,22.399069,REX,0.4074226
190.2239517754124,27.68760917330933,0.05645279263599037,1.778278324736282e-05,0,0,0,DUP,0
193.9447604636689,28.14394678018876,0.02028855855234843,7.461207344336296e-06,505.8794,1019.42035,1719.4436,SER,11.606747
195.7174309031727,26.07864847864434,0.02029650641443995,5.466019196331979e-05,13.697097,24.262447,33.843613,REX,1.2406696
194.3529675926089,27.35518962331771,0.068464991611723,3.221896033903834e-05,0,0,0,DUP,0
199.9498949422141,26.19826818822873,-0.0002905539269814881,4.247589287860199e-05,21.32548,28.27935,31.1112,PSF,0
194.9057433946687,31.47790726311428,0.0511276417102199,8.210507921695898e-06,18.184904,29.107368,38.830624,EXP,2.528074
193.7077634211505,25.55881562310288,0.06449796770397065,3.441048115127519e-06,49.34342,66.860405,82.23161,EXP,2.451033
195.4742255411606,24.03108480816316,0.0741676998601305,3.038542846619769e-05,34.744865,72.97125,122.88016,SER,1.6193156
193.4450820072424,27.48750782872331,0.01696396118709841,2.12960658379467e-06,99.64388,144.57019,185.54218,SER,4.738676
194.4446890342599,25.98586812692727,0.07674763647183103,4.529225794529685e-06,1.1979547,1.4155842,1.7251425,EXP,0.3240174
194.3493652892847,26.62650106790904,0.06884229805889235,1.744559598240446e-05,5.877758,8.484051,9.860557,EXP,2.2805068
195.2783977282143,26.80943220291938,0.02299663953239475,3.013349776759601e-05,89.69528,169.0855,256.43863,SER,3.0648432
195.9477052852719,27.01059313524707,0.07658172631895326,1.586660754628138e-05,92.376274,161.81364,244.82037,SER,3.2237468
194.9795606912465,28.12836304775071,0.0253098104526642,1.51493869334122e-05,0,0,0,DUP,0
196.0245153787872,28.21879292398567,0.0216979838406296,5.532575189647988e-05,24.42916,39.961075,55.864784,SER,2.591745
195.3272226222985,29.50717330447992,0.02350591910892637,1.121109354245342e-05,12.019299,16.077112,19.98818,EXP,4.6240487
194.7869078796126,31.23337643176208,0.06175939395083361,2.48110903613595e-06,13.0449295,16.827505,18.681118,REX,1.0803488
194.4220878402291,25.40551949443522,0.07756340442206142,7.360480034477319e-06,0.7544925,0.9906341,1.421609,REX,0.33576956
194.8130398693939,27.59317684995832,0.01978860936604539,5.257178377394998e-05,9.8918915,18.130669,25.91296,REX,1.0382018
194.9343040398537,27.9589078243703,0.02294887436522858,1.647834026935409e-05,0,0,0,,0
195.3138830500516,27.92910151925172,0.01855295351382533,7.981381071913972e-05,12.142879,23.109331,35.66581,REX,1.9943185
195.6658776061415,28.37367046038906,0.02436715606680046,6.257412244341232e-05,0,0,0,,0
195.4474171556495,32.6018375384593,0.0758024656543059,9.793291619248368e-06,34.69526,64.0795,103.54039,SER,2.3825815
197.620151658687,32.04326226522827,0.06090234194130686,9.822094552757447e-06,15.373248,21.29652,24.582373,EXP,2.4955006
193.8199093619336,25.95678630572419,0.03161925548561281,8.350737545472747e-06,115.73426,186.59264,261.47656,SER,6.0657806
194.1213551607601,26.95699365477707,0.02351801543942406,2.841199059404803e-06,1451.978,2993.5266,5088.9277,SER,5.6070123
194.1991013683185,27.42105595809504,0.02593080639096512,2.104624386856087e-05,0,0,0,DUP,0
194.4607069777892,27.6437550871098,0.02276572283571373,1.06392762842895e-05,86.406815,167.14738,266.7805,SER,2.7146575
194.3681115859741,27.9753255317419,0.03704991359724061,1.1732690206735e-06,44.35447,71.18755,99.60276,SER,1.2500458
193.3210841726537,27.66413468395077,0.0216473440177883,5.018988544764549e-06,0.5478838,0.538454,0.9291218,REX,0.41178614
193.7052554570779,27.45987270075264,0.03370426228922594,4.81706890517298e-06,1.1911325,1.269975,1.6553094,REX,0.6463563
192.9985538337116,28.49319029227851,0.06123746444544476,1.814139244560234e-06,20.595661,29.674124,36.37215,REX,0.5016231
194.7910768189506,27.1139222149334,0.06105605929591128,1.150475662385818e-05,31.218197,61.22641,98.36895,SER,2.6940076
195.196335464113,27.04188942831916,0.07815851505201561,1.151184119602479e-05,37.8026,75.99551,136.46599,SER,4.7477846
194.523942298403,27.38272613398965,0.02465772514662926,4.687011405954834e-05,14.945813,28.437254,41.795296,SER,3.3581502
194.5135701155328,27.64594359498647,0.07035440814906072,2.397078729002659e-06,8.5740795,11.210237,13.734077,EXP,1.5341791
194.2357613075599,28.62337860701875,0.02191970718729499,4.964217703194848e-06,705.81506,1442.8422,2506.3242,SER,6.3295074
195.5757204265284,28.98811538181769,0.02230335038165062,2.79384802972933e-06,13.202722,15.849132,17.724834,EXP,1.1913886
195.2646773393717,24.81365506087279,0.05719381060819801,6.222427440972742e-05,0.42846555,0.4466762,0.6482195,PSF,0
193.503309543848,28.43554414000803,0.0002164369989424804,4.15741004962539e-05,0.42414188,1.0236831,1.476851,PSF,0
194.7032127709214,26.90790639201557,0.05801967382260384,3.458448288261467e-06,9.189743,11.727317,13.443945,SER,1.5512747
195.9616673178296,27.9883535486865,0.02122459096270812,6.057499231204511e-06,1183.6626,2459.3992,4344.151,SER,5.570496
194.4572873379498,29.04549694734225,0.02287141523353486,3.137454792971068e-06,0.6716762,0.82655656,1.3163078,EXP,0.8898354
195.0029924000426,29.17124709339193,0.0615399608522687,2.590254593390641e-06,49.078476,73.77981,95.12035,REX,2.0848997
193.8017168178548,24.59781973528128,-0.0003720779973662559,8.009663983807739e-05,0.9302492,0.055311527,0.1546911,PSF,0
192.8744374057983,25.73583330617597,0.07298047171857867,1.120070761118296e-06,40.400963,72.11858,106.2775,SER,1.2148651
194.7316525099207,24.12358357681375,0.07613307350823828,3.212784073338197e-06,58.07334,94.526505,133.01297,SER,2.320513
194.5648926409509,27.08719797709797,0.02577991233318895,1.994459725987173e-05,149.89828,282.77478,439.0228,SER,7.8070745
194.7115678232112,28.08401303900907,0.0203345020405583,1.293363076799439e-05,452.25677,921.451,1661.313,SER,3.788271
195.2979571803028,28.03787449795145,0.01888072483645177,6.559081368217521e-05,6.9314685,12.761687,17.917923,SER,1.3372278
195.763514981532,23.94099486092386,0.07398417842794995,4.219727105709982e-06,50.35231,76.01488,101.5363,SER,4.161232
193.176626825016,27.41733436697858,0.04025742547035908,1.978128929894069e-06,52.695732,74.053856,88.7615,SER,1.5167811
194.9934334781294,27.19961022392789,0.06086016698585004,1.076525554676744e-05,881.2084,1988.0222,3603.1191,SER,7.7007017
195.1137635251068,27.4385464754879,0.02438032977105806,4.806317561804914e-05,13.155018,19.223486,24.701925,SER,3.287956
196.6516855098337,27.87292598320348,0.0208907271417705,2.415215267781221e-06,687.2962,1344.9125,2369.244,SER,9.619702
197.7621611585676,26.94958040477889,0.05710989235156967,1.025216945750672e-05,40.525173,66.453865,93.90914,SER,3.0774539
198.2098845282517,32.04924326298806,0.02485996811961214,1.119848569114951e-05,18.929539,25.94955,30.479986,SER,5.841538
193.9978369905311,27.95706853791209,0.02683840625667174,0.0001027609400895826,0,0,0,,0
195.043481378495,24.28385942978108,0.07291027862131061,5.643683200088232e-06,11.6275015,18.024448,24.343983,SER,1.9797102
193.9556894985396,26.78313556843717,0.07443061000467449,1.249832671612834e-05,0.99956954,1.105261,1.424119,DEV,0.5755326
194.921933568856,26.86417703397816,0.07753219332353632,2.179791436193912e-05,114.459465,254.69698,449.18262,SER,1.3900094
195.2946229886611,27.80292518636887,0.02237443628485279,7.119870475317924e-06,637.34894,1307.0765,2302.6384,SER,7.018315
194.946831407029,28.05445999146835,0.03137704980338128,5.526093702535572e-05,27.671392,51.95621,74.367676,EXP,6.0730453
195.1648337681132,29.01933516777176,0.02426992066072362,1.237423136879186e-05,2154.1504,4173.564,7199.359,SER,22.384453
195.6486459120113,29.16889206072041,0.04929908568414129,1.455315617931596e-05,16.423447,24.033562,30.046007,EXP,3.6114016
194.344395897343,32.42185561825723,0.03720901359495549,8.197387770877528e-06,24.219196,33.43598,37.42692,SER,3.5199356
193.2267669659796,28.37613843973936,0.02275149217152769,2.866796522553991e-05,0,0,0,,0
194.2217381123297,27.579826977831,0.06824483139177273,3.057885287931037e-05,2.4780262,3.9768248,5.1205454,EXP,1.2822143
195.1669728432046,27.81412905514361,0.01163386047579228,9.443208172268895e-05,6.7989326,10.703756,13.765459,EXP,1.6329025
194.8046947809916,27.97700793339784,0.02273959286743118,1.06374667173768e-05,1857.1401,3991.9214,7235.283,SER,7.113649
194.3911212962042,28.4822358017097,0.02091330324170654,8.725756598666224e-06,1841.1499,3814.361,7188.748,REX,7.3311634
194.9421946742143,27.85726302091916,0.02707441641970963,1.36715986211806e-05,0,0,0,DUP,0
193.9490553040023,28.25614280100482,0.02707622631726548,6.902182186839284e-06,303.18158,737.3207,1545.3025,SER,7.6062837
194.2721524477325,28.21137567458318,0.01733993171831924,5.1094120783099e-06,0,0,0,,0
194.6622524595335,27.95392285922969,0.0200149556255348,2.183266347737835e-05,149.16422,296.64966,464.84683,SER,4.7346287
194.0960633443614,28.48002143953459,0.06901128714005948,4.902631540663056e-06,1.1570992,1.4140054,1.8716563,REX,0.4437752
199.3709599559973,26.974846004078,-0.0003450837840542646,2.098437954727214e-05,60.082825,91.03375,102.85344,PSF,0
196.5797224886602,28.72726031985345,0.06983923709006352,4.117966144988599e-06,7.654231,11.367181,14.76244,REX,0.4125429
196.0477683264747,24.17904594616102,0.06563099769945589,1.885616893701055e-06,81.686104,140.5894,208.61089,SER,4.502811
193.4369996544729,27.30813795774722,0.058059792989021,1.138814214934726e-05,68.63984,107.3665,143.35782,SER,8.614703
194.4801639206757,26.83076880668343,0.01865944533153651,4.415863304034471e-05,11.8002615,21.680782,30.854454,SER,2.100789
194.6423779044804,28.49191625273683,0.02594948792891765,4.674068176136038e-05,15.347698,29.531507,44.633995,SER,1.5577883
196.9268380332948,32.55505114065803,0.06742116218767662,1.978717452574421e-05,69.01525,154.94225,270.82114,SER,1.9799752
194.8380766473216,23.64887727440789,0.07547801403831322,1.067466029707017e-05,17.45636,27.341776,36.66158,SER,3.594465
193.9234232627547,29.08332707269344,0.04509378425094718,4.801562179983909e-06,12.719488,18.474237,23.847395,EXP,1.2050484
194.8237448292571,25.97088675983228,0.07715476642736101,9.11000535863638e-06,3.9250662,5.1321855,6.262973,EXP,2.3159502
195.0536380761067,28.07548743100861,0.02510355138435259,1.023867089001404e-05,534.54254,1127.7156,2015.5059,SER,3.7988236
195.766242132234,27.20140886836625,0.07763869403448856,1.081717960983339e-05,11.998218,19.919384,28.086966,EXP,2.6342692
195.2499940186208,23.68424551850425,0.03870343991797243,2.334774763972426e-05,6.420154,9.645155,12.427923,SER,2.0876632
194.3222025550833,25.18847992819268,0.06625707879228158,1.360839803493281e-05,1.0122278,1.0541778,1.5738373,EXP,1.5060513
195.77390159335,25.47498774974451,0.02426896071123164,1.113392804061694e-06,261.55536,395.30658,505.38757,SER,3.173876
193.2038034034822,27.40185445050992,0.02581015154507531,1.881747331174479e-06,653.00775,941.9037,1192.1093,SER,4.9435973
194.2892949735398,27.46643396064344,0.02485319664453922,8.53737828665243e-06,1190.7284,2528.5793,4630.29,DEV,3.9135447
195.0313857356923,27.97317154987421,0.02166896997762555,7.8098023381193e-05,0,0,0,,0
195.9562833552008,27.58023189696242,0.02041852391818464,0.000105238792703893,12.433047,21.414257,29.909761,SER,2.930385
192.7882453643741,27.86138794563957,0.03328622470900584,2.914409935375491e-06,24.94005,33.911736,39.76151,SER,1.7613015
194.5713388219434,27.17676207593972,0.05960743118371338,6.859377106555893e-06,0,0,0,,0
195.8176939591623,28.03038899080656,0.02036016810972141,9.495125811140477e-06,0,0,0,DUP,0
198.0404246129812,26.4422577326985,0.06049358739874471,6.092386541762536e-06,50.336853,72.754654,94.59534,EXP,3.9692416
198.4442410590357,26.09547379001526,0.07338016322837723,7.87448329703946e-06,33.169357,42.570568,49.799355,REX,2.9855025
190.1342215937188,27.52490252364675,0.0007645984734487545,3.248883324871579e-05,53.085728,72.59967,75.4804,PSF,0
193.1235392271182,27.80298902341995,0.02432597988983156,4.98939585730293e-05,44.30177,83.66592,127.45304,SER,4.1046042
193.746979111442,29.31359746726121,0.06811977248631958,2.053884662660314e-05,1.0109011,0.9660362,1.311804,DEV,1.5134369
194.4209468486545,27.53439654721824,0.02146732905147535,4.293425721609154e-05,14.348886,28.142506,45.41387,SER,1.8886204
194.4318347253597,29.00334668347044,0.02313430735031421,3.252202641905328e-06,88.52773,118.86632,138.63556,SER,5.4753523
195.215138316683,23.75699023252126,1.876046870055819e-05,1.194995538110051e-05,14.12734,12.6005335,19.329687,PSF,0
195.9974196484109,23.83890700312282,0.0737598494199958,2.847771532470137e-05,62.196503,142.41559,258.56418,SER,1.2408915
192.1818290843746,26.52932527508058,0.05894416184148969,6.816982018530129e-07,7.1328125,7.98505,7.1347322,REX,0.5633126
193.7518851771246,27.19385046142905,0.0248329742152711,2.4314573344253e-05,42.255802,83.31862,134.7464,SER,2.1723874
194.494088341187,26.93910135055335,0.02534427834082709,6.121407593806694e-05,62.648502,105.586205,144.2795,SER,7.9310226
194.7169673917444,28.26311845654525,0.0279377204443899,9.368097879454937e-05,20.968678,36.284504,50.908154,SER,2.9666965
198.0714060340416,26.68582170593059,0.002767698675053759,1.191093643063497e-06,28.41763,32.544003,34.969925,EXP,2.0345268
194.0539002792229,23.19076359503573,-0.0006266198018140103,5.409075520903743e-05,16.828367,25.043911,29.630411,PSF,0
193.8612036346666,25.92903550111505,-4.353604646569404e-05,5.467886606195249e-06,0.3385774,0.41637114,1.0726771,PSF,0
194.8183583504804,27.15808407480681,0.02236328592733402,7.503206287915904e-06,415.5317,820.50934,1363.3911,SER,5.310681
195.5777368555412,32.74797657675269,0.02498781408151748,4.618153111277237e-06,18.34664,25.812551,28.779442,EXP,3.6461248
195.9697687456155,23.82829497923698,0.07384838044876299,3.408185535411279e-06,85.26194,138.71129,195.97375,SER,3.901671
192.2604555319801,26.89311399936941,0.02464183995143777,1.05417314536227e-05,0,0,0,DUP,0
193.8152466219817,25.91267964431947,-6.274065656996251e-05,1.130037188659227e-05,0.30433834,0.30718395,0.48065034,PSF,0
193.927004221035,25.91577010944194,-7.290880573161756e-06,3.821008622324689e-06,0.77099395,1.1972231,2.7618904,EXP,0.7779277
193.8952919948424,29.00077694574943,0.06222965297404006,3.166982109761875e-05,0,0,0,DUP,0
194.689428205769,27.879961558879,0.0283563797557119,3.810198830103711e-05,49.004753,98.118484,156.45854,SER,2.5066254
195.6860098216075,32.10880428424051,0.07649562114406414,6.655561909705136e-06,7.242793,10.059314,12.749528,SER,2.039968
195.6245998515094,23.92662053212425,0.07324124219774787,5.818312048519998e-06,6.1949887,9.914817,13.513587,SER,1.7784305
194.1181017473077,25.48861662109762,0.07178625785087352,5.809264464050608e-06,25.381618,40.203587,56.833946,SER,2.5224264
193.5776504715607,28.09010343660043,0.02196895723073284,5.55424536483793e-05,0,0,0,,0
194.454427216157,27.06764928095224,0.03943448535663799,5.909997453990943e-06,50.98876,96.608986,149.53944,EXP,2.1782122
194.307789672917,27.63952271948144,0.06743518290690179,1.02638185296018e-05,50.179386,108.15571,187.56044,SER,2.3667262
194.5406096765142,27.98021709470003,0.06568826250348724,1.173236270151514e-05,3.770486,4.5310354,4.617553,EXP,2.2167556
194.2652096439696,29.09910403029178,0.02542672225088095,7.287383184756764e-05,26.442705,47.48608,67.85404,SER,2.826656
194.3064469960181,23.71283139162707,0.07407405947484288,5.238767832876289e-06,124.78031,222.71996,343.38446,SER,5.0327296
195.0907160230981,24.39020490265649,0.07430413157958765,4.956344707216912e-06,25.187582,48.8379,81.63169,SER,1.5428711
194.4823060176378,27.00071154958249,0.03942122983560715,1.836183494567075e-05,9.236554,13.563072,17.038572,SER,3.0459056
195.5533544879943,28.21482544227693,0.02732298696134769,1.23159652013136e-06,697.17346,1068.1997,1444.0284,SER,6.2652106
197.1176006857446,32.25824561861717,0.06207592586659946,1.050640014140557e-05,20.117853,22.933657,23.616283,SER,2.6599572
196.1053938242601,24.1398068368571,0.06564706417026628,6.17890877813623e-06,45.5184,104.35403,209.56552,SER,2.9285374
192.9291172826729,27.92265893861139,0.06100434958771921,9.580399367693555e-06,29.046637,52.7449,78.34985,SER,1.1230106
193.6599586506977,29.16035808794695,0.06196462161129282,7.492054900210613e-06,208.36938,484.43262,900.0663,SER,3.095879
194.327308113017,26.97960300630555,0.02436686325189456,4.355284261811423e-05,59.95624,113.64269,171.52962,SER,4.1059484
197.7267693736401,27.23234909281561,0.02326364761315194,2.955382256387124e-06,31.286436,38.83076,44.455,SER,2.3905454
196.5602048727035,25.17921809541019,0.07363022043571008,8.946431942142976e-06,17.219975,27.059969,35.887512,SER,2.674351
196.9151083260765,25.53301871145149,0.02497583197863585,3.681536512615256e-06,32.609962,39.911137,44.132484,SER,1.6894782
193.4340535307996,27.44886856937228,0.02433482961794417,7.415469734771136e-05,5.8159113,10.704134,15.341867,EXP,1.3567944
196.3165488814265,25.95995475262434,0.02196805628341022,1.722044810845932e-06,43.141106,45.097973,49.70281,REX,2.5334418
194.2123596660161,27.77269926798014,0.02115641714840035,0.0001139860706296531,17.291542,32.724987,49.64715,SER,3.1073964
194.6531504852812,27.84951647153185,0.02062322885804974,3.447219585044872e-05,65.58856,134.57176,236.53941,REX,1.8123348
195.0742493965253,27.38749150241095,0.03676547509284941,4.748849044520354e-06,537.1008,906.58606,1358.3843,SER,5.6159434
194.917949394818,27.968538835374,0.02517892345677897,1.349289690514364e-05,0,0,0,,0
195.5902343649129,28.25601762124665,0.02266276056687,6.038463108400815e-06,0,0,0,DUP,0
194.9733274543556,29.23319814184764,0.02396574765234386,1.185618686298394e-05,45.65292,63.74112,77.60649,SER,7.435644
196.3675840122555,32.24294838152934,0.06199784193711822,2.584651853848652e-06,256.3395,465.0264,732.49164,SER,3.4977105
193.0043850518555,32.33161881114706,0.01687319078688204,1.016942971469271e-05,0.70491475,0.75075877,1.1417513,REX,0.69325644
194.8501214322134,29.84735394781512,0.04624215889989952,2.047634239693193e-05,34.369083,46.709404,55.190777,SER,5.1923776
195.513096063676,24.07293508814661,0.07507738636438492,2.979613802672296e-05,37.353626,83.16386,146.56236,SER,0.9655098
193.8607457292858,27.60405317776089,0.02263619611609143,1.686136866932095e-05,114.63289,226.12093,362.79984,SER,4.424571
193.8370995679848,31.97701158543414,0.02977831993541765,5.145155577134748e-06,0,0,0,,0
194.9424429256155,26.82493946714812,0.06544177836281766,3.978143889823646e-06,9.206132,14.369698,18.881046,SER,1.7755475
195.0762230639375,29.21530268207336,-0.0002550126876224915,4.317215417639359e-05,20.758486,27.636156,28.718147,PSF,0
193.4336666549375,27.78085778981831,0.02217243530664328,2.488797124406255e-05,159.79008,316.04172,508.63834,SER,3.944666
194.3461838219221,26.36149607387879,0.02417116021887651,5.201573270931865e-05,26.898088,48.65228,71.041725,REX,1.079435
195.4465117326808,27.13495803999029,0.06080921102279552,5.353201781994584e-06,6.702773,9.716993,11.843527,SER,1.4014126
194.9421999507501,27.85723095786237,0.02708816814749584,8.873669337292865e-06,609.95496,1296.2212,2211.0208,SER,4.6134887
195.4630137358279,28.28889534084159,0.01668126628605006,5.112130976219867e-05,26.566238,38.70889,49.28817,SER,3.4124222
196.1611160441081,27.57683610841143,0.06606964658314951,2.849191401542662e-06,14.101516,20.083311,25.208647,SER,3.4421623
196.3177810783691,23.19319281586561,0.0001539692356006522,3.433174760456826e-05,8.68229,28.832346,59.809654,PSF,0
196.1550115143541,25.0327897713486,0.07934884896508423,5.591571725383325e-06,9.071013,13.2243,17.128708,REX,2.3124359
192.9323926053007,27.96282420442325,0.02314093915887893,9.595700321863579e-06,974.9822,2031.6538,3510.8315,SER,7.951253
195.0434097098785,27.59499479564037,0.0186891223283032,1.50746661642082e-05,262.7107,525.6577,876.2943,SER,4.5144744
195.599343389501,28.35577520359192,0.01865827780682628,0.0001084412928416987,38.85967,66.01553,93.17505,EXP,5.215054
194.5930470389924,25.35651704625673,0.077012303605417,1.133316808111487e-05,1.0766323,1.2488714,1.7073039,REX,0.83807474
196.0132151892726,25.09233420811378,0.06104065584912919,1.043594486450082e-05,5.084257,6.49169,7.9652424,EXP,2.2748368
192.9381389182051,26.55134351707679,0.07256749854783132,5.52551418570263e-06,0.51528865,0.56306684,0.25333348,REX,0.8393608
193.8500514553136,28.08888415335991,0.05596604961646737,2.46198831507774e-06,7.5250335,11.008881,13.487356,REX,0.76261336
195.3406856978092,26.79658076743639,0.02837329465361739,9.870627682644871e-06,62.60864,86.13653,104.896706,SER,5.003016
195.4315081007397,28.99597859798028,0.0218634929256101,0.000110198911563264,0,0,0,,0
194.7587291169344,32.26485607153301,0.067035978620145,1.473509581614626e-05,22.65016,36.21889,50.11778,SER,6.095734
194.3492205324252,27.54908036819029,0.02041466942959087,7.741239455847268e-05,0,0,0,,0
194.4842961607881,27.58131145505202,0.01656090972962953,1.337017535302211e-06,389.936,507.7764,604.0289,SER,9.526621
198.0874456689107,25.42046237637715,0.02337629181876219,8.392940014877363e-06,27.735846,39.090836,48.55603,SER,5.372629
194.0267354607927,27.70911751530492,0.03580409088379023,5.923115508516325e-06,1.3398267,1.5921135,2.0090039,DEV,1.1200502
192.8802031652029,32.12796333159033,-0.0009386631902557304,0.0001459929369414355,2.147869,3.8651924,5.7321353,PSF,0
194.8414586558409,27.97380264746112,0.01992877776382684,6.509097685131674e-05,0,0,0,,0
195.5447375338068,28.15972672243452,0.01787334463761907,7.401809456838446e-05,16.048485,28.900333,41.016685,REX,2.4630597
195.1693876660426,28.51958592404509,0.02974796626889588,1.776065445206799e-06,411.16858,551.0023,687.384,SER,8.39564
198.2758894915996,25.25860403904195,0.0716996820477711,4.268417188659744e-06,26.030674,51.831417,87.43042,SER,2.1612854
193.8488451057513,25.94045729219865,-4.491437680190259e-05,1.502607972985062e-05,0.29691935,0.4195171,1.0217782,PSF,0
194.4041650929464,27.15503993482544,0.06941241481732625,1.269280286126449e-05,158.62524,340.04428,632.26984,SER,5.5678043
194.5056512706885,27.4208261857249,0.06961889309631637,2.515438977982938e-06,95.27181,129.76587,157.0459,REX,2.961038
194.9039955340869,27.82586000463822,0.02089349051184839,1.39193274431213e-05,166.70753,341.1431,562.547,SER,1.7458925
194.3662932648432,28.43945536467366,0.02571521966647065,4.541976901669701e-05,0,0,0,,0
194.5243208089146,28.37095421508824,0.02543624798057237,4.605849618682289e-06,236.08025,450.256,712.3969,SER,6.9568105
195.5545667370341,28.21356458364709,0.02743402710807119,1.332992538276532e-06,0,0,0,,0
195.9607159793679,28.05247540629382,0.0215655755535039,0.0001016911275639068,0,0,0,,0
195.7336169254941,23.98920886541003,0.06584590110210689,6.141160223110158e-06,6.5277677,9.961995,13.093414,EXP,1.7003716
197.3122138568366,24.80870269125511,-0.0004820943932686172,7.311038584088901e-05,1.3865575,1.6982787,1.7836986,PSF,0
194.053996211414,27.06519882662748,0.04901904057028245,1.730731018303042e-05,1.0546844,1.0812471,2.3339093,REX,0.8781178
194.286020720036,27.17336353415315,0.01981852227276746,6.291056026511632e-05,47.513775,90.14966,132.30412,REX,5.8660603
194.4807312726507,27.23201677208407,0.02162616578642021,3.187149496815336e-05,62.967472,118.14539,180.66557,SER,3.193463
195.3429769734897,28.03975827281258,0.02015263602116756,4.79847894320429e-05,8.760798,16.292282,23.597094,REX,1.1964834
195.6031278327059,29.55886047275384,0.04797151919697679,2.972934034107643e-05,0.8874829,0.964452,1.1818095,EXP,0.67139184
193.8836096032312,25.56670811816739,0.05943521439896682,6.499846070778985e-06,0,0,0,,0
194.7171862437789,25.77141046341204,-0.0001384616334199588,3.274447147864505e-05,34.27482,45.83021,49.231102,PSF,0
193.2593555700403,27.20096484140289,0.02723101972249076,4.315843381913373e-06,16.08649,24.094412,31.083735,SER,1.3576721
194.2866676518415,26.64522134452697,0.07782304289685991,2.12882514366816e-05,17.465118,23.263496,29.613192,SER,4.6828675
194.932217046971,27.99471991642431,0.02232836418736567,1.707326600915085e-05,0,0,0,DUP,0
195.412899863386,28.24591997535077,0.02530183041523448,2.790144640398668e-05,109.55027,202.64842,314.72076,SER,4.9916654
197.6076473576024,25.73081660489458,0.07273237220119907,2.273833318976381e-05,20.455416,43.332474,71.25782,REX,0.77760625
195.5041869954762,29.51023649138021,0.04795155937341846,9.513638068979716e-06,87.45871,182.67352,325.63986,SER,2.708113
195.9021764388517,24.52321776614487,0.002756364060763068,4.639751301359598e-06,0,0,0,,0
191.4488947267994,27.61550595073582,-0.0005066367802226949,3.609553392071146e-05,7.5455446,11.641786,14.40319,PSF,0
194.0246786528023,27.67988590129621,0.016671017846375,3.171262885833719e-05,0,0,0,,0
194.9337732482087,27.74305561576196,0.02530259506545037,8.781373214861212e-05,13.675517,25.02068,36.169445,EXP,3.1504836
195.1809624205739,31.47303878749083,0.05143789758950962,8.151729331877895e-07,30.450302,39.19166,44.378464,REX,0.51475674
196.3044823252853,31.972178600477,0.05172355104928079,1.238099859556209e-05,534.21124,1137.1754,2033.4772,DEV,7.6707215
194.0312981484736,24.95674970604653,0.07380790650280518,2.402479702718016e-05,10.409614,15.441946,19.37895,SER,2.890028
196.3522439827153,24.39283022031624,0.07278774326812083,2.186357915463232e-06,51.998005,88.81721,136.16504,SER,2.9389243
195.5896751960504,28.23074806519077,0.0186090352181267,3.975287371540212e-06,965.72217,1949.2495,3312.521,SER,4.7977514
196.485608101321,28.1299253394278,0.05124253966901139,2.182578341805128e-06,0,0,0,,0
198.8094981939003,26.85149106105524,0.05542801720359211,8.730066933353507e-06,0,0,0,DUP,0
193.737285740239,25.71760804642195,0.05960457982493903,3.377174159813097e-05,3.937543,5.826277,8.171811,EXP,2.2776663
195.1793250552687,23.83095192042884,0.0737138875880463,6.097053409491949e-06,15.742926,23.295996,30.363941,EXP,1.654887
194.584494836537,26.92065499035655,0.02307339227443338,1.980777249402893e-05,87.2108,145.59558,202.93573,SER,2.6882963
195.9968260103997,26.84415928907769,0.0197800018093655,7.688886226310573e-06,2.1790218,9.335728,20.320555,DEV,0.5396851
194.1889696073986,28.90022916655838,0.067534971212107,1.395461969643531e-05,4.0314264,6.5211077,8.850989,EXP,1.4630709
195.9367968517051,28.54595310129781,0.02585095653528189,2.342237444560049e-05,0,0,0,DUP,0
194.8207174185718,23.97886059974345,0.07375706944251176,2.622232480035448e-05,141.99582,334.30295,639.8564,SER,2.541767
195.2172129824894,23.93591392637798,0.0742158366329119,3.679585704327434e-06,6.942783,9.734099,11.737868,SER,1.7189963
195.5763242814791,24.96242606775256,0.07424554112820128,1.92851271579865e-05,107.484406,234.46758,408.66034,DEV,1.560041
193.9367944114459,27.41327199710057,0.02159629276148492,5.011020628231566e-05,10.675002,19.47725,28.404818,SER,2.3756166
193.21967930787,28.36644193986332,0.02445640156449159,3.890750566559684e-06,0,0,0,,0
193.8976533346786,28.99903463409541,0.06259909499533978,2.754724134865744e-05,14.220981,31.842262,56.9121,REX,0.6456854
193.8659124721121,25.89589355565454,-1.069373178343321e-05,4.702878667098547e-06,0.082026325,0.55876863,3.5122533,REX,0.2564755
195.8175845202782,27.78960982226304,0.02157818175545348,5.005465516921899e-05,23.993887,44.507442,67.67345,EXP,4.4861913
197.0112387695918,31.20481421175423,0.07575015728480107,6.57683261427797e-06,51.459476,102.90901,170.54832,SER,2.4204912
194.2481070921117,25.55719568883136,0.05974354361992305,1.337770340188741e-05,0.3874691,0.15198034,0.49643102,PSF,0
193.198378511038,27.46843641712726,0.02507973384501197,7.541861898524539e-05,15.200355,28.854868,43.60859,REX,1.583738
193.2668462599647,27.46454253166961,0.02287692453318265,3.841842667084121e-05,65.88297,128.83351,205.50304,SER,2.9776943
196.2654440997494,28.5782578126469,0.02391974738544081,6.101392145763632e-05,15.610526,26.562876,36.30437,EXP,2.342912
195.0234898119534,24.3365998316323,0.07240178050250902,5.408815042521965e-06,9.670572,15.300587,20.534536,EXP,2.1508257
194.9378423289468,26.95421211575899,0.0344731481411436,1.88102542988796e-06,3.3711019,3.9915917,4.9973598,SER,0.5460591
194.2722167601303,27.89649429176522,-0.0005585470552233937,5.523577882641836e-05,18.278814,25.076801,28.547499,SER,1.133922
194.8442731746659,27.89687118479806,0.01719385431859022,9.978778148251931e-06,433.4268,894.4041,1525.9254,SER,2.5005987
194.9340460055947,27.90200930010144,6.082953628474317e-05,6.958607293094913e-05,4.1930914,4.260223,3.38619,PSF,0
196.2592125874592,28.23171238614225,0.06904451720317208,9.872660858228475e-06,106.413734,235.2364,412.63565,SER,2.806359
195.7432977111661,23.88663612213173,0.07412099922252055,3.438785124142337e-06,14.206198,20.045347,24.611485,SER,1.666858
196.5291189367223,25.21633638485196,0.0790405471956055,6.133744738527494e-06,72.46331,144.2456,252.95091,SER,1.3767995
193.3416886739128,28.03983875505277,0.03305614390303489,1.742919816545736e-06,0.97597504,1.0147444,0.9753958,PSF,0
194.9272041656792,28.13553638607043,0.0308275101504372,5.289326914980343e-05,16.644535,31.188915,46.432926,REX,2.1936612
196.0166413111776,31.76525186201969,0.02493364105254493,1.713519534562634e-05,26.814795,37.11415,45.03999,EXP,4.6935234
193.8733768265871,27.73527257387619,0.02394490629395157,0.0001078856114576719,13.788661,27.021496,40.253918,SER,3.0285747
194.2666412583912,27.52440974380388,0.02842771487580678,5.084371779420952e-05,0,0,0,,0
196.0656805492188,28.5453504331458,0.02786509791455343,4.38130704086438e-06,66.55071,113.62266,162.85977,SER,5.186177
194.7075949782036,32.82989196790956,-0.0002655013929373031,6.396685796897126e-05,9.808194,12.219981,12.85422,PSF,0
197.4011683526059,32.09538180408134,0.06101370547981742,3.232216112037146e-06,8.505516,11.814087,13.5156145,SER,1.034129
194.2512604878813,23.91669606088319,0.06297038129224848,2.167024246538077e-06,104.72226,178.03973,259.1907,SER,2.1124666
195.5161315666155,25.41759302220504,0.06650145364999342,2.066118035464048e-05,22.312271,49.74376,89.156876,DEV,0.75245744
192.0350372915741,27.45071205141434,0.000409111138319723,6.121831051816117e-05,22.480984,29.117636,31.019096,PSF,0
194.3672538152679,27.70077833258232,0.02161207206597152,1.950383924759731e-05,98.49007,191.74585,306.9217,SER,3.6649435
194.7299884711117,27.97403960424367,0.06568857321746456,2.187090550927458e-05,0.7260417,0.95804137,1.3756474,REX,0.398849
197.6246137855635,26.80118544769987,0.07834667572492107,5.456569406857167e-06,16.827477,22.414179,26.906996,SER,1.5465268
197.5187750244058,32.11973475488071,0.07232720926184065,9.670057966931518e-06,56.60243,122.65227,210.56644,SER,1.03481
196.8397571371511,24.61022364668028,-0.0001413519312995898,7.142786474908089e-05,8.388863,13.231496,15.836135,PSF,0
196.0311658652308,27.59944339726147,0.05681338730543475,0.0004018367590767767,0.27144006,0.84168243,1.8570598,PSF,0
194.3787141423022,28.6401001413594,0.02131567288807008,3.894845823876954e-05,24.018993,44.44974,66.82975,SER,3.4571955
195.0630228874842,24.37864484458551,0.07430974085566433,2.924144550767224e-05,0,0,0,DUP,0
193.8623046451315,27.34048932152635,0.02487246767100016,3.23295869883041e-05,22.890606,43.650463,65.9386,SER,3.408899
193.8955799048359,27.40437599390891,0.02242549948721013,6.7262602435722e-05,8.180931,15.551965,22.509804,REX,1.8443999
193.6703461185906,28.9415039901699,0.008701863886823414,1.16289187158606e-06,45.818645,43.139557,44.236202,PSF,0
194.9896550954418,26.91236371512897,0.03947165597178499,4.897845820415646e-06,7.2723665,9.488098,10.802109,EXP,1.6748611
194.2133641285481,29.3781973175596,0.02390182920190626,2.945323539448716e-05,563.9612,1049.2516,1629.7505,SER,12.07958
195.3530169312113,29.3097184701741,0.02383252053742037,3.006247088378314e-05,3083.6904,6331.951,11614.773,SER,18.607693
196.4358619262179,25.38505857430054,0.02459253919977942,2.451480062010355e-06,248.64862,427.31757,778.319,SER,11.094561
193.7298855033454,27.41269744519232,0.02621097281323544,7.93124475137999e-06,3962.3066,8883.033,16843.537,SER,18.600937
195.5393515217786,25.93410958860997,0.01951327059524301,1.519879673461144e-05,24.301838,32.432693,38.253616,SER,2.8246675
195.8577053304683,26.06968090120754,0.07487827570923479,8.937922414000246e-06,0.32886577,0.26635924,0.5322328,REX,0.23771393
194.5239297013487,27.38271054953056,0.02438354605975199,6.406562130851873e-05,14.945813,28.437254,41.795296,SER,3.3581502
194.3368134796882,31.58523689639172,0.02290587979895017,5.610447390606818e-06,34.285362,44.64288,50.70022,SER,3.5059745
194.7056803667572,32.17834252760132,0.05184301858722998,2.09504564528009e-05,116.48965,265.64813,481.08707,SER,1.0022675
194.2854335007347,23.68090355835062,0.07418411360917725,1.666350837697766e-05,3.1389222,4.008539,7.3318787,REX,2.4602978
195.7265898561095,25.06124050145057,0.07411936455982529,2.892366720986937e-06,51.628532,62.51943,70.63649,SER,2.150643
193.346245414624,27.91904086847602,0.02791141319617608,4.707922526432548e-06,40.091137,69.195045,100.16266,SER,4.619318
195.9786276464508,28.18762220745246,0.02295641883994451,1.225378326728789e-05,0,0,0,DUP,0
197.8815282337797,25.61737204505801,0.03784682693618543,1.848117913714061e-06,142.71481,204.84203,263.63626,SER,4.337305
194.231304837561,28.95616872298266,0.0680688502870989,2.393444047390415e-05,240.66016,587.1341,1109.6548,SER,2.7281065
194.5900149778041,31.09678981001113,0.0631426851619678,3.7830062707481e-06,26.302567,40.110195,52.586674,SER,2.2189941
195.2174341119411,31.3396816450671,0.05228939292880055,4.180921273570269e-06,27.646635,44.56796,59.39927,SER,2.23425
196.6303563641018,23.66159371656108,0.06856359767945602,1.795615812087332e-05,150.01367,320.13412,551.93134,SER,1.942724
195.643336735874,25.89581473975342,0.07196819107546361,8.975069086491944e-06,0.36623895,0.29955307,0.36985055,REX,0.36806706
195.4590145719492,31.49447373866545,0.07453491508059783,4.185661391468915e-05,0.55249053,0.7304228,0.90861523,REX,0.29485506
195.2213369820504,32.86682306386617,0.03170027278476246,5.458829827141606e-06,17.914368,28.756468,38.11344,SER,2.305814
195.0915371423415,24.33077941208964,0.07423272287148251,3.025362050362474e-05,27.554766,61.600952,108.93693,SER,1.0929539
195.1832511246425,27.59367320274807,0.02398849012837641,7.168010015130697e-05,41.553116,60.058258,74.43768,SER,4.671597
194.168626923496,28.2160258626745,0.02821799797243678,7.980045524996002e-05,0,0,0,,0
194.5627217049655,28.12591978802801,0.02491327171656298,5.79003817696558e-06,714.27106,1499.9247,2664.416,SER,2.5960784
194.9595841508785,28.14424504240314,0.02264679936399516,1.862523979313197e-05,113.24831,220.89087,359.37982,SER,4.091272
198.5562593439976,26.07168213331341,0.07268762762391012,1.0113928888465e-05,100.21507,193.95798,320.81308,SER,2.577206
194.7693718654264,26.95814899423431,0.02703948835704556,2.29489601679424e-05,143.37006,251.94267,357.50827,SER,9.605368
194.4500417646705,27.33180347821029,-0.0004989911661564729,3.183854037361169e-05,6.6735454,10.18718,11.595912,PSF,0
195.0466981465761,27.46009596786168,0.02280794367999059,3.272858485140457e-05,50.99831,98.60796,157.48454,SER,2.2033973
195.3504817562674,27.88438734053832,0.01825253608818441,2.334660088052981e-06,71.5319,104.4557,127.74192,EXP,10.8992
195.0883181466916,29.3360793390181,0.05735399861258771,3.282514202915018e-06,12.159236,13.85089,10.616781,SER,1.9237753
195.5761382327096,32.89058114252794,0.02524718948141053,8.45941601481364e-06,1692.5642,3947.11,7654.235,SER,15.069967
193.7493196672235,23.57432454590919,0.04756028854284545,1.75977926219778e-05,0.883524,1.1570178,1.683466,REX,0.56557316
194.0233254075656,24.69575457616282,0.02267540027813257,2.064540546858105e-05,32.447746,45.89835,57.144157,REX,3.9183311
192.7817744256474,27.40271889701919,0.07163030545439521,1.066634439331876e-05,23.42692,37.045284,49.108646,SER,5.3215327
194.3615482891114,26.6938903671577,0.02424963387337541,8.468519284946024e-06,165.74942,322.17813,505.67548,SER,3.6360252
194.3404123417441,27.47488143836862,0.02312724814220329,2.071736413135378e-05,25.810114,49.617863,83.4762,PSF,0
194.8346304077511,27.43523774909157,0.02562377775888222,5.976155147793408e-05,54.596836,104.258354,161.87119,SER,4.7194934
195.2432606802504,27.65207670234784,0.01741084149881695,1.908306992506323e-05,562.40967,1110.5333,1910.8292,DEV,19.525839
194.9644469211182,28.02040865168196,0.03119779986964639,5.624721708808989e-05,9.514628,18.534119,28.280167,REX,0.94922894
194.9905984967227,28.24670214243348,0.02244824192779542,1.297846248698698e-05,0,0,0,DUP,0
195.0799376808585,25.04306021995848,0.07164347026748605,5.551688017816506e-06,33.146606,56.3083,82.38702,SER,1.9908625
196.1757651883825,25.5116225360899,0.02085262991072006,2.250644778912806e-05,31.902111,43.129303,50.534008,SER,4.506697
193.9717843115084,27.81741427409781,0.01985199191573953,6.571196454125609e-05,6.932085,10.85556,14.308789,REX,1.9373463
192.0551389495924,29.01876465243036,-0.0003335929013018034,4.728574252506825e-05,23.353327,33.905945,36.814873,PSF,0
194.7355296203133,27.83393517976325,0.02443343533887002,1.112752151443351e-05,98.05161,116.32301,150.61542,SER,1.5123523
194.2068674822161,28.79375712414124,0.06820545194252468,2.069753310878336e-05,23.244919,47.392838,77.223785,SER,0.5988445
195.187569955197,28.52845767679182,0.02299324855768126,1.451978677481751e-05,18.619593,27.180008,32.849415,REX,2.8618088
195.7309151387278,29.0294202291692,0.02562499041337487,5.173313974595756e-06,12.4697,15.257094,17.009705,SER,4.272209
195.7169050406773,29.22350791539767,0.01824310698883662,3.767736102216095e-06,6.5753174,8.533198,8.793544,EXP,2.1612263
195.2326619332716,31.1585147834512,6.197092762234542e-05,6.89337055596987e-05,2.045816,3.198906,3.8808553,PSF,0
196.5120221349155,24.43918651007731,0.07982131555691424,1.334006021369306e-05,0.4864992,0.5421307,0.68067807,REX,0.23299438
197.4583021948913,24.57752982795435,0.02370898227291672,8.51433780545639e-07,1708.4111,3127.6863,5016.093,SER,13.127773
194.5541600606988,26.9495164982148,0.02245315245327576,3.35507800607057e-05,25.461473,48.875473,74.89931,REX,1.786999
194.7157391802192,27.09732679281183,0.07882894577066533,1.40154196723278e-05,0.38040587,0.4883569,0.7222491,REX,0.33839142
194.7929781011291,27.61987808223238,0.01916689835707796,9.049019427034503e-06,423.63974,870.04535,1512.5135,SER,2.9556184
195.0254834325431,27.97833701164979,0.02550995642958862,1.452647435691407e-05,316.90668,630.9922,1029.8552,SER,6.397615
195.5950575076874,29.14953950822593,0.04940591548198738,7.080611844011315e-06,66.8655,103.59838,142.53838,EXP,2.9678164
196.0248539931246,32.15753182988795,-5.849547060301905e-05,0.0001577029818742849,3.0511584,4.9168015,5.975878,PSF,0
195.1834443301505,24.66363717974528,0.05216579042564252,2.69404571738884e-05,0.52773327,0.49077693,0.6779556,PSF,0
192.9727823411789,27.97802563189356,0.02318107966214629,2.112599680493633e-06,99.95577,146.50537,185.71935,SER,4.34036
194.509968484261,26.859517722436,0.02453133255273252,1.026547309216623e-05,0,0,0,DUP,0
195.253581072026,27.24276866241405,0.02421772646878886,0.0001945413539873875,39.693676,73.356384,106.56175,SER,5.8688602
195.3435023140999,27.59057968339353,0.02277270304735178,5.349428124587936e-05,12.369818,23.241686,34.286934,REX,1.257853
197.061805005966,27.41503490466513,0.02216202428758988,6.085900215409905e-05,33.081585,57.686436,80.6128,EXP,3.4107773
196.1737049018371,28.22748554724269,0.02405589987802781,2.429463559121576e-05,73.44674,138.33986,218.57076,SER,2.86618
193.5926034870116,24.89820517083463,0.07038942562806652,1.726249257084118e-05,1.658664,1.7369051,2.2638373,EXP,2.4651723
196.3840165358974,24.68720673473857,0.07860075044954402,4.66724046479946e-06,30.290764,62.14432,104.81236,SER,0.74495435
193.0493102750293,26.87482312031739,0.0205629129744468,1.30138730901492e-06,451.83533,863.24194,1430.9963,DEV,8.210176
197.1171346267508,26.59732049435089,0.04480338330126426,2.567373387176479e-06,21.488682,33.679142,44.03583,SER,0.99391603
195.261024878936,27.54058965077592,0.02531811887168426,0.0001483217239275574,11.196277,20.04329,28.870874,EXP,2.5442653
194.199410242564,28.19209187400046,0.01939965207779419,2.619697848271854e-05,46.109856,88.4521,139.68372,SER,1.5660954
194.9747134536494,27.97049649790433,0.02268456004070071,4.128098750641643e-05,39.30647,79.17038,127.46981,REX,2.2865274
195.8697504292311,25.44578032903766,0.021757330621192,3.827453183953824e-06,247.69157,357.5332,453.8423,REX,5.413715
196.3900891590838,26.58900389828498,0.06082778244145225,1.936676182338199e-05,21.059214,33.268456,44.42493,SER,4.5495844
194.6576976036572,27.46390491577396,0.02087699371795096,2.976142002270926e-06,295.55426,578.4179,991.19403,SER,8.645382
195.2113186140156,27.74446225340039,0.02750961658915157,0.0001679308816602225,0,0,0,,0
195.1843152930179,28.33725083396004,0.026465527314912,6.811174146356167e-06,844.1221,1710.5243,2994.6616,SER,4.5207577
196.5112654046231,32.14121029929837,0.04622740194678431,5.725679569750208e-06,56.249866,87.99902,118.81527,SER,3.621563
194.7018115848691,32.45372139454346,0.06583122706756919,6.351963779759194e-06,8.099509,12.714935,16.94867,SER,0.818052
195.4841466538073,24.36619795871098,0.000226075473541695,5.767007557602793e-05,1.4721532,1.3064454,1.4075891,PSF,0
194.6631511332341,27.01234082759711,0.02368225957817693,3.777088774150736e-06,0,0,0,,0
197.4064028357504,26.15905346397275,0.02115958727717893,3.78548284079626e-06,200.53505,277.39645,334.6962,SER,9.89967
194.8866354331748,28.84018103458142,0.05705125358230369,6.967892571503687e-06,16.694372,26.964554,38.1471,SER,1.814587
194.4979620589127,25.49603608676178,0.0779842888664275,4.342201612814636e-06,8.870104,14.862474,20.582407,SER,2.3635824
195.7401430252984,24.55112474136379,0.07372814964975206,1.709160474582729e-05,106.55701,246.6455,457.83304,SER,1.9600731
195.5923049896072,27.04228870659828,0.07863619975169181,5.123288422861719e-06,6.322241,9.364087,11.872039,EXP,1.5744416
194.3945440726022,27.31029701485133,0.02486623333314359,2.690494653293767e-05,85.60101,171.9232,280.15192,SER,2.6447637
195.1217726472705,27.33321335002136,0.02821960079387991,3.96597281409862e-05,224.48349,311.91605,386.0381,SER,11.266653
195.224058879184,27.96825944758502,0.0193276377849433,3.89281432608106e-05,47.26202,89.64599,136.93698,SER,2.892266
195.7010381433807,28.20671851903747,0.02037066651074471,4.894663102407229e-05,16.248611,30.24881,43.972595,SER,1.76665
198.2477996217049,27.14150524007725,0.05969808381648189,2.853504055193802e-06,816.5305,1680.4203,2977.9785,SER,7.5123587
194.9155844310371,32.03186634438634,0.05069273439190414,1.989560596186152e-06,15.7535305,23.211712,28.55719,SER,1.0028182
193.8602367233663,25.26169614799434,0.07195492501596029,4.411692703608907e-06,14.410237,21.563461,27.811136,EXP,2.353653
193.2347102535352,26.59488440209985,0.02430324227154328,1.314470385160891e-06,79.62747,116.70964,145.1302,REX,3.149298
193.7035967803463,27.78472233515755,0.02161977152123796,6.026471095238557e-05,19.436573,34.245785,47.52809,SER,2.7783396
194.7295507952242,27.83230565784218,0.02567877901190234,9.153350163628725e-06,0,0,0,,0
194.8722115096382,27.94220887985529,0.01881275404292769,3.319866238026068e-05,19.928974,45.5265,74.31254,SER,0.8919023
195.9945516661423,32.26144228317015,0.07642316947864626,2.98873720645383e-06,84.5135,139.61293,201.47502,REX,1.698304
197.5479100593316,32.14598845537491,0.06132502589943042,3.223598512535261e-06,35.136585,50.93444,62.80677,SER,1.9924836
195.2151382225629,23.75702360819186,0.0001725959961599047,3.051291813532937e-05,14.12734,12.6005335,19.329687,PSF,0
190.9709458263313,26.86333366772936,0.02518028347409336,9.839474821765592e-06,0,0,0,DUP,0
193.236040915579,26.59423121735042,0.02427134773459915,6.663978934448318e-06,1.7564855,2.1216934,2.9338665,SER,2.654432
193.5928218316067,27.08421365352193,0.0282158030084468,7.051705738328343e-06,452.41766,968.2652,1724.3414,SER,3.1302135
195.6602039003114,26.96006288048849,0.06095053367217675,2.757878530946201e-06,11.3081455,16.2982,20.2439,REX,0.43292412
195.9153214506164,27.04291132518567,-0.0003974768466710825,9.486427185659391e-05,2.2982295,3.2397714,3.4839523,PSF,0
194.0412524089795,27.84434101799251,0.02526694178489065,1.018599119138184e-05,845.3247,1818.2611,3298.8818,SER,8.500893
195.8139681814332,27.88154574956374,0.0158539018510022,2.80324746926491e-06,37.643036,49.354893,58.096878,SER,2.3962944
194.5417496009591,32.42558930548114,0.06796975362126678,2.199854242316203e-06,29.105698,48.579674,69.670456,SER,1.0353844
194.4827872279606,24.21198348900629,0.07356634299507962,1.790238286294691e-05,13.672478,22.811283,31.67397,SER,2.9393048
195.8193627227802,27.33433776593644,0.03536640750816674,2.122757905968093e-06,0,0,0,,0
194.5254257542329,25.16124840736968,0.07625559761764208,1.190547902538988e-05,0.5745737,0.65341103,0.9318332,EXP,1.1229547
195.0034572007027,25.19019999514705,0.06528327737147137,1.934825361921541e-05,73.61045,166.01724,299.97983,SER,1.5723699
195.905811644684,28.19940421308381,0.0261452223451222,4.494161845009597e-06,9.381298,11.763252,13.694002,SER,1.9149693
194.1880230116632,29.1418770217092,0.06796029402161721,2.944327847480215e-06,16.123093,26.036793,36.83611,REX,0.8778666
193.4310827054791,32.7053515051228,0.02332321026397349,2.246554882218684e-05,0,0,0,,0
194.2948408069797,27.40492571972193,0.02070122613166735,5.859684552856606e-06,741.52423,1468.3007,2433.1008,SER,9.131911
194.2608035523822,27.65673923578879,0.02262065165299441,2.773959270462092e-05,123.264015,247.33878,385.0539,SER,4.8220954
195.1879580212272,27.81258010343647,0.0194405361187418,6.20360617510422e-05,23.252188,44.425552,66.56489,REX,2.6916964
194.8589666580843,28.28754796634182,0.02673640475324578,1.201823103360475e-05,224.68799,429.82388,694.65796,SER,3.4155917
196.2679698346699,27.64501851937746,0.03582342377978984,1.646550826223721e-05,0,0,0,,0
195.8122319978959,31.32967938788445,0.02612128199430161,1.473764170723996e-05,350.49335,740.57306,1317.8457,SER,3.7657979
196.8672610831848,31.34802719563925,0.02276615657877648,3.041195703482837e-06,35.807896,60.079792,85.84917,SER,1.4356294
192.9341297991919,28.47940740322511,0.06118976617606782,2.401943718998977e-06,19.828922,27.60096,33.245846,SER,0.8577293
194.8144588762867,26.18807318273259,0.07664835404646624,4.875763213094723e-06,0.49088368,0.6084388,1.0425589,PSF,0
194.6683099728182,27.05109532160733,0.06022713125947072,4.765958695519768e-06,21.86082,32.970306,42.29141,REX,1.4893076
195.6925655773865,31.74165919188802,0.02287539147290434,6.498470372163571e-06,0.43292448,0.55626535,0.78673875,REX,0.49090952
196.9805573609943,32.30841737805078,0.02632403128589756,4.841430624902571e-06,0,0,0,,0
195.1112835724836,24.52654536578806,0.07912563604789576,2.858711650155779e-05,22.3339,50.12398,86.233696,SER,1.3177307
193.3152038288815,24.18128801286932,0.06970434261464818,4.045004264192386e-06,71.63033,126.39781,190.74712,REX,2.6310875
197.9439043376101,25.00853060275191,0.07161109708433154,3.051386811561577e-06,19.200684,38.422356,62.187923,SER,1.5574235
195.1119212700613,27.51561010597758,0.02595364086957367,1.273870277054335e-05,502.99475,1030.6907,1778.2136,SER,4.3887305
197.9323429869628,24.43594636126675,0.0697452448695678,5.438467253143845e-06,52.831898,108.573395,195.86772,SER,1.5790274
194.2959631069923,27.5925716580183,0.06128784174066412,7.591611055252873e-06,5.0425863,6.7038927,8.06915,EXP,2.1996949
194.9444280829617,27.74650396678371,0.03246812295662092,9.552249906102297e-05,0,0,0,,0
195.8707230174934,28.01161163871304,0.02388794424383217,2.882301238586903e-05,23.344406,47.764282,81.89664,REX,0.56470585
194.4311106750936,29.08501614214009,0.06765179530917971,2.6380366369753e-06,5.7877173,8.489155,10.763036,SER,0.96266145
195.7268519788952,28.50398356786701,0.02753852942276608,1.627147063184224e-05,0.7414213,0.63411164,0.81040895,REX,0.6980369
195.0427913872045,24.32251208582452,0.07327684676373789,2.484740444298034e-05,32.4838,70.22946,121.254166,SER,1.4351013
194.6125718851977,24.53968609581509,0.01911072359528386,4.036029290896639e-05,0.45541918,0.38006487,0.64110816,PSF,0
195.9749041623435,25.37199765453783,0.07302968919085766,8.206377588064875e-06,0.34405455,0.15516162,0.2742974,REX,0.28968427
193.6140714588721,27.42272943567545,0.0265217094493006,6.964767165897931e-05,8.609741,16.779963,25.551182,REX,1.4597789
193.8558584278262,27.74150551710651,0.02167989063512949,4.171239722147607e-05,18.08553,33.399612,49.706394,SER,2.856489
194.3589069431318,27.65938752181422,0.01683604791617771,3.955838859730405e-06,101.66593,140.32242,175.24596,SER,4.071052
196.1183653452761,32.64695593168231,0.0769556906811975,2.221064711583821e-05,10.636647,18.144497,24.973986,SER,4.143655
195.0763149378195,24.94911132539517,0.02569795159235444,4.831229042684478e-06,37.89423,52.455524,64.61353,SER,3.9671535
195.0263461921533,26.28077559077327,0.07784317642406688,8.636749171230657e-06,9.416292,19.538652,33.10611,SER,0.60673314
194.2287592478693,28.96158863697542,0.06776600493243036,1.482616810939748e-05,70.761406,163.26341,333.02396,SER,3.6264274
194.9042066844136,28.634951655804,-0.0006588572528908699,2.116898419492603e-05,1.0219398,0.44750106,0.5295114,PSF,0
195.6987837374987,31.50841017656759,0.0688201956157417,4.938134581196155e-06,6.7271957,9.465174,12.242747,SER,1.7300469
194.6862174205635,23.7813599593272,0.07448281974941487,1.365689405110852e-05,495.82962,1056.1686,1904.4384,SER,6.826653
196.0779378726427,23.69240152805528,0.07344799123325499,5.966173894515815e-06,11.285799,16.728144,21.998198,SER,2.716591
195.0659224805781,24.49134235509985,0.06622847953582876,1.11035021922572e-05,3.0773618,4.5583496,5.393597,EXP,1.5468384
197.1835818929076,24.76891094902898,0.07149525091098295,2.573281702209785e-06,27.597794,40.177788,51.520058,REX,1.2464337
193.8078077427306,27.70889306948487,0.0222807602861621,2.066946092790847e-05,196.75224,397.47717,668.90845,SER,5.9128623
194.6697652543862,27.8269360658114,0.02061155679848071,2.55083039605031e-05,150.87627,298.12308,477.31992,SER,5.1068025
198.6614489073201,26.56371709242007,0.05662775250570769,3.657620277367327e-06,149.98053,222.59608,289.7479,SER,7.3031497
198.2659233161107,27.15892962379429,0.06123603317674577,6.364261443618444e-05,16.141356,30.391161,45.10788,SER,1.5609741
193.9455325837707,25.88668689866496,-5.941713223041631e-05,7.339693150238743e-06,2.4204397,10.670368,26.430824,SER,0.8761971
192.5816558702222,27.34783973031156,0.02106544462765041,3.678543439272467e-07,4.461004,4.769547,5.011866,REX,0.38459757
195.3012570702399,27.60448488405083,0.02520482997393711,1.131326658436872e-05,366.11078,743.81384,1264.2686,SER,6.99374
195.8801601364873,28.09225158961433,0.0211616351176161,3.868096035736284e-05,255.94075,503.31555,827.4481,SER,5.748634
193.8618001785532,27.60377463905251,0.02287069867299856,3.589814522220401e-05,0.38402718,1.157461,4.309763,REX,0.43410203
194.8205062498125,27.22976425724914,0.06106442719212585,3.57658992442482e-06,28.11657,39.151222,47.571484,SER,2.85297
194.7742061066301,27.48905415656132,0.02325121322675876,7.656757599474665e-05,13.231113,24.799805,37.299305,SER,3.6327868
196.0911246251446,31.88291010700913,0.02367464730791276,1.358836194467745e-06,90.59538,118.86874,141.27873,SER,2.2862084
194.6670544231006,24.47257563361734,0.07177733799379471,2.046176086120829e-06,11.85703,17.978155,24.026388,REX,0.5688185
194.7085598836778,25.03430594995458,0.07641274358169586,3.407439623375426e-06,22.493776,35.707607,51.161324,SER,1.0728601
194.8222960325423,27.027648771177,0.03432957496477305,2.86156693229632e-05,20.747047,29.057858,34.516655,SER,7.5383277
194.5603758599601,27.69098671511215,0.02520858907876644,5.998460664391034e-05,27.351807,50.713615,76.06879,SER,3.9378457
195.2899726695133,27.6793870035277,0.02656289647191987,5.848521902179252e-05,20.357065,37.44295,54.672413,SER,3.4444582
194.1047852898255,29.59651886035737,0.06616268777611004,5.127651154277244e-06,28.195602,40.70533,51.29336,SER,2.0229855
194.4814799074483,32.36094701473278,0.04501818373919617,5.793181614521337e-06,43.072136,65.79535,84.61506,SER,3.944185
193.6858425280416,25.84096039584808,0.06929962263745952,8.285093348822752e-06,141.72665,248.52959,380.3777,SER,5.2774267
192.6014007733394,32.46623116105594,0.02271730951403745,1.017953038896086e-05,5.247768,7.544928,8.795205,EXP,1.7667351
195.4332366692857,28.15049844746874,0.0280332236165758,5.937505515477182e-05,50.783527,94.552345,145.00632,SER,9.642073
195.5507341989603,28.21509387942844,0.02721904658732201,5.716045993158137e-06,20.990091,23.73828,25.670921,EXP,1.8717366
194.109307517527,24.01612352654287,0.07969933027125928,4.143792303251785e-06,12.949677,18.81757,24.020905,REX,0.92396325
195.2308281248747,24.83232069495521,0.07471991408324227,1.429281155064672e-06,24.23657,35.521667,45.50593,REX,0.5199229
194.6628489172328,25.44830179350861,0.07196118192608947,3.926910660764656e-06,10.666351,13.575179,15.432175,SER,1.8856343
193.1766198737449,27.41733266175047,0.04025169949185104,5.832211498815917e-07,52.695732,74.053856,88.7615,SER,1.5167811
194.0893127017569,27.45251304322761,0.01702397247473437,6.293737149223251e-05,4.691199,7.7132554,10.405203,EXP,2.0370696
194.0609585449633,27.5063011666212,0.02481613657338356,1.458290594840939e-05,202.06546,411.36902,689.97,SER,4.2319174
194.9372356680508,27.76351189195947,0.02678374943852523,8.02623212290261e-05,18.35792,32.057564,46.734154,EXP,2.9660385
195.214643312181,27.74149329092111,0.0269386252748498,5.688542143294585e-05,0,0,0,,0
194.5182064110757,24.85025641689618,0.07899789351547905,8.295863947526246e-06,17.323837,31.418749,46.670147,SER,1.7607365
194.034749117214,27.23013013117475,0.06910025597057559,2.943044000184861e-06,35.690315,59.287575,88.089325,SER,2.7636337
194.3817647510523,27.35671599691673,0.0238770269165645,8.057481048854433e-05,22.774271,42.944103,64.91048,SER,4.5687304
196.0767813565251,28.4681110908737,0.02578442345576799,1.659490964196796e-05,564.7662,1094.1013,1762.3667,SER,9.553179
193.920838540877,25.8509551564241,-2.091592500127407e-05,3.187823017750242e-06,0.52174824,0.72567,1.5031788,REX,0.4827088
195.7638452804845,23.64553720792725,0.06318456645352352,7.741212739090024e-06,4.9264293,7.2954326,8.910502,EXP,2.3527522
194.4194210493883,26.20524350605794,0.02028081794212678,4.900961880095703e-05,81.73966,156.2485,244.7615,SER,5.398802
196.1237331934914,31.27364753501745,0.02316858244816465,9.92117514240529e-07,14.782178,19.196836,20.332891,SER,1.563628
193.9557941307487,23.64090913426585,0.07411858391612872,2.278144193141749e-05,0.66617644,0.8671348,1.2214727,REX,0.8249459
194.6515285714163,27.10413400260371,0.02656007496083868,6.190541773417641e-06,1262.8019,2612.3894,4477.219,SER,8.673569
194.781758663436,27.09326039006757,0.07907678732313794,3.118682793171132e-06,61.310402,86.56405,106.6556,SER,1.9352136
194.235171568899,27.59069461944011,0.02522382022780541,7.190420628536289e-05,7.207247,13.477614,19.73134,SER,2.4376426
195.4492850459161,28.66022146349163,0.02872957488859797,2.284167606404793e-05,84.06043,155.53159,235.91203,SER,4.558476
195.5166798198245,28.89450099993794,0.02744418392755628,6.2524484225992e-05,9.788914,23.960487,22.050886,EXP,4.586221
194.7421430470553,24.04777641245648,0.07596293513488303,3.758178667182521e-06,12.710104,21.987867,31.71415,SER,1.4440444
191.4584572373952,31.61083338970328,-0.0002484049314965201,4.103071467616581e-05,3.2552655,4.4938593,5.7166805,PSF,0
195.0111717445443,27.71134532111829,0.02063067764608067,4.548740414312871e-05,37.62508,72.43778,113.75732,SER,2.4792347
196.1421806064346,24.12428961557736,0.02413284820748163,9.52254239094809e-06,8.318543,10.767226,12.49486,SER,1.4118177
194.3532000429409,25.40267350594686,0.07917929261987243,1.440799440319975e-06,75.70653,109.315636,139.37163,SER,2.824193
194.7543380447678,25.87331869719524,0.06801350984311913,4.089558108548627e-06,52.06552,76.1897,98.74476,REX,3.1629193
194.7924640556525,26.72030816688423,0.02450076849802262,1.780631136706524e-06,78.193344,118.23919,154.19576,SER,4.947907
195.0726032560754,27.71149497805536,0.02373048448488755,5.325015517213849e-05,30.529764,58.182,90.45223,SER,2.8479183
196.5268977037579,28.70170770336521,0.01866138978811733,1.712606363085812e-05,163.75249,293.04102,448.0758,SER,5.5705233
194.212788771164,23.6285318180699,0.07187957917458333,3.603426209295708e-06,8.862089,14.433894,20.249304,REX,0.59934056
194.5411185776065,25.07950249189403,0.07707089042895636,5.089002286648924e-06,5.794773,7.1654167,8.209728,SER,1.5927697
196.3201028927026,24.82070100698004,0.06133331355388675,2.157525194451334e-05,1.1693821,1.3750712,1.6786083,REX,1.300262
194.752525483491,27.33717640843147,0.02819339764866663,5.341991133790997e-05,17.766771,31.619396,45.83464,SER,1.5438374
194.2981973850933,28.74963173495096,0.000542815752602587,4.428346051902715e-05,0.3981088,0.28683928,0.33824208,PSF,0
194.9146900361901,28.63323514829403,0.01780184272641684,4.498602884507774e-06,17.2175,17.226887,11.889207,REX,3.368414
193.7437720267776,23.31780706179399,0.07433593140586153,6.941484716568457e-06,21.725742,39.12051,63.017784,SER,2.789046
193.9356487530511,25.85146566192074,-3.373216734864877e-05,4.85457428435923e-06,0.532314,0.4856779,0.8379719,DEV,0.83583677
195.3087871658706,23.99921880924133,0.0735482879667829,2.56694896260109e-06,38.67698,67.408394,104.125404,SER,2.7187757
194.0466096087467,25.54548833655272,0.07791155793851377,2.36697523619297e-05,31.750692,66.59916,113.35427,SER,1.4594973
194.6840300931046,28.04898483380475,0.02954219805075186,5.564370724224183e-05,58.944965,114.19944,176.3274,SER,3.9182894
196.5420671338397,28.24743857959325,0.06940493949961082,1.085146589658956e-05,22.03288,29.388857,34.40056,EXP,4.0783978
195.1912117578215,31.3825682812752,0.05164736421524364,6.287963301654483e-05,25.000223,50.253872,77.84531,SER,3.1447341
193.5303150054426,27.21647437087306,0.02723552414520303,3.698587956892609e-05,55.143703,107.55006,171.0909,SER,3.1598232
194.1173544730316,27.48310011525537,0.02741585799491696,7.496387567674641e-05,18.254421,35.24184,52.544254,EXP,3.6276758
195.5185026544907,27.31109364159331,0.07803696254598198,1.094526780801845e-05,39.527473,61.105385,81.78114,SER,7.48862
194.5598218694453,25.17630046101178,0.07631501481781094,4.784281221410929e-05,12.675864,26.207582,42.12076,SER,0.6427558
195.9035491749265,24.52640472163691,0.002866131042743912,1.937293018282755e-06,378.85626,523.03937,636.84,SER,12.477414
193.9368276398804,29.6672349646465,0.05656177231399228,2.559739765603915e-06,65.33712,99.04278,132.17407,SER,8.809072
195.0130347507518,26.89120588597844,0.01902053525729707,2.849492769970039e-05,0,0,0,,0
195.3026506934493,28.39248667249562,0.02694153547680482,3.959694491606211e-05,6.871434,11.699987,18.242245,SER,2.077851
193.1696722481108,31.18002231881869,0.07141742518078811,4.662537342539981e-06,3.44752,4.856425,5.9111876,EXP,1.559906
194.4471243245303,27.83332124852482,0.02027519081276779,1.539084250235817e-05,0,0,0,DUP,0
195.2758366085003,27.3978189797164,0.02709026160992544,1.022141911339678e-05,220.81557,438.34235,716.6389,DEV,5.622577
194.7117636780346,28.1455638592778,0.02537295500036022,6.891075029098745e-05,10.331893,19.021921,27.26163,DEV,4.343447
196.0630029761472,28.00802847262593,0.06956255695640619,1.310198864561032e-05,1.0282421,1.326759,1.9076623,EXP,0.9753202
196.5808503973102,28.05247862959835,0.02412920491542582,2.369491541291884e-05,134.81285,250.26494,391.84357,SER,3.8329706
194.4651818185173,29.62163054229442,0.02403101497468192,5.350452261030036e-06,7.763534,10.524389,12.145808,EXP,0.8381152
195.4102175524793,24.07798643310691,0.06890965582191241,2.061717675934671e-06,11.520137,19.270546,26.874413,DEV,0.7901665
194.6958369555229,25.92277969207855,0.04541453649578597,8.703578461935105e-06,16.931023,23.051348,23.864107,SER,9.8512
194.3172763547929,28.58027646236916,0.02842485472206459,3.290558097157162e-06,40.82215,53.0476,64.57481,SER,4.190073
196.2449990580092,24.12307036309238,0.03917151414703347,3.558281619520722e-06,517.1633,879.5376,1311.3926,SER,2.5185125
194.4034622716714,25.12499255937088,0.07886616550103435,3.983014427789886e-06,5.9413543,10.748672,16.265226,SER,0.83739156
196.4780099457412,25.16266765283781,0.0781022633306239,7.197743235899054e-06,16.850863,25.91059,34.830894,SER,1.7808878
191.747632425252,26.82925515267884,0.02341618682067817,4.163639022451611e-06,20.997765,29.069906,35.542095,EXP,3.9788105
196.8540612002982,26.26710416964312,0.06005371221475363,4.998682154486534e-06,11.541171,15.519288,18.18837,REX,1.8286959
195.4459097371121,28.09496816386701,0.01938111179825647,7.027558346288213e-06,1213.3925,2566.2,4536.454,SER,5.9185696
193.6331743123849,25.47797169499889,0.02982923002321136,3.413001133922262e-06,14.269353,22.670256,30.05626,SER,1.3209893
194.3967222802463,27.56803365188329,0.02381625622223414,7.652793062230878e-05,8.403134,15.521334,23.331503,REX,1.414053
194.6466544739216,27.5963854994997,0.02565861981102956,6.53865850438486e-06,0,0,0,DUP,0
195.1702933819647,27.99659374031505,0.0236489969369528,1.18250939350914e-05,793.27844,1694.0112,3046.2544,SER,7.288213
193.1124149725686,24.39357299445424,0.07102832626545243,1.929220777755635e-05,0.4131632,0.25545448,0.29871023,REX,0.4469655
195.2128859205768,25.57693825535301,0.05668601572209245,5.207512371999279e-05,0.4517808,0.53782487,0.73374945,PSF,0
193.9733386842429,27.02190604263551,0.01994575739715853,3.860111121761684e-05,17.39145,32.64892,49.344357,REX,1.2615949
193.6587862215274,28.93016732528341,0.007765878457051646,8.687026492616974e-06,0,0,0,,0
194.0537576903484,27.02330690703988,0.02469321600293715,6.649939732703442e-05,8.258179,14.304099,20.028353,REX,1.1918272
194.815621309876,27.99706529851154,0.04037912945862462,2.34387643904267e-06,15.2481365,20.82165,24.206347,SER,1.0549258
195.9766930612625,28.3105832697433,0.02672930114577819,4.128638202093784e-06,232.53412,318.25824,390.45584,SER,21.139122
194.3480307899829,25.42465961802586,0.07769991525011055,8.04318370495378e-06,1.3413423,1.57555,1.9323813,EXP,1.3499367
192.5829706410148,27.32398566233891,0.02552082673272778,3.851009364195896e-06,0,0,0,DUP,0
193.541544601761,28.0925062237252,0.02107462981699836,9.96969626577085e-06,0,0,0,DUP,0
193.6667351454184,32.3670392552505,0.02416737574576797,3.155132973943375e-06,404.39197,773.61914,1258.9406,SER,6.8373246
195.1047189560688,27.55384580847137,0.02416812992288999,6.928251209259656e-05,0,0,0,,0
195.0856664330909,27.88347738817382,0.02314760393631345,0.0001207712332080931,11.617523,21.970257,33.33182,EXP,2.936701
195.7268504513791,23.65715395712643,0.02486057539819348,7.541025255585811e-06,699.52515,1527.5254,2696.553,SER,3.9705205
195.2281597384094,25.02694251376085,0.03697132258808573,6.587751923293413e-06,84.606094,119.76127,150.56624,SER,8.30126
196.1139474981592,24.92483851691755,0.05355029731037997,1.550024817638194e-05,4.688182,6.8185215,8.37142,EXP,1.5754093
196.1874788441417,24.96235945972467,0.07974189485513668,8.725163379656645e-06,21.845951,39.51273,60.275414,SER,1.8909088
197.2173896311012,26.02175146041081,0.0787690548869324,1.006704241890082e-05,13.852547,21.001547,28.296501,EXP,1.5187744
194.4614928826018,27.49087965124442,0.02450104565516092,1.663895329971084e-05,48.822586,102.89677,179.14482,SER,1.121123
194.3102899154592,28.50605280452056,0.06144524013850254,5.160414338941062e-06,152.83813,310.84164,515.9357,SER,3.176229
197.4100098039866,26.15743268829522,0.02106260674993033,1.930069525505402e-06,27.10212,28.442636,25.69975,SER,8.5461445
194.2811678907798,29.61346104162774,0.02089820157705961,9.48339005738741e-05,9.904013,17.155985,23.447844,SER,2.2399628
195.8627890367272,32.79335834356039,0.05214092522826796,1.755371813199003e-05,156.63364,343.20032,588.46576,DEV,2.8877537
195.3340140859657,26.0780236283021,0.07588774028635106,3.559357202714934e-05,21.278364,48.315598,87.572075,SER,1.1456962
194.6775674401691,27.76051726623815,0.02906553990293026,5.715841672081024e-05,156.76073,206.18143,247.2656,SER,5.616002
194.8392458214084,29.13651233153314,0.03114713475754578,2.437264036553528e-05,0.9093275,1.1986196,1.8030809,EXP,0.8621323
195.3922017059363,32.29839595953798,0.06174280486588977,2.213497989818836e-06,19.15066,24.108858,27.198534,EXP,1.5316738
195.4086898604189,27.36378256587435,0.06109261206892665,6.919617923783068e-06,0.5077214,0.527337,0.3560633,EXP,0.8191067
194.9560504611616,28.16657212190973,0.02157172784192157,6.81465351659493e-05,13.911515,28.629387,48.39576,SER,1.895018
195.6950558942272,28.99075098131596,0.03453840308717689,3.641812126671112e-06,4.4867682,6.9990897,8.935336,DEV,1.338913
194.106115077038,29.63738035243043,0.06606057974798596,1.692702981260522e-06,8.973565,10.5117,10.81238,DEV,1.2300786
195.1631272875192,31.39199756887732,0.05154598768607324,1.29807951043185e-05,22.288174,43.43149,69.39022,SER,2.615005
199.7559610007644,27.5719150142723,-0.000282185295078532,2.697486054900448e-05,35.302914,50.27862,56.025314,PSF,0
196.195788726443,24.98198927127555,0.07862705180131661,1.662954796343026e-05,0,0,0,,0
193.729719584577,27.41276798568189,0.02620194655039278,1.40039692015452e-05,0,0,0,DUP,0
193.9868886045024,28.40784542886443,0.02824591287743943,2.819346701450823e-05,0,0,0,,0
194.5449354677212,27.50069261147324,0.06121268864061362,1.78796698056447e-06,15.202417,17.923395,18.551449,SER,1.4879531
194.8062568999951,27.77463123804697,0.0228461159017202,1.191180595930313e-05,916.3351,1921.7432,3339.728,DEV,7.802561
195.1437597769564,24.45423150935266,0.07292544953952887,3.18945739053996e-05,51.032665,112.179085,196.06837,SER,1.6310059
195.8354887405058,25.59472686571518,0.01984308874536153,5.82918480032369e-06,32.64307,43.822227,53.085476,SER,2.5790877
193.6373588824877,28.37676733356377,0.02343914280036291,1.136023194760219e-05,1475.0747,3096.2695,5538.575,SER,13.134186
195.9592845847701,28.46037740132351,0.02434741330549936,3.343970156875708e-05,26.447721,51.308636,81.39899,REX,1.8153187
196.3351492306849,31.97714616009632,0.05205634897936657,2.99828253815281e-05,50.853523,107.6792,189.83803,SER,1.644211
194.041358051943,23.46364694920331,0.07607527049704331,4.719362444092093e-06,81.11953,190.64111,398.32706,SER,3.323666
194.2009793775736,25.4357778955646,0.06010721729649962,1.439255538691507e-05,0,0,0,,0
194.5071538652218,27.85357698142263,0.01902913576177836,1.247832052500211e-05,191.81613,387.7833,652.9591,SER,3.6055887
194.9220897576008,28.50719776804135,0.02748195690586277,1.057779522963055e-05,411.8227,817.9619,1405.4532,DEV,10.089502
194.4294658086744,27.60787261354232,0.0685089078423698,6.114776363406679e-06,76.25487,182.6196,367.87387,SER,3.5200634
195.5245240946024,24.4012175348556,0.06692387605833187,6.471452942102195e-06,73.00867,133.70708,210.6772,SER,2.6024785
193.175069478433,28.36306785248277,0.0597455646313969,1.259537651175006e-05,3.912744,5.788606,6.557842,DEV,1.4266415
194.5101211181277,27.85053554039447,0.06554055082937683,1.849921127524723e-05,56.885864,119.645935,220.87053,PSF,0
194.4662690315761,28.27842890855975,0.0219956931061614,6.290012935146485e-05,36.115677,64.45045,93.59878,SER,3.7408466
195.3136632705118,28.52245831185673,0.028327609165126,2.409891822911018e-06,1.7364165,2.043216,3.1301897,EXP,2.661423
195.8663403478176,28.56415111295535,0.01590587733587811,1.268651849405861e-05,263.56628,388.5505,510.33072,SER,7.948857
195.2507278385409,31.10545716087831,0.06822968206024599,8.925873563241993e-06,2.2355146,2.304219,1.4904603,EXP,2.8285367
194.7499366460448,24.06353549930094,0.0752307259120333,2.395621769794214e-05,139.83676,333.12936,628.0183,SER,2.7303264
194.4442708702169,24.70534112993182,6.97508472104778e-05,0.0001172618528951797,1.2139858,1.0801057,0.8233921,PSF,0
195.726011222233,24.38607013350514,0.06917875071587203,4.269875055080949e-06,4.708553,5.971929,6.7614617,DEV,2.1523945
194.3078008532038,27.6395143299414,0.06741922126412467,2.184783120197838e-05,50.179386,108.15571,187.56044,SER,2.3667262
195.3610201811258,27.87761687235455,0.01798504234847267,1.61706538031861e-05,36.90322,58.23123,72.34204,EXP,8.8032
196.5057552571918,26.58781486492291,0.06093205462735467,5.078085510255333e-06,41.25697,74.67883,117.81968,SER,4.5884914
194.5253271776247,27.41893404226669,0.01923319028489488,2.080001701817656e-05,196.42873,387.86914,630.1649,SER,5.2831254
194.7081438225579,27.96460932069588,0.06395341445165968,1.391652517981774e-05,2.5618324,4.023119,5.0055575,EXP,1.5303801
196.2378336767154,32.05936702644745,0.05253971747100557,5.61421075657698e-06,97.22863,154.83821,208.27196,SER,5.120611
195.8189156908099,32.78198140071264,0.05289402349803413,1.692960011611557e-05,78.43475,149.67589,228.49165,REX,2.7561655
192.4103456969754,26.54295575610861,0.01957276921704765,8.140977557670815e-07,38.02061,48.448036,56.359623,SER,1.512265
194.4285659450313,27.62136435248649,0.06805606773865244,1.720275238763136e-05,162.63644,371.9852,676.26184,SER,2.7290154
195.0502599734984,29.56102969581507,0.02395989164492654,1.515716096386563e-05,0.6428889,0.6043896,0.8445485,EXP,0.93247193
196.5357484906559,28.45814609742062,0.0678009914231718,2.728388842701696e-06,5.1733947,6.0070376,7.710244,SER,1.4934416
195.0244341111708,31.06635325526182,0.0521752370747997,2.84455671003434e-05,14.1603775,24.027708,33.44197,EXP,2.9426947
196.5256144800096,32.40576446171774,0.05167833486589203,1.132723605360827e-05,0.5166124,0.40890115,0.61814415,REX,0.41032803
195.5447645480982,25.49270226717902,0.07362369268798956,6.255185246597695e-06,19.861567,26.882517,32.42726,SER,3.7829132
193.6752752669126,27.63897865618807,0.02875578022584779,1.815677032361151e-06,73.45856,92.591736,106.530594,SER,4.2180066
194.0559848102844,26.77847267247077,0.07452611264908553,8.038573607234798e-06,7.1499624,10.633075,13.891721,EXP,0.73032224
194.9350426735157,27.91245884614598,0.02237823198227699,7.70029625963931e-06,1019.2549,2209.3804,3859.2776,SER,4.7273736
195.8197857632364,27.33172607833948,0.03579713348887557,8.528482510430115e-07,20.819601,28.221087,29.779253,PSF,0
195.7149489629689,27.68089911391679,0.01801341500296565,6.34295418393262e-05,22.267342,40.43859,57.29082,SER,2.327305
194.576172673204,24.93011351076209,0.06631755546988419,6.530765098850245e-06,65.69466,114.7006,168.98132,SER,3.6422014
195.062987057176,24.3786294991957,0.0742971782800313,1.793825088007035e-05,298.35394,678.3382,1272.0692,SER,4.0124416
194.50371812353,27.71658237136489,0.0694097838793059,8.445666610533537e-06,4.8134356,6.776147,9.057696,EXP,2.30306
195.6020993978411,27.17377792147421,0.0785094618940848,2.283462408164225e-05,40.213745,92.27173,168.4341,SER,1.5728908
195.449719519669,27.35292391960159,0.02050257115223969,0.0001274327955068325,0,0,0,,0
193.3611448224501,24.20941633948524,0.07060287413804002,4.453201287834968e-05,4.4608307,9.578369,16.456068,REX,0.3508145
195.0096239848838,24.21248071674825,0.07571667810798975,1.862337931581363e-05,2.8059034,4.1037936,5.1385736,SER,1.8907967
191.7659972748193,27.40182944279608,0.07258957910432047,6.008185468542046e-06,8.529243,12.750764,17.397005,EXP,2.062782
195.4517598649802,26.09664976843895,0.07619415867372063,3.639211229695824e-06,56.431026,79.82719,101.28658,SER,2.5934033
194.0620887430052,27.78059204843913,0.02259718772246208,3.976950216018488e-05,15.287413,27.984854,40.106895,REX,1.4538567
195.0441474915434,27.95995599801609,0.02131300888101032,4.473926017370241e-05,0,0,0,,0
193.6774116216513,24.19941682178505,0.03085355148082804,1.84264219533568e-06,11.644235,15.71019,19.204617,REX,0.49968746
194.1461378426925,24.67942634789007,0.06345049620582766,1.524213318885582e-06,18.657234,25.019701,28.497694,SER,1.0381067
194.7480317951133,27.12804685214236,0.03820402218588164,1.263013601347816e-05,5.0214276,7.046713,7.918859,SER,3.3986135
194.3507929681718,29.8037393695531,0.05794190684937246,5.236172836290619e-06,8.98142,12.576663,15.865945,REX,0.55291855
195.5369963853875,31.07209086071556,0.0684695293741814,9.97659762447389e-06,52.451263,100.19175,176.13226,SER,8.468059
194.6925736318188,32.14178805177379,0.05300712260834142,1.336865178945129e-05,20.285528,40.288082,62.96806,SER,2.219807
193.5062705992882,25.96801183941674,0.0005095407757479065,1.195966520769819e-05,30.730227,50.7926,63.5134,PSF,0
193.4549567592367,28.94267279808846,0.02363816410080913,6.7103693203961e-06,217.2614,423.20776,698.39404,SER,5.065886
193.6729364533628,28.94707324778347,0.008762050037654864,8.173653165464133e-07,26.312975,36.559986,22.700218,SER,1.9883107
195.4499183546286,27.35481777924035,0.02025945547954772,4.240739634834705e-05,103.93479,198.13225,311.96817,SER,6.7906184
195.6860121167788,32.08504348526979,0.0245229020960249,9.272280813385784e-06,396.584,853.6789,1500.5046,DEV,3.1584203
195.6333214977354,32.57519299236273,-0.0004012935393665933,9.82043382537817e-05,28.920488,30.371761,27.176508,PSF,0
194.9551284712772,22.99925744499115,0.07416782801961427,2.454411826833012e-05,124.14479,240.93323,396.3315,SER,5.243151
195.0459313679009,23.39019432020762,0.0736669385153901,1.322882251205262e-05,37.851536,61.291122,85.668045,SER,5.9364777
194.026773516095,28.29842580734937,0.02422341519985552,2.089072641551615e-05,23.16772,38.10442,50.688557,SER,2.5136735
193.8771853031858,29.49062939394727,0.06787786703912939,6.558527073788481e-06,65.32199,107.993385,158.7848,EXP,7.1046195
194.7210617233477,27.81343926762224,0.01846767950827722,2.521171034920686e-05,0,0,0,DUP,0
195.500574870193,27.78273522832978,0.02367918489566341,8.683292128510365e-06,688.0009,1148.4506,1610.3143,SER,4.089258
195.4151826241857,25.33883588981681,0.06550588149875605,4.6424467140644e-06,2.4833078,4.053979,5.1305947,DEV,0.6221423
192.2563373205764,26.50499469696208,0.04597169615156797,1.113713640779131e-06,13.450218,19.988214,24.511196,SER,0.8428483
195.5632065396604,26.01185448063319,0.06969135913790539,7.367860345928987e-06,124.70706,247.28438,422.50214,SER,3.8136077
195.8343085819157,27.33259125433467,0.03505131706330337,7.278057664383132e-06,2.9637308,3.3740366,4.5192885,EXP,3.7725756
196.6841649088168,27.99102985898009,-0.0003221251974564454,2.74367071421411e-05,61.88598,95.74125,115.45323,PSF,0
193.8953423936497,25.64974130653005,0.07958621198259892,2.125234076849015e-06,18.008215,31.833002,47.408806,EXP,0.7735606
195.968730896331,23.69558827850984,0.07305874841612472,6.062399242877641e-06,231.31555,567.58105,1118.7434,SER,3.2447646
194.1362358994155,25.54713568730379,0.008423775061236868,8.535827545314976e-05,1.0069008,0.9756368,1.3469832,DEV,0.81871074
196.2378391240904,25.22123294436376,0.0209233319277976,1.37782098314667e-06,9.872521,12.146223,13.124572,EXP,0.7779627
192.957092081994,28.61300650133368,-4.073215531542579e-05,1.488231495785352e-05,24.158998,31.401808,32.32001,PSF,0
194.150046157442,26.9047631594654,0.02639646762577037,4.300928967102602e-05,120.34442,235.37227,364.1882,SER,3.7874365
194.6596565456539,27.82392679507043,0.01786634787704148,7.80647995023602e-05,0,0,0,,0
194.7464293291495,28.12434957819549,0.02612506120180035,5.832308754362582e-05,4.1708975,9.153758,16.050812,REX,0.38932997
195.1784894839437,27.96310426044663,0.02810651969553508,7.99899844246121e-06,661.46075,1406.8978,2493.6365,SER,6.65468
194.7509329310215,31.67698197695543,0.06807332018443235,8.770626455641687e-06,28.969841,42.93712,55.202812,SER,5.067079
194.4793298224349,23.44311768881134,0.07774077191028667,7.815103521471821e-06,17.451397,24.602076,31.784172,EXP,3.284012
194.666090821687,23.85613449728231,0.0740639094160324,1.112005966570059e-05,4.023754,6.266816,8.6919985,SER,1.8036492
195.0967182703334,25.10099197810889,0.02237179962821168,1.400297249572644e-06,52.020206,69.04928,81.78488,REX,1.0778192
195.1098432792201,27.02821765296343,0.0780784291744892,3.268878440410814e-05,0,0,0,DUP,0
195.061171331987,27.28269097096593,0.03660098285166014,5.664161420579143e-06,0,0,0,,0
195.3958239665662,27.2847987817321,0.06650886407589636,5.862635980014602e-06,6.445483,11.238535,16.74422,SER,1.2210944
198.5289548128649,25.97120072747244,0.05671730863099774,6.45824372844666e-06,28.917673,45.85691,62.182976,SER,2.7779758
191.8920659377247,26.0049988732806,0.06653506947518674,2.611466797673444e-06,0.66264606,0.7473517,0.7044481,REX,0.31627834
194.8232233012529,24.44478920883798,0.07274891718151519,5.611693425876569e-06,0.32157254,0.35020652,0.524596,PSF,0
195.7210417644104,25.05893917110792,0.07420059084548983,2.426515573194728e-06,13.762642,17.946161,20.798338,REX,0.5483019
193.8322550871237,28.92577205471471,0.06131388989622732,6.579650070432034e-06,14.078499,19.980242,25.336414,SER,3.2270377
194.5541446305573,26.94950504090632,0.02245505065074501,2.796924790557419e-05,25.461473,48.875473,74.89931,REX,1.786999
194.522322106563,28.01094381111526,0.06899500655302664,6.879715042180676e-07,86.52208,119.245155,139.46269,SER,2.3239512
194.3733095077232,28.2564050232356,0.01984809772923506,3.895741961076598e-05,44.399403,83.87195,130.15485,SER,4.3901296
196.1797878978886,28.2077066657272,0.0247889617445478,6.939230564313575e-05,7.3794765,9.820375,12.377382,EXP,2.8979893
195.6793735142953,23.91678629146413,0.07432528980635343,6.170278354308098e-06,30.492134,49.192764,70.27618,EXP,4.516531
195.8720573407019,24.43397625675732,0.06618290807547693,2.041114380811989e-05,0,0,0,,0
194.0058915615371,27.28980669892706,0.02539779471722752,3.332939057784687e-05,46.34139,91.524506,150.47054,SER,3.12498
195.8469206435033,27.30791205939029,0.01833673636753949,3.708659098536145e-05,0,0,0,,0
195.2181251931578,23.92783349853236,0.07416437386312409,1.087426063368038e-05,8.390886,12.965918,16.373734,EXP,1.2447
193.4120895503476,27.74428535651813,0.02611061203873743,9.461270442474464e-05,32.61424,59.891464,88.36528,SER,6.4690166
195.0147515249552,26.89810623440084,0.01978492353181084,8.29844816275026e-06,2258.9048,4581.985,8034.7075,SER,14.934503
194.6596051711913,27.46057484107691,0.0202533258471479,5.026153837695058e-05,0,0,0,,0
195.0015468344503,27.46836266741481,0.02478053964102581,5.579760580486493e-05,13.890658,24.92704,35.36995,SER,3.2734063
195.7204920406662,27.51764277548664,0.06355493046005721,1.359630645626207e-06,111.06949,159.93373,206.65735,SER,4.09687
193.3498854631213,24.13886074457557,0.07122730273722687,3.173350242527556e-06,14.919644,19.729086,23.055483,REX,1.4352374
193.7815787545061,25.58911298969737,0.07852384534354925,7.26921591404476e-06,11.382335,17.584023,22.930975,SER,2.1736405
195.3772624469329,24.63006912969535,0.02537216829740444,3.855198727970286e-06,0,0,0,,0
195.7424049665118,27.37549977926056,0.0359070268717812,6.809625218327562e-06,12.536343,14.678166,15.073393,SER,3.605247
194.1499305730322,28.94765083329599,0.06226617948182776,1.491874336408405e-05,203.10023,376.7991,613.7278,SER,5.625896
194.1631785110396,23.9295842323435,0.0001055539979885039,5.581253961750382e-05,1.0501449,1.6266842,1.589567,PSF,0
194.4046986003591,27.93322908830305,0.02668920095049238,8.32625712108849e-05,21.69275,38.933277,56.420105,EXP,4.443103
194.7878347855856,27.89757198410351,0.02610145179939955,2.960051156458696e-05,102.96584,212.82817,354.30194,SER,4.819657
196.1294277624322,27.65509066388433,0.02055094333208344,4.219475168762993e-05,29.018234,54.232426,79.3951,SER,2.7153966
198.0384323419765,26.05342049263417,0.07263081999744349,2.523872513500216e-05,31.71548,70.41004,122.94806,SER,1.1922232
193.2484360797332,24.40050994849781,0.0706206888187521,1.079562162101611e-05,297.45023,588.1793,1023.8886,SER,5.5312676
194.3251818061842,24.58108888056824,0.07428125730717719,7.396161751313919e-06,7.487999,10.366707,12.657309,EXP,1.174214
194.9888326309289,24.48375767319559,0.07223885107301621,5.102887336125614e-05,19.269516,43.85593,81.15962,SER,1.292146
197.8208723913137,25.21119281590373,0.07136950001792619,2.534861533214739e-05,73.65222,161.71779,280.08987,SER,1.2039313
193.9997851606979,28.18694776652869,0.01866440843542972,3.729045028136871e-06,294.33502,608.12085,1045.563,SER,1.5424404
196.1230598828391,31.27331841262136,0.02326914166122864,6.27907283148144e-07,112.69726,135.15839,155.35391,DEV,13.8336
194.479010997102,26.04369762711507,0.07864982260835703,5.162455925016378e-06,235.32553,542.2679,1005.52344,DEV,6.8182583
194.6461128442071,27.58886989522505,0.02414699386691766,0.0001409532240253643,18.023357,28.729343,40.56332,SER,6.1858163
193.0708098846889,24.83478599090116,-0.0004809708371773322,3.396676800109973e-05,24.1364,44.106174,54.12757,PSF,0
195.6747324728029,23.97615737266403,0.0754851406397462,1.122924792421111e-05,3.081839,3.750457,4.6870584,DEV,4.5217047
195.6007614568033,24.82027111912007,0.06157996508789291,2.136005313474869e-06,50.42834,83.141205,117.13359,REX,0.6798189
191.8463328295657,27.46507513720109,0.02188919831453785,1.365680802448483e-05,47.700108,67.93784,84.18081,SER,3.1338294
195.0093877918996,27.41002223470565,0.0194967680437742,5.036345845638567e-05,6.591688,11.1200695,15.401973,EXP,2.7087502
194.6558127921846,28.2194984545288,0.02271336372321488,4.290216700500699e-05,45.04341,84.96585,127.44779,SER,3.4909167
194.0908643395979,28.48693120221887,0.02201264176105566,1.715260787233053e-05,282.95926,566.8803,946.079,SER,5.3118634
194.684828407017,28.90175644397325,0.06871594762345123,1.515246651605824e-06,50.27549,73.7602,94.93978,SER,1.5061083
194.8446652862664,31.3704716671324,0.05259621158624422,6.590142441584551e-06,50.646637,100.75673,163.93448,SER,3.325569
196.6516960163061,25.429639829385,0.02399542193778549,2.491281188894234e-06,452.78818,720.7949,1009.4556,SER,7.1443
193.8543894612141,27.79809058913605,0.02459030470235105,1.676818400181566e-05,0,0,0,DUP,0
195.0808381088499,26.88537521703265,0.07821484469706602,2.252924163996175e-06,31.913229,61.09997,95.71629,SER,1.7108839
195.5369241787639,26.92586769481398,0.06800706656730138,7.286485265876909e-06,60.08185,140.00221,270.82907,SER,2.373832
194.0620926460206,27.78061395275499,0.02267211056037051,5.797133155408672e-05,15.287413,27.984854,40.106895,REX,1.4538567
195.0185803168348,27.9876138324664,0.02133226341675193,1.334490325894992e-05,0,0,0,DUP,0
198.2124316376755,25.95282813887542,0.07186552476894766,1.507696975677419e-06,63.652035,117.14265,167.28763,SER,0.97171444
195.5256037393325,28.73260761063589,0.02356777761577716,2.483256992817974e-06,9.821785,12.361858,15.098674,REX,1.5497673
193.7187098497326,25.83748829105374,0.0788691030294557,2.496425888320688e-05,130.23727,300.5581,537.8567,SER,2.4391096
195.993208389006,23.96347794812392,0.07346550817226556,1.206642697093082e-05,22.75588,53.819813,111.74124,SER,3.5774157
194.5630911124401,25.16906291630739,0.07608009668903,4.19433999273388e-06,18.700027,39.54786,71.561646,SER,1.8945905
192.0067362558833,26.20960995910997,0.02014159507702925,3.153045579764603e-06,1.5435942,1.8289443,1.9922634,REX,1.5355726
194.0253417563351,27.67799994264439,0.01643973251094222,1.081772962540486e-06,577.1828,869.4352,1101.3804,SER,3.886889
194.6962728111728,26.25044701462753,0.0212737630897073,4.826563051371625e-05,15.76381,29.86387,46.093815,SER,1.4864129
194.3956491534846,27.6462065538106,0.06936045561161153,4.247732854423056e-06,8.865241,12.870595,16.414442,EXP,1.6507211
194.4498879064485,27.72655963433361,0.06994487351395877,9.05611306074026e-06,136.69836,299.3062,560.9365,SER,7.149895
195.6761959220299,28.34813002195337,0.02387055731099686,8.034195710768683e-05,27.485435,51.124626,77.95523,SER,2.4512165
194.9060792750286,23.12235602860678,-0.0002877511090844307,7.34639292943885e-05,1.5913211,0.62926126,3.5143502,PSF,0
195.7226669824286,23.7704491231157,0.05611509245615796,9.379810422995257e-06,13.517345,17.315092,19.905548,EXP,2.8452573
195.1692158277601,25.21220354181857,0.06556204378679935,1.675973295196993e-05,31.633947,68.7792,120.444565,SER,1.3199631
194.0351109512559,27.78477188794155,0.02503585699706547,5.385597301211854e-05,4.6156764,7.5768466,10.074588,EXP,1.7765712
194.5132000586244,26.91598617309364,0.02740135533100207,5.388500521383359e-06,793.8872,1588.0376,2784.4688,SER,5.1153536
195.0191798556556,27.03244173767287,0.02328213000807991,4.71643117381167e-05,120.33739,221.69923,340.02554,SER,6.299591
194.776326032944,27.49367829510484,0.02719602608028431,3.642608879169573e-05,55.647224,104.50234,161.14586,SER,2.62078
194.9858719218386,27.2074076238232,0.0683380618291775,3.958322167303773e-06,16.996338,25.540041,33.56018,SER,3.5588977
194.6527488452014,32.90544552050198,0.05770298199352862,2.493639407946906e-05,0.7420969,0.7688247,1.2660004,REX,0.7010704
194.8575841302762,28.18701336099504,0.02573994820584416,2.583025857054455e-05,152.82669,311.4916,521.00946,SER,2.9117267
194.8979324452563,27.90602923866842,0.02346598115543211,2.610139005290158e-05,41.279587,87.47608,148.40965,REX,1.3325442
195.0156481116112,27.96472233060211,0.01793180716250315,2.809337569872653e-05,93.51189,193.26485,313.791,SER,4.2889767
194.9418788518669,28.42379726757821,0.06147258016113413,2.269936964473178e-06,8.944714,16.58975,24.595032,REX,0.5562987
196.4465823629121,27.74144777868912,0.00863308011226169,1.111152157397597e-05,19.610853,18.769974,15.646088,REX,3.1575484
194.4630351007777,29.65408334055033,0.008261455217895558,1.131512262501666e-05,0,0,0,,0
193.292460986282,24.20608643791888,0.07164262969122867,5.653244982193559e-06,0.984401,1.0368685,1.4488513,DEV,1.2248408
196.1060899202913,24.07673579330008,0.07418309657030575,1.283190441803726e-05,12.746316,20.067764,27.179718,SER,1.8610982
196.0814913387474,24.86184322875257,0.07360406198893082,1.025332836079283e-05,112.80468,216.7331,379.04706,SER,4.0779862
196.302065084566,24.99985559878725,0.074393446568169,1.16771403413474e-05,3.57479,5.4074955,7.7011323,EXP,1.3666246
193.3297187115024,28.21195981390338,0.02074659932172371,0.0001016057692433824,0,0,0,,0
195.0581661833545,24.30116607668405,0.07468881405649375,5.675679327213125e-05,18.61302,38.591007,63.74327,SER,1.44926
192.5895864272093,26.69480652692773,0.01866926877800701,7.701644977586175e-05,0.5043034,1.0368758,1.4288497,PSF,0
193.2213877710861,28.36806268591137,0.02436231494666159,1.847908832045223e-06,4.6654067,9.48127,15.566998,PSF,0
194.0693303220315,27.04673400653591,0.02453900573805031,5.521137468164658e-05,21.600595,36.735752,51.842735,SER,1.5928576
194.6034548114955,27.14567488048538,0.02509436200401689,6.429533743668358e-05,18.170668,31.773264,45.504093,SER,2.99472
194.0648370365631,25.36356325125789,0.07223378131384177,1.609518105761062e-05,124.52644,289.249,572.8465,SER,4.5061226
194.862300110345,27.8600690238252,0.03349722618772859,9.765317555930873e-05,3.890524,4.8121204,6.2496223,EXP,3.1715386
194.8970438979204,32.19684102610878,0.06407658977494637,1.643849611911992e-05,1.2015876,1.3460908,1.2649816,EXP,0.97650886
193.7768930069118,24.96669611776845,0.01759323719648681,8.534179618188303e-05,0.38451156,0.4416421,0.9304556,REX,0.39809987
194.9645557016598,24.2302678838171,0.07591979315093535,2.314952307138727e-06,21.88828,37.52386,55.198635,SER,0.8790371
196.9338162190963,24.81244614250859,0.02108846486842089,2.149015934015456e-06,38.182262,52.88817,49.98624,EXP,8.384
194.9622238862386,25.87998700153985,0.06976229210724869,6.390975497219159e-06,4.7997518,6.862751,12.443416,EXP,4.327551
194.7293793530527,23.79206582729982,-0.0001207439490620794,8.719922386889997e-05,36.75605,50.553288,55.01157,PSF,0
195.60132102101,24.03054233771836,0.07438496285800537,4.012224062601169e-05,17.222021,39.989227,67.58886,PSF,0
195.7738830431786,25.47373591674538,0.02403901028139478,3.394190397160959e-06,0,0,0,,0
194.6472752058314,27.26467989204842,0.0245595299777353,8.526159888521852e-07,564.6249,817.48145,1032.5455,SER,5.21569
195.9544008863587,27.57097193664898,0.07753443728987958,2.683692474973837e-05,19.239582,42.69101,79.26069,SER,1.3618242
196.1641566216981,31.70518824123378,0.0677921426130713,8.93948286994724e-06,32.958523,70.12168,130.35968,SER,2.4125779
199.2725411012625,31.12992735228602,0.06043268274741175,7.893575473665715e-06,56.03487,87.04097,111.92692,SER,10.423317
197.8544249138489,24.85965898865501,0.02370578150195148,5.036964033063931e-06,73.269485,104.98229,135.3474,SER,7.3025923
193.9608241664987,32.41300509905003,0.06935611753581933,5.568139107541128e-06,19.859394,31.13622,40.252518,REX,1.4114808
194.156082107483,27.07057805623489,0.03034935745102523,6.193764126695099e-06,58.590942,91.84935,124.94262,SER,4.424612
195.0607377688078,27.62868843763971,0.02019549255175582,7.086634001052464e-05,17.539766,32.336704,49.468555,SER,4.4050226
195.8054714833048,23.85928644873497,0.07341869316637574,4.513620828501461e-06,69.86247,125.47219,202.00969,SER,2.5526547
195.1803093322733,24.86058079280844,0.07195692640522393,8.394800261371562e-06,5.992863,9.61046,13.173935,SER,1.6330504
195.1564986657202,25.42347309875851,0.06511758537339399,1.559431378727321e-06,7.002301,8.384558,8.889238,EXP,0.7862597
195.8724512704061,24.43710797308476,0.06524018015549564,8.871308288714657e-06,0,0,0,,0
193.8863803619628,25.9134530275852,-3.254860395631898e-05,4.069818967688077e-06,0.5592241,0.4476344,0.59043366,REX,0.6082707
194.5909886594578,27.9677682085372,0.02008470352916496,4.637898360177276e-06,1274.7954,2710.632,4928.8037,SER,4.9524508
194.4910139436847,28.06087660346614,0.02721832994699866,1.298078894807976e-06,9.187586,9.049697,5.649446,PSF,0
195.7053156025025,27.92691043840292,0.06362839084229696,1.789063381326491e-06,11.513433,15.041637,17.601805,SER,0.6839475
194.9561032040083,31.14303790538368,0.06850798847868171,1.157180383028098e-05,20.175934,31.254229,40.79825,SER,3.2490976
197.0877395603547,25.35772226790198,0.07677882934530297,6.426479732978684e-06,35.258514,71.685036,125.47606,SER,2.6725645
196.0815242760434,26.11671261613544,0.04996129149155631,1.880549116565162e-06,48.738045,72.17089,90.782616,SER,1.7418586
195.1819346224104,27.2034192510768,0.06123014879375042,1.877305000010704e-06,53.757057,91.00158,131.01614,SER,3.073934
195.6253129303614,28.64139792497011,0.02410167130334546,0.0001128549687845602,15.410701,27.548973,39.17883,SER,3.8644426
192.6162794783744,25.63336578835215,0.05925133747736239,4.448101829411521e-06,27.527737,43.800926,59.935318,SER,3.0496979
194.710374949199,24.69544681080523,0.07605090766253307,2.508137980690532e-06,76.2571,125.78431,182.87643,SER,2.45989
196.1670232022781,24.96248296175978,0.07929787926079698,6.745324057217167e-06,10.645348,16.618885,22.576784,SER,1.6871973
196.5691571320514,25.3560240434542,0.07888164165850789,3.999763246272358e-06,72.92528,130.5749,201.27489,SER,2.8823109
194.7518085065415,29.13095996829266,0.0618896211587305,2.119773395468446e-06,77.12717,135.66154,203.5358,REX,1.104114
194.5724101544359,25.2838548174329,0.07655497027738446,3.703249169206748e-06,21.247395,29.180933,35.868862,REX,2.2885165
194.8919599953438,32.29143816905059,0.0317072645387609,2.787419657931654e-05,0,0,0,,0
194.5269406351543,23.90235761660266,0.03745275099034073,6.110612091797554e-07,21.61178,16.236414,9.861222,SER,0.9236936
193.9126615941523,25.9240592279915,-6.075883621310363e-06,4.623280518977e-06,0.87286043,0.8661275,1.8584374,REX,0.5938075
197.7596177019861,26.30142846982194,0.07216728472142704,1.881362080206413e-06,69.21129,109.16343,151.78183,SER,1.5073066
193.9757677076921,23.80260011310107,0.01904298674827822,2.957388077097667e-06,111.609314,179.0005,248.57387,SER,5.9254107
194.1785653368543,28.02048318050801,0.02094403561653381,1.026185848420315e-05,0,0,0,DUP,0
194.2484655743315,32.36561528136152,0.0630951925639589,3.697469761151469e-06,6.784643,9.425424,10.80645,DEV,1.3017389
193.8901025451603,25.84012288097838,-3.270238079493249e-05,1.799472403333182e-06,1.5252968,0.59874856,0.6879857,EXP,3.439969
194.8741517755724,23.79526512166181,0.07422331047701557,5.64530032377951e-06,130.30615,243.82616,389.6323,SER,2.8857002
196.5291164278735,25.21632318251794,0.07896489423183298,1.436844131621521e-05,72.46331,144.2456,252.95091,SER,1.3767995
192.0530562714786,27.85452836077284,0.03223020393898493,5.576326782893008e-06,8.8959875,11.575661,13.125142,EXP,2.1854925
194.5675470920547,26.61348620955893,0.07782162025586153,1.37315309302993e-05,10.233232,16.214664,21.90761,SER,2.6357408
194.2824580986569,27.23832136484616,0.06864998422030089,1.668040964473893e-05,25.417143,50.91527,82.8736,SER,1.1700577
193.3479430404687,24.01430699772264,0.07023907956199793,7.449046982408817e-06,12.01219,19.126572,27.675879,SER,3.0766392
193.9541484206345,27.90586261008325,0.02321430845282703,1.638783671459854e-05,0,0,0,DUP,0
194.8183403451619,27.15806975632553,0.02235841761260459,2.659585947590506e-05,0,0,0,DUP,0
194.5776516192677,27.31080677254403,0.02479400875404933,1.319290066218012e-06,254.56146,432.96536,673.5861,SER,4.5245304
194.2495943151238,28.10134539830345,0.06525530491595559,5.601566594280781e-06,28.316635,38.542114,47.427147,SER,5.300291
195.9875548973559,31.61302207777559,0.02354021035197431,3.964388548067193e-06,86.37218,120.87594,150.37865,SER,2.8551676
195.8190205926702,32.72146471053313,0.03190293649325921,9.214919559037743e-06,626.47626,1149.0089,1518.6239,SER,13.192689
193.4972734476577,25.31090972631052,0.07274245200034778,7.972667911734207e-06,27.670101,42.42786,57.513165,SER,4.828602
195.0653834040339,24.43650939416965,0.07293361121095811,1.828797930005083e-05,0,0,0,DUP,0
198.0504890477907,24.8393111946003,0.07059344863116901,6.468192663011041e-06,11.695151,19.375187,27.3628,REX,0.67882115
194.2048681261551,26.98401459036087,0.02563034017495474,6.056032471353773e-05,12.740002,24.292103,35.740906,SER,2.5802276
194.4544096505946,27.06765037543463,0.03938916815001012,4.563955824800853e-06,50.98876,96.608986,149.53944,EXP,2.1782122
194.3529359751733,27.35521164886987,0.06851396137757862,1.235825133492713e-05,233.93706,540.4804,1000.85065,SER,4.025822
197.4772909949496,26.05357857793694,0.05737081358939525,1.951068978742535e-05,16.936508,27.60528,38.300934,EXP,4.4863253
195.3151721095319,28.66357158858699,0.02191048739935991,7.785623535230626e-05,8.193789,13.993424,19.684546,SER,1.9281578
193.8789396486275,25.37212647327577,0.07173217507212118,2.630699509869545e-06,54.73289,80.20155,102.776024,EXP,2.7678726
194.1526582712038,23.30160784762813,0.07416378506814425,4.342223626170086e-06,11.674788,19.744152,29.098969,SER,1.5875865
195.0853032359682,28.88806014713184,0.01690896382007066,9.415089926772696e-05,15.885182,25.64577,36.47059,SER,3.3881984
194.6657938879711,31.2753827976795,0.05191953075753656,1.642414615513375e-05,64.24392,136.39297,243.85301,SER,2.6560206
195.862323491084,31.89672739643431,0.0238210309741176,4.198318097935451e-05,33.42177,47.386375,60.474854,SER,5.274061
193.3675268221394,24.23071606885108,0.07089822537752012,4.999058336172447e-05,10.468106,21.45048,35.292747,SER,1.3167894
193.9998297965922,28.18693316513492,0.01867035488785664,7.940368145196863e-06,294.33502,608.12085,1045.563,SER,1.5424404
193.642893756583,32.06168753135175,0.02342107925398468,1.217986510269754e-05,0.55857235,0.6062994,0.7092633,REX,0.5875457
194.2174318029378,29.37952966119001,0.02418197912434253,6.483153020770276e-05,0,0,0,,0
195.4532033221418,32.06479499388332,0.06261437100180811,4.988674112581717e-06,8.631095,12.934524,15.845354,EXP,1.5502763
194.8177510973846,24.00295400583057,0.07296936143523643,6.735451535997131e-06,17.58253,30.328169,43.37707,REX,1.1088485
194.169000595977,25.36282912257055,0.07891239277790048,1.36196614187535e-05,9.996297,16.03724,22.477762,SER,0.7147975
193.0415376552025,27.69291034114618,0.0226636947169457,0.0001036135031889293,21.446821,40.70561,61.368084,EXP,4.244262
193.658605438984,25.36534670180508,0.06609685423625113,3.36692734481393e-06,11.190579,14.134555,15.442568,SER,3.3315363
195.0294438688188,26.85665306139171,0.07781150172241688,1.247104496131115e-05,4.3533883,6.0745482,7.708718,EXP,2.059431
195.9705234269093,26.77671955371626,0.06085390964563806,1.085616695081142e-05,27.082891,42.269444,56.62967,EXP,3.6526709
194.0768092788153,27.26336507448018,0.01978425241492887,5.572391295488505e-05,20.680422,38.2516,57.293854,SER,2.3093271
194.860267084327,27.85687591661134,0.01655805977478871,3.090246705292943e-05,41.519783,80.695305,124.756195,SER,2.200397
194.0456975955494,28.16315945208741,0.02896577708140795,1.314703075597599e-06,319.70093,658.5144,1195.9556,SER,3.421964
194.2721246465528,28.21139609668704,0.01741193573788674,2.847294153708597e-05,0,0,0,,0
195.2027506670415,28.09072141107711,0.02319275575856442,1.169510966019191e-05,1420.3596,3052.7249,5633.4727,SER,4.896401
194.8493824136415,32.73539081507028,0.02251767148030452,4.872451773441174e-05,0.28655025,0.17265528,0.44910035,PSF,0
193.6560054903504,27.69033691593492,0.02786953443560557,4.482054895207136e-05,0,0,0,,0
194.7576263789188,26.81566884715331,0.02386968633493425,5.070288421256171e-06,2411.247,5368.999,9889.683,SER,12.2293
194.9412983187973,27.74593492048955,0.03212246918449389,6.320112292558987e-05,0,0,0,,0
195.4516325212717,27.60395618635658,0.02749439476622616,9.824661043099348e-06,392.56226,786.1478,1332.9722,SER,5.5893445
195.4899531829424,28.00579752210026,0.02575024036134018,1.161682596093785e-05,2369.0498,5271.5933,10134.285,SER,10.713917
195.7910007681892,28.48958685892186,0.01794404243889964,7.516109827116154e-06,92.8783,172.18869,274.39206,SER,4.0615582
195.8777811286031,32.27046132920707,0.07580730851063679,6.039803240704622e-06,27.764677,40.720963,53.04421,SER,3.1300528
189.6785102533254,28.20081363092008,-0.000126601511128423,2.744343758618901e-05,20.802015,66.084335,128.99084,PSF,0
197.5892577535816,26.28218817824319,0.05924961116310916,1.648227752108928e-06,147.17825,310.04764,529.45264,SER,2.4443364
197.5187657044401,32.11971135987965,0.07228414838742206,2.109340286609935e-05,56.60243,122.65227,210.56644,SER,1.03481
195.0186176385964,23.5544018171045,0.07428577908558398,6.876710130742233e-06,16.411428,22.840412,28.14009,SER,2.9661233
195.1101767467416,23.99491010029883,0.07468839316596707,6.957800339773357e-06,7.7029457,13.793626,20.768118,REX,0.4562583
193.3596588397578,27.48177713699209,0.05830282405431899,2.326136167740366e-05,3.3089554,4.22623,5.15074,DEV,2.1958137
193.4851621968697,28.03312878184623,0.0566992011392596,1.295868530033482e-05,0,0,0,,0
194.6448376945677,23.98840422274088,0.01914749307773388,1.861045477568061e-06,35.83319,43.33865,46.404667,SER,2.0216916
195.0253705296665,27.46889571122209,0.03687168599394825,1.390873746616134e-05,18.166512,23.275888,26.661304,REX,2.7158005
195.2255156977446,27.78372954253237,0.02775915236904153,1.280382185569902e-05,494.7206,1008.83777,1679.7598,SER,7.5630007
194.5002203759176,31.17405668905744,0.05225638017593987,2.221233334491802e-06,1085.4357,2202.764,3856.2651,SER,13.364619
196.1419720384189,31.54302344348862,0.06299375882587052,3.405470138499706e-06,80.048805,115.84451,144.98952,SER,7.3947783
195.6318920143702,23.61062308920395,0.07329041643151994,2.475137756820459e-06,0.32731202,0.83170867,2.5827653,PSF,0
194.535295305046,25.71963830063918,-0.000342838957386377,3.318597994179614e-06,23.195621,27.882778,27.068897,PSF,0
196.2353264433139,24.77007121518903,0.0604525860868735,5.227786560668759e-06,104.14014,190.84503,314.13724,SER,3.764676
196.0525568911692,27.32298756710968,0.0183306349856341,2.797148591901538e-06,20.069714,25.540916,28.55199,SER,2.3951926
198.2669194589041,25.9668783228234,0.07153281535487314,2.835381337879273e-06,43.87499,57.59955,67.06515,REX,2.758133
194.369068023683,29.45366043506108,0.05694917668687333,4.863781199319685e-06,38.688435,58.580486,75.11235,SER,4.6280937
197.0043935335419,25.17821626317023,0.0247898266314334,3.698836463965469e-06,46.110424,60.396305,69.68018,SER,4.764202
192.1533020446091,26.57065887125936,0.04596084401959963,4.933073526571198e-07,18.020575,21.76014,23.898994,REX,0.5342763
195.177383806844,28.11629988775817,0.02051759503937126,4.209212543568462e-05,109.80847,207.01128,317.13992,SER,13.624
196.3529231880857,27.76669777040799,0.02257598601420199,7.365570862767196e-05,32.810757,62.121174,94.17378,REX,4.1480203
194.9164150913042,31.45205184834003,0.05144608407415429,1.47445624322991e-05,236.52837,542.2169,1028.1129,SER,3.4653072
193.3188211122599,27.33925752723368,0.0229367065251985,6.098117766298382e-05,13.886023,26.497713,38.87526,SER,2.0454154
194.8342356197505,29.38645733039364,0.0573181610093365,6.481522503562247e-06,20.554256,27.739965,33.542942,SER,4.0469975
195.0733129766993,24.47840972810252,0.07628087164530567,1.190443811049822e-05,6.9701877,10.881459,13.935677,EXP,1.9508342
196.2890884125497,25.28200346734824,0.07420937167166684,8.897777865862154e-06,18.374506,25.320255,30.78877,SER,3.1666064
196.4177277412684,25.17988449885616,0.07360599436091902,6.503420546733065e-06,7.862913,9.57379,10.431371,EXP,1.3382049
195.9745031790085,25.37272654611052,0.07315988542838221,1.747658702172216e-05,31.291346,51.544334,73.99592,SER,4.564778
194.7818375553767,27.09184598839889,0.07903337211148347,3.852515226777574e-05,1.4375935,1.7141446,2.372984,EXP,1.7290251
194.3138175433793,27.72981081640545,0.01927859950259433,3.291069364385176e-05,66.75726,124.56769,187.14206,SER,9.071077
195.6957189344437,23.95203029086119,0.07533635254107,6.902207949376784e-06,13.651302,21.675276,29.396181,EXP,1.7198116
193.8920005460612,27.84167387185013,0.02340152509236636,9.810519176783395e-06,331.9194,691.177,1199.6,SER,3.4907577
195.8194732730045,25.89076670011383,0.03550489011073188,6.375480061264063e-06,14.337085,17.31143,18.567154,SER,1.9669123
194.4938028442778,27.91211919169061,0.06594374067667734,5.60800211408185e-06,29.791464,53.309284,85.09967,EXP,3.1161764
192.0106813148324,27.28946173857291,0.0264004194164397,1.08735337308979e-05,130.93571,255.81084,412.06564,SER,6.03479
192.6360314182962,28.00603208232153,-0.000522750873410876,6.31276247581834e-05,17.924007,27.951733,32.586315,PSF,0
198.26604286871,31.95198124360742,0.04614699563495995,2.990120901148187e-06,44.838364,58.54829,66.39725,SER,2.8374934
194.0293140988483,25.44272531592707,0.07185457148793115,5.13275976971322e-06,2.2004902,2.5736756,3.2943335,EXP,0.8324788
193.9572594014675,25.49735682063637,0.07189619884924127,3.804594271083258e-06,13.297396,20.155228,26.94598,REX,1.1364596
191.5019882290323,31.2312227837996,0.0006212223305362298,7.336160939652057e-05,1.9216706,2.61333,2.7504902,PSF,0
195.1487468163211,27.57419505625694,0.01700932648098251,2.105974703348421e-06,508.35834,1012.9912,1837.1764,EXP,9.320484
195.5428748434715,28.19182849263674,0.01919970446026165,2.096721279491653e-05,0,0,0,DUP,0
198.1724349676132,25.59917843906313,0.06406991203578995,1.736774506623483e-05,77.98899,176.4446,319.42273,SER,1.7582675
195.6014921628214,29.45162991598473,0.02599963229344243,3.5046312811509e-05,73.34518,136.54175,203.61485,SER,3.217817
191.8981549219333,26.88232217035364,0.02285922420209458,4.603543090644934e-07,18.167383,17.953459,16.399107,DEV,2.8960443
194.7162032839964,24.12988147186222,0.07418213160161215,2.053175506308514e-05,4.029486,5.812808,7.7175574,EXP,1.5843693
193.9679999194065,29.06515112520491,0.03286726800864743,2.210791430079293e-05,0,0,0,,0
195.4015054504794,25.8542787884315,0.06603758243531488,1.858461361193335e-05,1.9859843,2.4046073,3.281048,DEV,2.0469165
194.5501203110812,27.12761451599516,0.03877349353434135,1.861671490209916e-05,115.043106,222.88399,357.42044,SER,3.332785
195.3068339695781,27.91428223390231,0.01956153795032776,2.0904725844878e-05,0,0,0,DUP,0
196.0700587209365,28.8507149696573,0.02522796005869631,6.583355051758753e-07,42.903057,55.568096,59.498726,SER,1.2780689
197.7028163381526,32.01069864281146,0.04688232664597999,1.843199899519798e-05,104.917145,232.70107,420.23917,SER,1.4036635
192.3297919297484,25.58686868980323,6.935317838237682e-05,3.108956529719476e-05,7.321252,7.817625,7.191919,PSF,0
194.5302359103073,27.17609862800539,0.02559682648777348,8.410980527441984e-05,3.180031,5.0464764,7.589337,REX,1.7489105
194.1196795238294,29.13414178795955,0.03201560124323247,7.323481753687718e-06,0,0,0,,0
194.1969881558626,32.88992536203514,0.0696584966954429,1.259922888947221e-05,8.801815,12.964113,16.311684,EXP,2.2334554
195.1021843906207,24.38621458307819,0.07547566305447205,2.184540728206695e-05,171.04758,410.2092,791.7999,SER,3.0274444
191.8258051554226,27.44125353747984,0.02680754696229896,1.596357668572215e-06,31.681396,57.731514,84.96966,SER,3.128796
193.4137152174877,26.47575679198433,0.02078259389763783,1.11458644031606e-06,11.54827,14.179595,15.780231,EXP,0.9351675
194.5570803762183,28.95360850208318,0.02503427334625777,4.938414768126957e-05,14.885022,28.875671,45.084187,SER,4.01419
195.933663990013,29.06847824523501,0.02234617448754228,2.808400359174767e-05,0.82666,0.90537447,1.069195,EXP,0.8705849
193.6693283115313,28.93879007014266,0.008288405983475924,1.902083263158939e-06,144.78879,270.7156,512.9295,PSF,0
194.5255311981381,26.77728377148273,0.01050636522795436,4.655678234910235e-05,1.0799272,1.4149712,1.7150074,PSF,0
194.7503233510314,27.96749132869421,0.02782040382006564,1.487365416227519e-05,281.9905,587.8186,1016.301,SER,3.6224334
195.5893425159851,28.38172960459823,0.01857415545926855,5.1407979440304e-06,44.283886,68.19994,92.09512,SER,2.8914738
194.7422991690006,24.06135575119301,0.07400374505346097,2.16572310039456e-05,139.41557,308.5954,558.2985,SER,2.4416175
194.6286792887565,24.97432386072622,0.07607572192217416,5.775990971706338e-06,376.26236,887.41876,1693.4893,SER,7.0000486
195.6735482820972,24.34553335690237,0.07458889560047306,4.179756355142757e-06,74.27952,167.22922,313.7556,SER,3.2196176
194.0179545987576,27.28585208824218,0.02232997943646029,4.46986187908943e-06,1.2751914,1.1186994,1.4125289,EXP,0.33581594
193.6125832033874,28.69718155010229,0.04957787302680999,7.019024120749857e-06,5.181522,6.1997905,6.4686384,EXP,1.7453762
195.854540834618,27.92383077891536,0.0234791963140412,7.879125634156706e-05,24.162058,44.977867,65.54391,SER,3.6843343
196.1213871996517,28.7641412207781,0.02669471886131034,4.927951951260963e-06,17.76347,23.623365,26.69763,SER,1.6291008
196.6586927373717,28.4744896175408,0.02687153355258322,0.0001065738105233497,31.20431,55.435696,78.335594,SER,3.5224755
196.1858320788828,31.96084112719959,0.05156706295115665,1.286837494232512e-05,153.14848,307.9323,507.72244,SER,2.0835385
193.5101780913956,28.72297752732175,0.04386225508824382,1.367306256264508e-05,78.9445,116.25267,149.50162,REX,4.7841454
194.8910475194689,25.9401689681591,0.07002851439511429,4.661949805990988e-06,123.54425,203.86478,295.7904,SER,3.271497
194.4502937294262,27.88308755056929,0.01957568383524032,9.925425042972077e-06,1073.7936,2209.973,3841.2449,SER,7.3981204
198.0720878857003,26.44686830788944,0.06048124666541382,7.118100463718758e-06,16.656948,22.250957,24.753334,SER,5.791681
195.4524468562684,23.38907343370685,0.04754488664970325,2.225705469323796e-05,344.31305,665.7632,1109.4814,SER,5.220945
194.4286028016154,25.7833171892065,0.06048205282080259,2.136636021820953e-05,0,0,0,,0
195.1770155846226,25.63393140518083,0.06924840345874166,3.772450304433974e-06,0.44942823,0.37339327,0.8953152,REX,0.5340597
195.916006187755,24.80111378800745,0.02320396726032901,9.788947018040933e-06,2.0019205,2.191374,2.6433153,EXP,0.9151425
194.7922388996628,27.09836597930833,0.07926566675260527,1.675519222590393e-06,27.057365,37.954376,46.687717,SER,2.2995214
197.0517286039159,26.30695525096808,0.06033624733804965,1.747430394523511e-05,125.6248,272.34525,476.35712,SER,3.727293
195.0735438232655,27.98756153779006,0.02002055264691409,3.253175562429588e-05,35.346447,67.309586,110.656235,SER,1.6078854
195.5657446789095,28.29907012692203,0.02063185173268946,4.468262589315506e-05,16.572071,31.343538,48.55085,SER,3.4725707
195.9372725633026,28.08425173194449,0.01885008281349122,9.870936249382472e-06,0,0,0,DUP,0
195.908580503621,29.07380382419786,0.06203036574064309,1.847988498352599e-05,0.48438364,0.49020576,0.9866458,REX,0.39169738
199.4385427458852,28.16659994498069,0.07769038998874511,2.040543221560657e-05,0,0,0,DUP,0
196.5511162134067,24.94930877714761,0.07876645613422209,6.284507469508791e-06,13.820548,18.597933,22.831493,EXP,2.4242039
192.5511119544007,27.75769973685094,0.07749927126396693,6.038595309670676e-06,0.37327963,0.50643736,0.69144064,REX,0.25639457
193.6338348460541,27.63379030871119,0.02487953838686792,0.000128920072721338,0,0,0,,0
192.8570556132826,28.12076980912134,0.02430519512077362,5.865688988766021e-06,59.54059,106.31172,157.9393,SER,4.625355
194.6847493550459,27.7144043766441,0.02512343959789051,8.864497200527462e-05,12.695058,24.415188,36.01927,REX,1.9036261
195.5501816260365,28.16992229346546,0.02968379281668387,2.345711997483261e-06,23.349592,26.858328,18.2268,REX,2.9344
196.8769389542765,28.66050949979759,-2.024943220377532e-05,4.718895498648475e-06,211.80197,284.4431,304.7452,PSF,0
194.8521387465673,31.2249379525873,0.06761147725872733,5.241131239216019e-06,52.73975,95.56915,145.88866,SER,1.2890545
194.6650480364298,23.98447836144328,0.07478486538286208,1.349503107210972e-05,2.4758387,4.276917,6.189107,EXP,0.70487815
196.1526793971018,24.23931035172336,0.03958867559040141,1.624500471902317e-06,20.233015,25.136162,27.008001,SER,1.4054922
195.4646294169135,25.54599397562818,0.03744516398602637,1.503382042870862e-05,2.102478,2.4346206,3.004809,REX,0.76426613
193.9108811321415,26.80284366706873,0.06112294638702203,9.11865668071512e-06,7.258887,11.861484,16.025475,SER,1.4551607
194.8740898358403,23.79525194567245,0.07425369991262305,2.34933522978984e-06,130.30615,243.82616,389.6323,SER,2.8857002
193.7700269491409,27.97538978337032,0.01998682010284714,6.203237816576412e-05,6.151836,10.969492,15.516818,EXP,1.2619663
194.4324941193299,27.46145442590154,0.02334154854432163,7.82472924224335e-05,14.013105,24.820086,34.422756,EXP,3.1246817
194.2721497257871,28.98138473871481,0.06770640132762197,1.455145807061355e-05,321.1074,786.9342,1497.1201,SER,2.7865074
194.8660161706619,29.82023655027617,0.0445572560593093,1.605862355374346e-05,197.34138,413.78574,699.89185,SER,1.9075245
194.9765113540071,25.55964834501237,0.06007054641937336,2.210044964456082e-06,17.910831,23.894981,28.170607,REX,1.4960481
198.0234521646044,24.91732294474048,0.06973687966694368,1.726154946472072e-05,75.57659,160.50407,274.65323,SER,1.2536626
194.3932070473103,27.02528837467062,0.02083197187974874,4.379638921001952e-05,35.349064,59.805794,81.79231,SER,3.2023337
195.4483091846685,31.64518493844999,0.06310055454957957,8.386930584065458e-06,16.952494,27.151787,36.765747,EXP,2.1360602
195.5967452565862,24.02914918697252,0.0743907769673195,1.23692019023074e-05,465.77603,1100.5784,2104.6455,DEV,6.047082
194.8070893770108,27.40258379317968,0.01891443838054084,1.422668069055798e-05,0,0,0,DUP,0
194.0324065662243,23.49581481527427,0.07586907913017478,3.514117918370929e-06,11.623859,17.306423,22.98168,EXP,1.3275275
194.6614171220612,25.15745525383725,0.07675653099067031,2.618301386227479e-05,148.99527,339.6746,647.33093,SER,3.9773602
194.4798144497269,25.75558820897327,-0.0003121957376401388,1.545564650891185e-05,56.341064,83.054634,100.34377,PSF,0
194.3635550843802,25.19396364708354,0.0767174616469544,4.509816472459894e-06,64.04551,130.49321,232.15045,SER,3.0030065
193.4399178599704,32.13678461652044,0.02269190900131352,2.210774870207242e-05,41.58415,67.14895,90.62662,REX,4.2095566
194.4046583903549,27.6344758303929,0.06950764123273181,2.287355372940432e-05,66.472046,142.979,248.04718,SER,2.0580666
196.0740232244511,27.37275968804776,-0.0007311805489737428,2.686329950250176e-05,21.66533,30.287405,33.490936,PSF,0
196.3868645835207,29.01153422504025,0.01752175259448096,3.219193888523371e-06,484.42212,885.1281,1463.1895,SER,12.3203745
196.9524506088047,32.13543768899496,0.05133386639982544,1.280492772877638e-06,38.854275,50.10495,58.244957,REX,0.5518787
194.4527893067497,28.18040527748665,0.02418418649422964,5.926438533723248e-06,722.9467,1503.9003,2628.247,SER,3.3690934
195.3160401014908,27.98199387912553,0.06806840076588346,5.509609955966197e-06,11.972279,16.555391,19.469814,SER,2.1104932
197.6936498973623,32.12579624244713,0.04618315528200507,5.844706725747716e-06,53.94972,81.234924,104.72198,SER,3.092721
196.3931707421041,24.58792785374362,0.07846837962798309,9.153819807215488e-06,14.366645,19.408104,23.506071,SER,4.5785594
193.8519738834881,26.86064878732732,0.01974507630675858,3.274579343530738e-05,57.967438,82.82287,103.18438,EXP,10.599189
194.741823314053,23.96822862327513,0.07443383431869695,3.190976965394458e-05,50.47971,103.91938,169.78241,SER,1.960782
193.3357182570792,27.46066848911132,0.06791971341664958,9.643123268267595e-06,2.8111153,3.8918395,4.5963855,EXP,1.4776675
195.8706276348826,27.29631063284125,0.02336391421808056,6.932599741497199e-05,33.80249,55.231834,75.19629,EXP,2.4294865
193.2750866346273,25.53406147793125,0.07814609638029554,1.508065803924198e-05,3.5045216,4.0644927,5.1474667,REX,2.8153982
193.8924750167108,25.86444755490488,-1.747893717541607e-06,3.480496053206183e-06,2.7606907,9.494587,25.052076,DEV,3.8476677
193.9752826906423,27.77487184424804,0.02305891064771024,6.577071835412426e-05,7.8844075,16.103329,26.630953,REX,1.1559314
195.8194911581571,27.33559586214447,0.03528815137993088,4.672779199999753e-06,8.192445,8.608025,10.658751,PSF,0
193.2631388366673,26.47654519125138,0.02565902226098572,5.351849904779173e-06,325.47104,631.4778,1026.4349,SER,3.9138722
193.4427421834464,32.53074513637042,-0.0002986977012088438,3.668405944512055e-05,10.159397,15.832862,19.096134,PSF,0
195.0293651400095,27.97487720125246,0.02165021641219298,2.909389519978656e-05,0,0,0,,0
195.157895296229,28.0582449243161,0.02550482767921739,1.561745042568525e-06,8.327815,17.478378,24.313995,PSF,0
195.0405473957005,28.48997923848634,0.00025476578870499,2.761414502688908e-05,32.82403,47.17131,54.078773,PSF,0
195.9750984379126,28.31480396352452,0.02650363995935151,6.375445740902478e-06,11.348948,11.060207,9.458976,REX,2.3799033
194.6125956700917,24.96730732891634,0.0770777919807488,2.178073570910582e-05,11.699358,25.227015,45.62102,EXP,3.917845
195.6639038284912,25.3834723616575,0.0241839472167916,1.321160526684566e-06,381.9851,606.1136,838.7225,SER,2.754063
193.9324779610497,28.75315934338541,0.02755894804339205,1.514523398113118e-05,2.5874317,3.0221314,3.6891556,REX,2.2804358
194.9657162064971,28.09852884436603,0.02549023761963742,3.210225909421622e-05,114.12573,234.58974,394.56842,SER,3.5992107
194.5749482085446,23.49925033958357,0.0002414420036955096,1.089064537235373e-05,40.398067,107.09486,163.73534,PSF,0
195.577903934048,24.59180001283232,0.07244247611782488,6.401543192860992e-06,55.1414,100.68558,157.55795,SER,3.926576
195.6007818605206,24.82027481988513,0.06160726158447061,1.435956552060578e-06,50.42834,83.141205,117.13359,REX,0.6798189
196.3705356748077,24.42335102684801,0.03466777437059185,2.410910562111105e-06,71.63347,105.80047,141.0141,SER,1.2382787
192.7663967671151,26.0426701965244,0.02135325627057449,6.326012143961422e-06,16.376324,25.53958,33.180782,SER,2.5263348
193.8914451836757,27.84379911218466,0.02303622325191289,6.147381092410747e-05,0,0,0,,0
194.7508483226082,26.80512087825428,0.03843315451221925,3.781301302626586e-06,10.669616,15.824809,19.092432,REX,0.6624783
193.7070499836722,32.49277715564751,0.02531783812300816,1.556489363576207e-05,1.9938179,2.4910998,3.1868014,REX,0.56469995
195.4516126243713,27.60395673754637,0.02745537244371116,1.948764104642895e-05,0,0,0,DUP,0
195.1352487714435,28.25607526250873,0.02092952914808335,5.164509376194878e-05,94.85486,182.83366,294.50293,SER,8.877978
196.3704199715448,27.82136636090657,0.01856092839812924,2.125922014062905e-06,7.4433327,10.026732,12.284939,SER,1.8323288
195.9774770413654,28.3085685196985,0.02688920313615797,1.106292006690039e-05,0,0,0,,0
194.5414522203575,31.43823392371198,0.07263980836286352,2.392467198685103e-06,68.69817,124.33982,207.58537,SER,3.8665466
193.2148737350352,27.64099156006402,0.02247625021186297,0.0001083642230363763,19.546604,35.534504,52.26052,SER,5.7786427
194.8558265714623,31.30314352295119,0.05304687975024089,2.9951324648518e-05,64.183075,134.20018,222.32251,SER,2.7672155
193.1340538494782,25.47340587092419,0.04635063383732065,2.427057594568355e-06,17.729208,24.771626,29.91437,SER,1.6577053
195.2885067925796,27.81831034277402,0.01978885905821513,9.397189208301167e-06,629.4377,1264.3479,2195.9153,SER,6.043465
195.7536626597836,28.03241713725876,0.01804957146608396,6.503086453508107e-06,3475.8242,6947.6934,11782.584,SER,11.245079
196.4382011604609,28.86979530742029,0.02670007450476193,4.703212960565648e-07,43.638027,40.231598,25.577795,REX,0.48324734
194.1791154426695,32.08502158079868,0.003303503994688207,6.068816842914228e-05,0.32084516,0.31734627,0.50884235,PSF,0
196.5201534639101,31.44927630808106,0.07656506992986942,3.344765894703072e-06,41.47496,59.995514,77.16544,SER,3.9551926
193.2017566874465,24.35471856145899,0.05260508275526742,6.396851396482923e-05,0.43391418,0.67914397,0.6803796,PSF,0
194.5532599940749,24.66558890303412,0.07283127157180477,8.637025790287227e-06,22.632235,50.128525,97.66679,SER,3.8258872
195.5393565329658,25.93411952407139,0.01951597483895553,8.33997636761042e-06,24.301838,32.432693,38.253616,SER,2.8246675
195.0828422563877,28.43923328433903,0.02369541702520342,6.444330770175116e-05,50.15011,96.63611,149.41753,SER,3.9782338
194.0034964358737,25.68626557120492,0.05973247189353071,7.588664564037427e-07,8.155726,9.238264,7.604112,REX,0.331436
194.9976589485904,24.16781559446471,0.07385377639974869,4.368245108134694e-06,4.3049183,6.213668,7.679546,EXP,1.3048124
193.7510478263152,27.29884253414405,0.02804006732316463,5.648324668198939e-05,15.476185,25.948868,35.798264,REX,2.5979822
194.5046348169595,27.23483679665198,0.06037758406746791,8.57688175320256e-06,11.726189,19.368402,26.324768,SER,2.940326
194.7469541250061,27.36947510817998,0.03969912653279642,5.478151583426825e-06,30.187895,39.234158,46.22863,EXP,1.2733511
194.7621746899124,27.9747493100211,0.02196204101006145,5.000873875138162e-05,11.790407,22.355568,32.972095,REX,1.5857316
195.0044355030986,23.45234311929087,-6.45529368843398e-05,5.012572112443939e-06,63.72494,83.80881,85.34113,PSF,0
196.7569293951902,24.09788248334789,0.0002219154142944529,5.66850535485381e-05,0.60498786,0.9155592,1.2959161,PSF,0
193.6188525110879,27.35141683857286,0.06777692357729828,2.485493722711911e-05,0.48365363,0.5490495,0.701546,REX,0.39471108
195.2759004082627,27.39784004799662,0.02705251895464884,2.837121239111093e-05,0,0,0,DUP,0
195.4678794526304,27.13510833679543,0.0675428212662036,1.110339835593228e-05,6.1485486,8.43143,10.60289,EXP,2.344539
194.4495277442269,28.54285554935358,0.06870275031360039,2.628949085513865e-05,7.4705276,10.63852,12.0565815,SER,4.265514
196.022013325419,27.85093226883809,0.02095774255406938,9.171284720375881e-05,0,0,0,,0
196.3853935006933,29.09339838176035,0.02408838215163293,2.014345302344737e-05,14.53645,17.623247,20.160234,EXP,4.4123664
193.610783002227,24.87741701591398,0.07330024219932589,1.057310378320609e-05,13.737375,23.067575,34.297333,EXP,2.9440331
195.7268254006017,23.65716771316909,0.02478825263719969,1.239519339226311e-05,0,0,0,DUP,0
192.2004724794695,26.75352040183025,0.04551275905914601,9.022843687819687e-07,8.409522,9.962971,8.936725,SER,4.2316704
193.4647546968274,28.97327672341602,0.02607936686047868,2.278047783051527e-05,0,0,0,,0
195.6889090793358,25.74970483140239,0.0658164610592953,1.382865910290501e-05,3.6516905,5.546996,6.95601,EXP,1.3219743
195.8307461141517,25.83243240798179,0.059697640773686,8.629214790580124e-06,0.87463695,0.97704786,1.3505694,REX,0.48815382
195.1615340222095,28.01458932217721,0.02535021165961175,1.996451020721492e-05,0,0,0,DUP,0
198.3315835273713,26.48170329939292,0.07087824490747344,1.332379569938162e-05,531.5426,1204.8549,2205.442,SER,5.3397827
195.0146724912264,23.66488351770512,0.07417192329494603,4.693294670664613e-06,76.9816,165.70615,287.32492,SER,2.1269567
193.0987011697483,27.91174957749718,0.06052062225434319,3.115722082232801e-05,0,0,0,,0
195.5043340794739,27.65296080778018,0.02368436087241854,1.499655739811482e-05,457.90933,927.9864,1574.4662,SER,6.237252
194.5051811498211,28.26147357882338,0.02378494173670464,3.84864582785492e-06,0.92775786,1.0598539,1.2474732,REX,0.6104543
196.0969924520912,28.36759794665672,0.02269128443930046,1.267251431791151e-05,7.9534945,11.418855,15.346699,EXP,1.7714639
195.6673220273371,23.76534271903415,0.07350029077674257,3.188144816155629e-05,3.689998,5.799965,7.5726233,SER,2.434892
195.100249371498,25.14777823818516,0.07522151190148295,3.107289189480743e-05,0.40966183,0.5412785,0.86450475,REX,0.33570582
195.8722688272452,24.43554969129238,0.06573515475982301,1.001987165870444e-05,70.85067,128.6805,209.21239,SER,5.0421314
194.2348959950824,27.18133423773767,0.07362520700335143,3.168797915603379e-06,9.0297785,12.828036,15.543424,SER,1.0439187
194.3332037886264,24.32803611806418,0.07417621434271386,2.172356957367222e-06,27.588308,57.619297,99.497025,SER,1.4872745
191.7980607004552,28.05574449016483,0.06055453658784173,9.815692845774558e-06,22.885857,42.44593,66.898605,SER,2.9002619
194.2486335384277,27.45525162413988,0.02184786662712266,7.762523340445165e-05,15.347885,28.090916,41.15437,SER,2.8070734
194.3260898755206,27.74738884973185,0.02286230741116894,5.682263439811433e-05,138.6098,259.6303,398.21133,SER,9.726849
194.6370471941304,27.7208839402952,0.02214450383827223,3.803857068239198e-05,16.180433,29.918055,44.23882,SER,2.686372
198.5858652137691,26.38638818303593,0.07058929988326954,8.041341732479365e-06,25.326138,49.231163,83.81686,SER,4.0539227
195.1975603172667,27.92216526775791,0.02863580533090128,9.2509095578596e-06,437.51123,913.5871,1575.54,SER,5.289218
195.0258817696249,32.89425004332018,0.05788585343456432,4.924477179410761e-06,27.81467,45.17382,60.256786,DEV,1.6257677
198.3079994290165,31.77821586005391,0.07223341934954111,3.299694740016411e-06,20.131556,30.006132,39.588825,REX,0.736337
195.6155585867932,23.9542403286815,0.0743932544706984,1.53903177845178e-05,19.05922,34.019817,51.375324,SER,1.6237515
194.0072581182908,29.25342729332209,0.06809030420534887,2.819887172037468e-05,410.52325,767.5145,1311.8936,SER,5.719266
194.5706864067572,27.174095175368,0.06063636851108116,2.545999017693146e-05,406.56058,905.67126,1685.7329,SER,6.126596
196.5079363990685,31.95164395030542,0.0507864884845465,2.502306433469406e-06,42.260326,65.111855,86.66426,SER,1.4713423
195.637358066239,26.81437269198607,0.05192480930071191,2.926735742680375e-05,42.392452,86.26275,142.33987,SER,0.8147367
197.2269772520551,25.9667201019354,0.06764162179455432,8.403352058344331e-07,50.806046,66.916176,78.11967,SER,0.9681312
194.3481896964231,27.54997129481181,0.02018862337203039,6.477339026083063e-05,85.67755,161.64572,248.43114,SER,3.7808242
194.0824880777809,27.75104906189099,0.02297930980525649,6.856293977756818e-06,877.3982,1889.7637,3421.5396,SER,3.5187101
197.8567085102286,27.23073539302473,0.03432978092372473,8.308450595947086e-06,110.01691,156.46881,199.0579,SER,5.8549395
198.0023937825208,24.70769906187969,-0.0003442082344864816,3.500627896475014e-05,25.564493,34.594696,36.8205,PSF,0
193.8194610862101,26.55702047626681,0.05894479394175724,9.854125135328256e-06,35.22153,64.35021,97.98692,REX,4.2950683
194.9137400518848,26.84813160962375,0.04531527759900332,5.730234347933501e-06,4.814033,5.7600513,5.4550967,SER,1.4569402
194.5278339699835,28.68379678353375,0.02589457521644157,6.046700820539158e-05,18.157661,33.412846,47.349503,SER,3.069595
196.4221845478877,31.6221384093921,0.05187135802271397,6.613282132619049e-06,193.6362,318.20123,453.7221,REX,6.699509
195.060280831947,24.30199169014283,0.07526169229718094,2.569768054793068e-06,18.097975,29.30402,40.699577,REX,1.0150404
194.40556613678,27.15370335040889,0.06876816859006683,3.318220468902628e-06,0,0,0,,0
195.4071721839324,24.56267129692879,0.06369415231341088,7.198590481670346e-06,0.87751234,1.1127756,1.5754349,REX,0.6823021
194.5060755241818,25.2458961033728,0.06590141685908758,1.042922207629725e-05,12.498033,17.081242,21.49215,SER,3.3498693
192.4354517844777,28.19838453828258,0.0003892800342089318,6.35080457980389e-05,0.42518348,1.1045854,1.7111324,PSF,0
194.8140787314055,26.55404675841306,0.00051879220413784,4.580162690640004e-05,17.690367,26.137722,31.379604,PSF,0
195.0335651627364,27.77329462546855,0.02892505758801195,2.293495157693247e-05,140.6665,195.60202,224.25557,SER,4.046362
194.1072058103443,28.43285099779877,0.06136951109111532,9.638161687842463e-06,3.8861744,5.682099,7.1360936,EXP,2.1818907
195.2700525194011,27.89181890264968,0.01945976810031941,3.63762982856737e-05,116.30742,232.34972,385.26855,SER,5.486127
195.5499250456407,28.1733388833936,0.02990210186803181,4.032852771145107e-06,5.210394,8.100547,8.549419,PSF,0
194.7056827605187,32.17836753832761,0.05185225251700094,1.543087857108483e-05,116.48965,265.64813,481.08707,SER,1.0022675
196.5252489235968,32.40508144888437,0.05165903845658144,1.101737737683992e-05,15.000186,20.328022,23.91946,SER,3.5731816
196.1327371309696,32.82346049772516,0.03238536825063648,2.329605525665583e-06,267.48297,501.4079,812.0846,SER,10.427704
193.6811143655261,27.45545009518451,0.02620251100065056,2.954638640741987e-05,54.532818,102.22386,155.36575,REX,2.3184738
194.7812599832233,27.76780641110289,0.02128871365321365,1.681427014428105e-05,0,0,0,DUP,0
195.8570746895593,31.31757796436728,0.02585583797835356,1.066708828445321e-05,55.70104,96.61779,136.34134,SER,4.7017007
195.8484006745048,23.68109320236584,0.0737294416166128,1.005811249301387e-05,0,0,0,,0
196.5704945520818,24.22729576181422,0.07294125823097512,6.819925073620999e-06,6.1129613,9.23647,12.078541,EXP,1.7242366
193.4120706860509,27.74427221474759,0.02586604360657505,5.218182158901284e-05,32.61424,59.891464,88.36528,SER,6.4690166
194.0291825507195,27.64716003198434,0.02501205157321858,2.848316518898442e-05,0,0,0,,0
194.351468306489,27.49780697064624,0.02452926313111436,1.026471740877962e-05,6857.786,14788.432,27467.139,SER,33.291138
194.3885893397573,27.4965484750326,0.06699905559483237,6.159507901625954e-06,31.809086,46.041573,58.728333,SER,3.2871852
194.5688825841748,27.80257792287266,0.0190404732491149,3.102704438891082e-05,69.47432,139.97833,231.41399,SER,3.3821855
195.3910138653816,27.91113087322745,0.02200027711604455,5.173985689400169e-05,131.57863,244.12321,368.4074,SER,8.144465
195.4660492500432,28.2903303732302,0.06810703779940808,9.573472631099452e-06,19.679657,31.345259,43.104412,SER,2.7416656
195.06584688789,24.39997393817885,0.0756465113806772,2.230231086860868e-05,62.48157,147.31442,272.08167,SER,1.1867466
194.965496948082,24.48418715216932,0.07483981746560538,1.360882733905729e-05,26.281616,55.10354,93.57429,SER,0.7272698
194.7831238816391,27.85495816141185,0.02196033977162231,6.912954468520343e-06,898.4438,1985.6122,3656.2156,SER,4.8504424
197.1132132931476,27.5267015014187,0.04519868183485214,7.914950437940936e-06,11.11824,15.98773,19.871948,REX,1.162022
194.2975525851522,29.04506675338883,0.02498695276824071,1.336052883075426e-05,0,0,0,DUP,0
195.354460147023,28.67715380344707,0.0291777931561631,2.189699895076394e-06,1057.5079,1776.5227,2611.7646,SER,8.677659
195.4986631714735,32.58283125680698,0.03701884152186082,4.250023787567142e-06,10.548266,15.742425,19.92582,SER,1.152658
195.0130548890995,24.51484859735948,0.06899386731771268,8.362058226236889e-06,0,0,0,,0
196.6472967519451,24.89456111535267,0.06057939641036686,8.436105896413319e-06,47.94143,87.6637,141.13077,SER,5.4849415
193.320088137928,32.1652740825161,0.02303995343308901,1.086093379665212e-05,3.43916,4.467476,5.129832,SER,2.176516
194.9910067333172,26.78879129822628,0.03540257783177573,1.935928049729245e-06,9.208957,12.115503,13.299692,SER,1.4654638
194.2959146776461,27.52844775021511,0.02711003525318437,6.47377071081782e-05,14.800001,27.606392,41.83391,SER,2.4130263
195.7197506594136,27.86659294493658,0.02742044081684487,5.256754062079933e-06,1041.7625,2111.0469,3820.0037,SER,4.631533
194.210918169131,28.92982165063945,0.0269802088755088,6.894052330089268e-06,1047.4651,1953.7081,3073.1118,SER,8.282943
195.0351957840874,28.71925331316118,0.06770638979696661,7.409666313373478e-06,12.461472,15.88837,17.316084,SER,2.6165102
193.8674087351044,27.94964953673352,0.02084516541020168,2.421139814100363e-05,111.6428,214.78796,338.42664,SER,4.8338885
197.9717019608687,25.84580471318746,0.07260578607028988,6.722157705227579e-06,16.255833,20.859644,23.550098,SER,2.8730013
193.8581497072159,25.89541815328213,-1.41312556705553e-05,4.282091099431377e-06,0.17649013,0.59038866,4.161999,DEV,0.42492315
195.3791370983279,27.19728304077355,0.002388919373921754,2.173794270342975e-06,47.153126,65.458855,76.676094,EXP,5.0367746
196.3303235443364,28.11446747461687,0.0228401441474264,6.132996160749146e-05,4.657715,7.622832,10.860273,EXP,1.8991005
194.8596878397502,29.14509193351059,0.06133826606056959,1.835274698965548e-06,17.60053,19.446133,14.807406,REX,1.9856867
197.4099038567142,32.0375766318154,0.03607244803113711,1.174270670374495e-05,1.2270024,1.2970154,1.5573157,EXP,1.2925228
198.4708237598818,31.45801534849108,0.0520234558722241,0.000156229828587468,0.34333152,0.36890954,0.49175233,PSF,0
193.3826569709356,24.46005141579077,0.07025185404552207,2.952055598126809e-05,45.8088,104.56539,191.58578,SER,0.52737546
195.4239650898924,23.40417282651542,0.06775026127977384,3.982293326657624e-06,13.183845,17.34562,20.599785,SER,1.7364491
193.955356176328,27.75190891973795,0.02419955705413673,3.79730721345415e-05,59.463318,118.498795,194.0895,SER,5.417545
194.7256428194459,27.83117916022569,0.0257061027339178,0.0001670357874920399,0,0,0,,0
194.8866803328245,27.98364113430162,0.01944928036946226,9.771614582751859e-06,1296.0259,2754.5088,4917.5215,SER,7.5013995
195.1772069115453,28.05706747892409,0.01926598335779407,7.213202676326228e-05,10.527544,19.863531,30.256094,REX,1.4741027
194.6122281164232,29.61244808995312,0.01950335706322381,5.110718310009952e-06,789.60815,1547.5167,2527.0518,SER,10.245354
196.1083849916128,31.69860654896456,0.0524377777412136,4.814788961710363e-06,1.0418688,0.9252279,0.44565248,EXP,0.76122683
193.8961400615211,25.84268314321658,-4.429290625050775e-05,2.68931002821726e-06,0.7964651,0.76233506,1.4625098,DEV,1.3598174
193.4442336357315,27.38592449078129,0.02764198113195237,5.014796027772707e-06,141.19624,284.42877,510.589,SER,7.0368204
197.6062960217351,27.0452916299068,-0.0002087792435831302,7.021797828258204e-05,1.1180524,1.971132,2.564458,PSF,0
195.3525797528706,31.16838712722952,0.05402246594027955,1.446813172159382e-05,19.546339,38.56048,62.442844,REX,0.6962725
194.5627675652327,28.52178747941267,0.02305212252052527,2.121137189326698e-06,168.07794,244.72276,304.89645,SER,4.0102377
195.0357278827717,29.31252938166037,0.0572429274815517,1.24800820069379e-05,9.208922,13.932955,17.591463,SER,2.3687944
194.5583541726239,25.81043247670048,0.02993919846060567,2.695363837629173e-06,6.606535,7.744306,8.302555,REX,0.69707066
196.5001015108429,25.21782389201718,0.07871303733304934,2.963017220959236e-05,97.463776,226.60117,418.77374,SER,1.7425735
196.3976350250309,27.99571101718487,0.02193109837194178,5.375999312039258e-05,10.29199,17.524597,24.645144,SER,1.8403581
194.5484371607737,26.63986010397752,0.07859989477648903,3.674736955752657e-05,131.97389,305.324,564.89795,SER,2.7963092
196.0186649350558,26.37403728790625,0.05999579931568381,3.500103502265493e-06,15.718046,20.349056,23.317802,SER,2.3906963
196.5461694031721,27.70012038958562,0.02238496594954261,1.582466935226116e-05,0,0,0,DUP,0
195.3519669627176,29.31451071459077,0.023078061162241,9.368761419926636e-05,0,0,0,,0
193.301038645121,24.31700443028646,0.07072898701984959,9.430304015103917e-06,3.2466264,4.6561103,6.302441,EXP,1.2950159
194.4847703913042,25.42096173427438,0.07809859260395352,1.586411171162502e-06,36.99834,48.21267,56.367912,SER,1.6438713
192.5564857731874,32.35985075862817,0.0225653203705969,1.251717210578982e-05,2.002175,2.4714441,3.3954904,EXP,1.5724926
195.9905507977976,31.51720975016441,0.06796474019869884,1.806306518289373e-05,0.3590525,0.24468431,0.47993422,REX,0.33179405
193.8296644197827,27.92506095061118,0.02154740421872216,3.093306890131048e-05,65.35135,124.079895,194.71147,SER,3.7674572
194.3576619892899,27.5461331432896,0.0186509577230098,1.104087934273125e-05,0,0,0,DUP,0
194.6504680339427,27.59674513253259,0.02605289063212678,5.662484604290656e-05,0,0,0,,0
194.8748798136763,27.95641037095251,0.02268487788786332,7.621894291019967e-06,1641.1022,3572.7732,6479.7905,SER,14.522152
193.9230222110348,24.43729019234838,0.07382742316789945,1.996609892382528e-05,0.6460349,0.83336127,1.2422327,REX,0.36721987
194.3941348819562,24.26746359175543,-2.018533784605134e-05,1.803636634990272e-05,73.49267,80.33604,80.28062,PSF,0
194.6448607995502,24.39357886052934,0.02244325718721834,6.507286592819259e-07,122.78876,149.36127,166.17569,SER,2.2436626
194.5494338703265,25.05966186414506,0.07656590953248889,1.407909546428619e-05,5.2148547,8.165975,10.643693,REX,0.75578326
193.6745409074587,28.94041186052485,0.008663732378720422,1.041463808341472e-06,25.435919,26.652576,38.53832,PSF,0
194.0572530579252,27.70586611991661,0.02722979541816685,3.426354546989477e-06,28.69181,44.72107,59.791588,REX,2.6827457
195.0782522276502,27.93703998166536,0.01763691169101822,1.37163900823353e-05,355.8792,712.5314,1174.6403,SER,7.284169
196.074705570488,29.02953533205465,0.02281900202620147,1.280017272490713e-05,0,0,0,DUP,0
195.0748784858351,24.40681009210907,0.07713629884805465,7.188371380723112e-06,8.322952,14.307181,20.819098,REX,0.5903423
193.0674110794512,27.53317442363731,0.018425498215922,4.073372834943993e-06,709.5946,996.76764,1270.2279,SER,11.684219
194.1437372337666,28.94692842666862,0.06287515958324683,9.54284674938898e-06,0,0,0,,0
193.4092721828677,29.33524802298056,0.0677659875243569,3.35515995886096e-06,35.616096,60.649876,89.30504,REX,0.83406335
194.6689945591617,26.75823837188997,0.02466880189715254,6.682547490950671e-06,0,0,0,,0
194.8583746452438,27.96375348996425,0.01897728323533522,7.981908062424747e-05,13.370993,25.41902,37.429504,SER,2.5071833
195.2148290507018,28.04287416346616,0.02923978436094372,9.797826722771682e-06,1905.7695,4125.3647,7493.9556,DEV,7.6402445
195.5511092460947,28.21731321289867,0.02711812923707844,5.354779664765921e-05,0,0,0,,0
195.8274767154203,27.9747383457704,0.02374553787665454,3.223758619903291e-06,41.83308,68.53067,97.80037,REX,1.1991456
193.2469079267867,24.40125601675636,0.07134634144814411,5.660832077501638e-06,0,0,0,,0
193.4996847992554,25.21298654748531,-6.882032349604184e-05,5.153209518851958e-06,12.215338,40.28335,69.32799,PSF,0
195.1412279683707,25.63393832018692,0.04511910164824539,8.498149412021398e-06,277.13983,581.53314,989.80884,SER,4.5793433
195.5740147321746,26.14254842304488,0.02154206389151737,5.160011197795202e-06,172.9398,248.15608,309.99585,SER,4.816179
196.5036052752464,25.85969345522096,0.02428747619044991,3.0318894424239e-06,24.973564,29.211432,28.886425,SER,4.836874
195.8804542926293,26.46398418691822,0.03590910794484403,3.6638347670886e-06,86.33649,136.673,196.97153,SER,7.164302
194.3492851677635,27.54904849806106,0.02023902301856425,6.619662968139194e-05,0,0,0,,0
195.1554457434288,27.91141168497216,0.01945032366382952,6.067961523445439e-05,8.891858,16.540226,23.860989,REX,1.8064443
195.5556544963704,28.21236177798899,0.02744068584433631,7.223672864040091e-05,0,0,0,,0
195.5174972536507,29.25346089366384,0.02442592753170676,1.183059808987665e-05,1698.4631,3682.3667,6836.674,SER,7.5323677
195.6362153282632,31.37394603561086,0.07835817669996803,2.440850966904721e-06,33.288975,62.083843,97.61791,REX,0.7583489
193.9421015515436,27.36384980473738,0.04043410905169904,1.250507656250314e-05,70.29849,166.62753,335.18854,SER,4.067554
193.5679949851781,28.07725801973182,0.02312707009415033,1.9925123806153e-05,0,0,0,,0
196.0175860876002,27.85005454095536,0.02125880992346117,4.55658214219683e-05,0,0,0,,0
196.5360188378432,28.45937493934677,0.06788971960010498,2.787147040291923e-06,163.31425,231.94583,295.01022,SER,2.941989
195.6097684197407,32.76277100520442,0.03222192057638368,3.748600984106443e-06,101.49627,162.30109,210.7226,SER,8.356376
193.8894374576338,23.24783067972623,0.07565665943477902,5.647669042765618e-06,17.692072,29.945494,42.72906,SER,1.6230161
193.8421617073042,25.59456385644226,0.06030544590028624,4.400967016043125e-06,65.136696,96.38442,125.16048,SER,5.7663245
193.8628469012561,27.52554097612983,0.02671037965668348,5.247347235611171e-05,17.409767,32.06716,47.433235,SER,2.2677977
194.3199614192619,27.61849912177235,0.02422669642684847,1.155581408136683e-05,0,0,0,DUP,0
193.3791551180273,24.852734890773,0.06032317970689995,4.857383816471661e-06,63.803307,121.93804,204.53264,SER,2.9485292
193.6453039174392,25.6848261157186,0.07041750679276992,5.411450169881334e-06,16.58528,21.572245,25.829037,SER,1.7791561
194.7575793739187,26.81566322852855,0.02378274217077249,1.756979166208653e-05,0,0,0,DUP,0
195.1612717616526,28.05199230759205,0.02515976621129335,2.533495282721178e-05,0,0,0,,0
194.8966495747985,29.17136421771001,0.06176622890769683,1.181061606544932e-05,72.867615,152.35942,298.21066,SER,8.332011
195.6727285112835,32.20906123958515,0.05277705037201343,8.516364263317092e-07,115.116936,138.87746,149.20929,SER,4.5173993
195.5178678997277,23.98418645064332,0.07184902566724237,1.847004917794985e-05,110.42848,206.3293,330.41437,SER,3.4563532
194.012834208907,28.25405058920294,0.05977632599880506,5.646175560858957e-05,0.3081898,0.36467922,0.4409646,PSF,0
194.4679587905823,27.73964066714356,0.02311206794905616,3.033017501112508e-05,48.11926,94.46308,153.74753,SER,2.8583503
195.2207739357632,27.24986400828688,0.06839615889051844,7.355917602086231e-06,0.3192857,0.46196538,0.8451696,PSF,0
195.570363061988,27.84563217909383,0.0254768995348615,5.063953379534424e-05,22.807405,42.907764,64.567474,SER,2.2838404
194.8410976694458,29.15399487166106,0.03107459543579611,4.298970167225429e-06,4.6112857,6.57412,7.889371,EXP,1.9933027
195.4229838172214,29.38135063930928,0.05740651265561452,6.83656993255674e-07,201.08836,278.44,333.57736,SER,3.0739086
195.7887250448862,30.90327341032426,0.0529343176275966,1.647133852334906e-05,14.200933,22.953331,32.5801,EXP,2.674432
192.9765415379882,28.00426193277271,-0.0005316052550293658,3.378841699078494e-05,27.595629,39.497135,45.081753,PSF,0
193.573115442593,32.23847169224268,0.03689155542334413,1.164543270939639e-05,3.9247801,5.1125374,5.603999,EXP,2.2465801
194.6557781383264,27.17826034007226,0.0252998928635196,1.168477246933836e-06,0,0,0,,0
194.869881715164,27.7261675829152,0.01385820338998,3.415236179873859e-05,31.921293,59.250847,88.5671,SER,2.1669827
197.8756745499209,25.6481326090129,0.03583700184738371,5.83887232749063e-06,14.26767,21.09971,27.922756,EXP,1.2150807
197.5308907100765,31.67004065381848,0.003176496373606833,4.878556092368237e-05,2.040278,1.9052444,0.8048739,EXP,2.3729568
193.3175610449996,25.58435803206176,0.06407909849742958,1.191596265982975e-05,8.978746,13.205113,17.34544,EXP,2.985119
193.4088430607919,28.63231667433952,0.02422853561853724,5.21823422454535e-05,10.52763,19.98705,29.608082,SER,1.6565118
194.9428007668425,27.74626460298699,0.03246106887684241,5.787455990721372e-05,83.36778,113.968575,141.64069,SER,4.41654
194.738927082411,28.00817909204973,0.02096304430916602,9.078482564482442e-05,20.317318,38.74357,59.60846,REX,1.8965998
194.0523938928928,29.36709332292787,0.02484630899127772,4.351004236569368e-05,23.434195,43.160595,61.410526,SER,3.4898663
195.5987082371632,32.58351782591117,0.07589780822213131,8.917671717267615e-06,7.2506633,11.024633,14.291749,SER,1.0508946
194.8683658998888,24.0953860673084,0.07578835239387494,1.197509616595248e-05,3.7927287,5.3540726,6.584464,EXP,1.4089992
195.3711347147809,23.76807260761624,0.03117729916864222,1.003549737853873e-05,69.74194,96.249626,119.304184,SER,6.6471796
193.9963595442304,32.64733988884429,0.02711628713071324,3.429524898839043e-06,15.488819,19.521591,21.545532,SER,1.5954919
194.8079984510365,28.07626016450779,0.02609026583601286,1.819474656040758e-05,0,0,0,DUP,0
194.6709988865459,31.44348156844735,0.05211084388935464,1.742397528884161e-05,67.95766,131.51881,207.77338,EXP,4.00991
197.1386455315808,25.46719349817095,0.03846135580361403,7.832759436701543e-07,180.19371,232.85463,269.43558,SER,3.7735236
194.3131866250633,26.26547940194499,0.04556200767018308,2.690717019601294e-05,13.4973755,17.865475,21.080887,EXP,1.4432279
195.7423033995568,27.96368491215634,0.02079452548938847,5.241272105084014e-05,33.50483,58.13555,81.920456,SER,2.6834772
194.5555561338131,28.94812771566938,0.02555965030130964,8.394087220225884e-06,1556.5063,3138.328,5268.319,SER,13.624
193.314189203308,25.12561932589351,0.06081244901940702,8.930601820730011e-06,19.631021,31.457531,41.990063,EXP,3.2688668
194.1912273286424,24.99911398744148,0.03063165033413927,2.91640539718833e-06,3.3948205,3.7554495,4.5768595,DEV,2.08605
194.9514011007795,27.17780714897217,0.03740474553929793,6.183603882302258e-06,35.56737,55.582882,74.58689,SER,3.4651613
196.8602991194875,27.15429300400488,0.06973798338287802,5.503552303200331e-06,28.212523,46.54472,69.208244,SER,2.2728531
195.6956997555621,23.58221263763229,0.07336847812183418,3.380893585776361e-06,20.078356,31.3749,42.880135,SER,1.3044841
195.3250720031014,24.12583614521268,0.07376617697675862,5.500091722203e-06,0.5395713,0.3886487,0.5998671,REX,0.58466977
193.6587866806633,28.93019497593711,0.007773365210970395,1.267112640762741e-05,0,0,0,,0
196.1779500422145,26.89373432243983,0.02508233355565979,6.242202265964885e-05,16.48832,31.253304,44.06371,SER,2.6936378
194.571844609088,27.73140484797856,0.06758662216143732,5.367334794675325e-06,0,0,0,,0
194.2442462529552,28.12636770690853,0.02073210017042072,5.842688032311003e-05,25.7477,45.139427,64.94045,SER,2.426793
194.8149437801565,27.89913521553121,0.01771505420678291,9.360421307838468e-05,31.855059,62.413654,96.187164,SER,3.6918056
193.5660481777708,27.76976352268705,0.05794654552844471,1.335035144078167e-05,27.09174,42.67066,57.37249,REX,2.799745
194.84709810808,26.02574870164406,0.02030059112131736,8.370345308510525e-05,0,0,0,,0
194.958266299918,27.90917697758901,0.02892748456776098,6.063457265032023e-05,20.899399,40.500027,59.882885,SER,1.897655
196.3145224185147,28.62643014009368,0.02199956587499767,1.226931809682054e-06,117.92953,181.60219,241.48438,SER,2.7122443
196.0001703171365,24.11036305912251,0.07388156440070583,5.048404690765104e-06,29.366743,58.504604,100.44758,SER,1.3460128
195.0644115564702,24.3538084605837,0.071555742616314,4.026175087761273e-06,0,0,0,,0
194.327205334147,25.4785009718387,0.07694387216298378,5.197399055526672e-06,0,0,0,,0
192.8902321161607,28.21202359292088,0.0002009542327968316,8.158552592102156e-05,20.275578,35.829548,47.12539,PSF,0
193.4875435459176,28.03443030317047,0.05737150420423258,7.568116737771241e-06,0,0,0,,0
194.6426175917356,27.9400258212068,0.02795594385955168,6.532183456697741e-05,23.100782,42.613506,62.82633,REX,3.3663342
195.2170454258479,28.36614627097357,0.02554368970123609,1.186771314890173e-05,0,0,0,DUP,0
195.5250328301643,27.76513736674435,0.02412008737567085,2.783811204854738e-05,72.86484,139.50334,218.62437,SER,4.485055
194.5225000022281,28.2457185857871,0.02340123061514517,1.408518131622918e-06,93.9302,114.749596,116.7847,EXP,4.8208
193.1535601797078,24.62513952291287,0.07090978869329198,3.918244036349377e-06,11.264143,14.722553,17.372147,SER,2.0777187
193.6421695522977,25.65552447598844,0.06995414781988231,4.776523269463157e-06,6.1208205,9.140906,11.82411,SER,2.3195887
196.200623727931,24.15356171466967,0.07346549179945044,2.284828273791803e-05,10.982877,17.995695,25.13731,REX,1.9857384
195.7167896601429,25.43217993931285,0.0713247918883633,8.283042258517691e-06,58.831207,95.17003,136.81102,SER,5.6357937
195.3692019980285,27.60216075555095,0.03542243117614479,6.2623325775735e-06,16.926298,24.295677,29.742287,EXP,2.9458904
194.6052423497497,28.13009336176631,0.02738330835226824,5.091658681853186e-05,0,0,0,,0
196.4754465953247,27.64090578426723,0.02192227144053714,3.38070920917352e-05,65.171814,124.42107,189.68211,SER,3.4631937
195.753535252946,28.30224952023752,0.02763528042412831,4.165196648762298e-05,10.146477,19.206284,30.347761,REX,1.439248
194.6958623863381,28.85337265925615,0.05702156231655665,7.069316907051786e-06,29.268253,49.304016,67.02254,SER,1.76306
194.1479036201517,28.94742857313983,0.0615888961736334,6.431739326062863e-06,0,0,0,,0
195.0583358458716,28.82813485425418,0.02444901911235825,7.424841654678825e-06,1509.8267,3063.2903,5258.811,SER,15.299475
194.0688443233446,25.47813168284906,0.06425594447327314,8.915040500447041e-06,0.85423315,1.0950149,1.6688745,REX,0.27517015
195.07805195657,25.22728043492652,0.04958817442454411,3.845845306196913e-06,32.321095,51.767277,70.43974,SER,1.372341
193.8173380612362,28.28091078013386,0.02239966185372579,6.265964126564811e-05,8.867073,16.568602,23.817999,SER,2.2551892
193.795266175718,29.57822156794116,0.02492645847462768,7.378587584097745e-06,843.77155,1766.2236,3080.138,SER,5.780056
194.1992968060779,28.09963705696222,0.04421068445454152,7.199206633551342e-06,17.346914,21.36194,23.930101,EXP,4.4394784
195.7467643212369,27.24327525295016,0.07666879176576481,9.489326876508312e-06,139.95346,324.21542,599.6425,DEV,3.4649222
194.7274733019881,23.90453701562567,0.075283756146504,5.582488359057037e-06,21.624289,32.399815,44.430695,SER,3.8190172
193.8521903069891,28.57124992557425,0.02561963834966671,7.009722940315598e-06,74.907196,124.57821,170.52553,SER,5.3645926
193.8846906905026,32.19238369677268,0.02261744823867448,2.079588242253708e-05,43.205265,74.667786,85.83265,SER,5.7498646
194.6611970613986,27.01321529412314,0.02339984786448863,2.507326901586098e-06,109.760666,174.34465,247.90208,SER,5.8483963
194.9056293074241,27.33602778514303,0.02330045760227805,2.289542327411683e-05,166.61217,329.51733,540.7661,SER,4.7598686
196.0623502867949,28.20750054337829,0.02670346912934808,2.077105990656881e-06,19.693,22.782291,23.447912,SER,5.68232
195.0786629261009,28.00933330612358,0.02072619738435465,1.155602188497833e-05,76.62781,161.47766,277.7495,SER,0.89900583
195.2817077048653,27.99806504703616,0.02321909881170648,6.570789976951339e-05,25.115076,47.382675,72.10368,SER,3.5330048
193.954271040515,25.30467872643126,0.07236674809233637,8.719071314741702e-06,35.941437,67.75344,108.99498,EXP,4.1598897
195.1633205524593,24.38045343883655,0.07375017381275722,1.657007217385994e-05,11.221474,18.878683,27.016224,REX,2.0673063
194.5993243030125,25.97964313940085,0.0001988467999111109,1.700600723358424e-05,26.016533,48.366108,57.303295,PSF,0
194.6336333862337,27.45634742802239,0.02348292974632653,1.252547609672184e-05,0,0,0,DUP,0
195.3665865439494,27.65957431944999,0.07707686904811192,8.179811522441202e-06,27.177166,43.009125,61.419918,SER,2.578516
196.3976321924781,27.92632995991697,0.06889341060531373,1.064271697585169e-05,15.253933,24.716658,35.152412,SER,4.323165
196.0693038185879,28.27323712098077,0.02263338606821322,0.0001201482398165996,24.349167,42.390266,59.416195,EXP,4.3298616
196.0426293795103,29.01542233378093,0.02216244946855295,1.238271966037272e-05,398.08133,788.2326,1331.9937,SER,8.971912
195.534228017827,32.71634240029729,0.02387694178629651,1.088379688067314e-05,93.064606,151.5158,207.95789,SER,7.7737584
194.4695897777982,27.5781553637003,0.02286984911169052,0.0001365686210174541,9.61619,17.862568,27.37033,REX,1.5517192
193.5843212313696,24.6119558270302,0.07051221459571592,7.527373760468256e-06,47.13887,75.90075,105.219894,EXP,2.2752552
195.833688473243,23.8986428162851,0.07432538766595828,8.127484448131477e-06,0.96962583,0.7079547,0.8479244,EXP,1.5158509
196.3791052552324,24.41849811295997,0.03470830052114741,1.391403263023005e-05,1.3887993,1.4451792,1.7186161,EXP,2.4087029
192.0415413700075,26.93485029161482,0.02253972578315021,1.851067105255293e-05,0.9932259,1.1698997,1.7932485,REX,3.144
196.0759300242122,25.67654471056724,0.07406273102894864,9.576655603489577e-06,101.882256,192.18828,312.67545,SER,3.0952659
194.4492412785233,27.65150753567777,0.06068008287006155,2.70802239453275e-06,17.373344,29.871841,43.33285,REX,0.5307309
195.2469239511919,27.8998579000229,0.02301053972639117,6.6752161586896e-06,860.9556,1773.6149,3073.938,SER,6.901342
197.6947070083787,25.51920522734712,0.07297691983413374,6.330385237813406e-06,33.14617,52.221516,73.381744,SER,4.7838383
194.2506645562878,28.90375736080438,0.06810510603875365,1.257828464750023e-05,246.46153,578.5919,1058.3579,SER,3.2930331
194.9588390104414,29.35139450656489,0.02339716002383195,2.594252227543902e-05,4.725366,5.98351,6.875265,EXP,2.1970675
196.8926870798102,24.08062665573585,0.0005089727796453585,3.239808911551171e-05,20.187729,31.425331,37.41886,PSF,0
193.5222891330676,29.3745229152846,0.07994130273978683,1.066457844557028e-05,3.3225408,5.4729047,7.781058,DEV,2.2061808
194.474945622041,31.23259819847773,0.06841461695536602,3.127982132112442e-06,29.420977,40.58414,49.807003,SER,2.8737943
195.7572093089974,32.21073004721062,0.02371493819148773,1.549341406315492e-06,331.48654,644.5422,1108.4406,SER,9.823038
193.4341745586921,24.57263975752249,0.07026773843830797,1.066994335246173e-05,14.775582,36.226807,69.996216,PSF,0
193.9563922761777,25.42214006004355,0.06984358394278875,1.791204298665947e-06,1.4172256,1.4795719,1.7307684,PSF,0
193.4452467356837,27.38394378568434,0.02800358997148721,3.239459928875479e-05,0,0,0,,0
195.0024774621835,28.07955313933866,0.02753932173056658,4.902368204937228e-05,9.301358,16.771603,23.807707,SER,3.730021
196.0220638818113,27.85094446809375,0.02100710947253122,0.000111644731762905,0,0,0,,0
195.8932358945201,28.16209728298971,0.02529598300523271,6.394749260474634e-05,13.100232,23.749487,34.62986,SER,2.596035
195.5294431638539,29.23508198307936,0.02394613685250332,7.453317711401914e-05,16.76258,32.578228,50.067776,REX,2.1779764
195.6782815334745,31.78484231701175,0.06238264255130947,2.825092574663017e-06,24.818056,42.523033,61.221016,EXP,0.8064763
196.6204897692351,26.24814461269359,0.0005001550072350446,4.472049572438459e-05,1.2868416,2.9520462,4.082815,PSF,0
195.2735283494208,27.98209150570337,0.01704809831056842,5.598831805958658e-05,16.362953,30.62544,45.9004,SER,2.4891696
196.0084407826434,28.6343800084062,0.02635229336096258,1.71604609889016e-05,29.258787,37.648182,43.712444,EXP,4.4099007
195.6635262250649,30.96042092676888,-0.000326756119520438,0.0001063888000886006,25.713583,46.588417,66.080605,SER,2.1297743
195.9475776456285,32.27343909919388,0.05161952422321064,7.014756088332435e-06,36.933918,64.30945,97.54215,SER,4.1571336
194.2644177253268,23.39623661583955,0.07348125729107371,2.022251782619048e-05,17.519552,32.663883,53.542065,EXP,4.9914303
195.4205322902876,25.94517218904476,0.04479796799818344,1.601161009223123e-05,4.342511,6.362522,7.7077127,EXP,1.7678684
195.0774291133512,27.81552992697677,0.01789204484710666,2.629213226443137e-05,232.76485,467.89868,773.37726,SER,5.908911
193.8768797826331,25.91808650161161,-3.033421927137833e-05,3.143110562895761e-06,3.2764285,11.486404,26.854662,DEV,1.6251642
194.7920862106748,27.97553319300619,0.02501815620307787,4.976466305701043e-05,8.497405,16.17529,23.315027,EXP,2.591204
193.9693033245744,25.22868513331646,0.0777785470133453,1.890787148321353e-06,3.393454,3.999646,4.6595745,REX,0.2563435
193.8495596803878,25.84990174046469,-1.715850847302757e-05,8.902953130040478e-06,8.863507,18.706783,28.391455,SER,2.2557492
196.0499021733197,23.97152610896039,0.06420455143222287,2.35284075017724e-05,0.40168825,0.37271425,0.49125904,REX,0.41119224
193.6791687792008,27.90133671781918,0.04065067744531083,1.450284620328992e-05,3.164313,4.341415,5.2325106,SER,1.469701
194.1160581392198,26.98741654899681,0.02148146821672412,6.010283422098806e-06,3963.487,8055.196,13567.884,SER,14.248793
195.482646312212,29.32280002602426,0.02377002451682502,2.155850637223032e-05,393.32657,808.50757,1357.0614,SER,5.1518626
194.6556178042497,23.66994829089231,0.0004901048376287503,5.945464382623537e-05,0.77264017,0.9850686,0.9752527,PSF,0
194.4789740356288,25.23541880021525,0.07662392360769388,4.08311087518411e-06,27.516525,46.598083,66.69137,SER,1.9775338
193.9728808718801,27.69794063679184,0.02037080619486922,6.825024981466054e-05,16.639406,30.782818,44.391388,SER,4.56335
194.0482996979117,29.39824763577487,0.02408171324874876,2.825308479262525e-06,53.168015,83.327156,110.38575,SER,2.5909972
196.3199091785061,24.28169820346162,0.07966335936814402,1.511459113939637e-05,0.62885135,0.7890811,1.1002252,REX,0.59253293
193.3274455473326,28.21137759223742,0.02053960278342041,3.60894105735363e-05,407.7306,793.83044,1299.6093,SER,9.868114
194.7774050470882,26.54876151660757,0.07932927917050547,1.291548515995389e-05,316.7325,622.5526,1055.1202,SER,8.999759
194.6557187533806,27.17832374883865,0.02530151199654309,3.023627913576193e-06,0,0,0,,0
198.6067478428425,26.20354640968735,0.07354500849368563,3.27513967727694e-06,19.895626,34.9304,51.786613,REX,0.6574235
194.3103207818016,29.08094269372128,0.06765302716454022,2.296594524508491e-05,6.074262,9.7224655,12.702812,SER,2.3282335
193.6107876946181,25.45986038688546,0.04561353039879562,7.280236227309873e-06,22.971914,30.513443,37.05063,SER,3.0738957
197.3697108551112,24.35896987789805,0.07063087121102618,2.575259492857112e-06,16.679077,20.032873,21.861618,SER,3.3998103
193.8578617831239,27.93466899254274,0.02833527467980379,6.154101548819768e-05,17.996552,31.235893,43.121964,REX,2.8371112
196.0105577270513,27.06296363601603,0.07667728847207693,4.126828793493107e-06,85.34793,152.19398,233.64354,REX,1.8679092
194.4112793357393,28.66927872204689,0.01934418394775319,2.969450184602861e-05,37.114063,68.92222,102.9942,REX,1.5529343
195.0957422654664,28.72010097142009,0.0235217465914004,6.68678715793287e-05,3.5534737,5.4914265,6.801842,EXP,1.5253265
195.707956790739,31.97189565635081,0.07681359183085586,1.380701961756339e-05,0.8519753,1.1515269,1.7664835,EXP,0.9318653
195.1367732010866,24.08612631415278,0.06818435141738136,2.250539977859846e-05,0,0,0,,0
196.0913983249234,24.10345317432354,0.07433935926172122,4.230623534599932e-06,81.937065,123.27562,171.39558,SER,5.4776025
191.9959483473119,27.24717953772848,0.02549694625011011,5.772965129498102e-06,24.886385,33.95551,41.04658,SER,4.753452
194.4533529639406,26.07775278671855,0.07852463513310508,3.78199946940972e-06,18.795198,26.431017,32.88236,SER,1.3940808
194.7210937014097,27.81343519084044,0.01846105874766586,1.530654609533746e-05,308.44434,632.0389,1091.6847,SER,5.2213826
194.1618868477747,28.08115127017404,0.02705190433585353,2.827868041114902e-05,292.08627,604.7744,1025.4998,SER,6.482433
194.8651649574922,23.39679727727035,0.0755743698018652,3.18411881235807e-06,53.56653,121.09261,211.32933,SER,1.1710743
196.1940606200559,24.9824320186217,0.07927272989507458,9.242574082689874e-06,136.36166,305.72012,578.764,SER,3.8144212
193.7473723334238,27.80774166409238,0.01663498445612802,5.869238031673583e-06,3.4953246,4.434251,5.4972143,SER,1.3563393
194.9111075734323,23.54354095407579,0.07431212218380076,6.418909724509219e-06,8.987287,12.740267,15.686985,REX,1.7646654
194.1510731264282,27.57773075280693,0.02355538262082574,2.508308141280169e-05,29.581247,55.837437,85.534424,SER,2.860709
194.757991260329,27.76791188334622,0.02179295795711575,0.0001905441772576257,10.90344,20.450972,31.518566,REX,1.3214337
194.9246497618935,27.72365552477923,0.02653552523167465,7.503139933165762e-05,46.477062,89.00397,139.86925,SER,6.0332146
193.1356908842642,24.72074296722479,0.07370775063866307,2.977828231813255e-06,194.38127,384.86328,637.8773,SER,13.442824
195.367470847655,24.08377619254715,0.07291147602749998,1.153056666879125e-05,0.42765087,0.50018317,0.74238384,REX,0.4724659
193.9965400105624,27.94625309928712,0.02297682100638924,5.975310444880308e-05,8.965378,15.735883,22.092972,EXP,1.7372727
194.8194373582025,27.10608237259848,0.02803627986694144,4.071309126401035e-06,0,0,0,DUP,0
194.3653263497155,27.53710998977522,0.02642362174135332,4.926765884086971e-05,27.715446,52.95979,82.582985,SER,1.8249276
195.2816538272687,28.07434928831023,0.02514747768743878,5.364695019606069e-05,10.872944,20.355373,30.463724,REX,1.7106541
195.0273649863203,29.46263479658489,0.02179559356847003,1.007968185317086e-05,613.91064,1256.8,2134.3105,SER,5.554397
195.5812257063466,23.89500591601378,0.07292737670572223,1.899178149527828e-05,2.5407712,3.8507059,4.9112253,REX,1.5487454
193.7407595726709,28.30838677509962,0.02105736607312799,1.55153016199665e-05,410.2524,814.79285,1351.2534,SER,6.1940947
195.4969945602135,28.29329614495206,0.0166152689258884,6.611690767821583e-05,11.428477,18.182625,24.393913,REX,2.2641199
198.0310245662677,27.32275133040239,0.02101812702911751,1.61144012247753e-05,198.92783,403.5383,681.6114,SER,3.6785953
193.8765948784378,25.90318793076491,-1.586807135122013e-05,4.173875161715162e-06,3.9779677,4.4822493,5.4439564,PSF,0
195.4284612367208,27.0058000806951,0.07893786253781108,4.106792143480654e-05,58.789646,129.57823,225.28914,SER,3.8993564
196.316807631849,25.95758494108438,0.02175589239657124,1.241495151002027e-06,1368.1622,2290.196,3276.65,SER,10.60416
194.8328355095439,28.08434194324322,0.01546583425917706,1.738626672511152e-05,0,0,0,DUP,0
194.8779063661607,24.26297333546192,0.06052802945793295,5.09216226841032e-05,0.59410584,0.740989,1.1084725,REX,0.5632584
194.3084253803316,24.56201104054166,0.07406195189044056,3.292015967449718e-06,137.69624,212.95807,296.5382,SER,4.557683
196.1969045244954,24.79561816671081,0.02329889089649999,6.830587608482693e-06,6.3709936,9.161235,11.96702,REX,0.7171712
193.3021363460814,27.32310228345728,0.02215692543714293,4.114288382729974e-05,527.3162,979.5395,1510.1119,SER,14.689886
193.954163925089,27.90586090485224,0.02317397228286338,3.854874822657406e-06,522.1352,1104.2379,1942.3376,SER,4.37577
194.0098774882913,29.26353821937114,0.06764819680709122,4.112067784666308e-05,0,0,0,,0
194.8340801178724,27.88594961595855,0.02165929976394328,1.3180952047623e-05,448.06964,912.42444,1533.1252,SER,5.05277
195.9681147485136,27.29404044858336,0.025486897218421,7.222512614652218e-05,14.684375,27.285154,39.889694,SER,3.4566746
197.5226142308923,31.72619983703583,0.05620040555841383,7.719171967515565e-06,2.1478598,2.2077444,0.5934066,EXP,3.4687142
195.0221486645557,24.4561292692364,0.07358800893596484,1.300529179796014e-05,14.432666,28.372059,45.662426,SER,1.907744
193.9448255022164,25.89677976092693,-5.159374806505962e-05,5.79323573881952e-06,0.6590703,1.0632005,2.3374705,REX,0.7724828
193.351204730109,27.1054517253067,0.02402835465316235,0.0001127320152147584,22.60641,42.90692,63.37598,SER,3.3534412
193.0374124526934,27.47728493647207,0.01951111547197553,1.193769562615153e-05,1230.9823,2579.8103,4647.2666,SER,12.706094
194.0829133568831,27.21617932234529,0.03997242534831508,1.303496913592481e-05,9.910829,18.255941,26.703718,SER,1.0090153
195.8591740646577,31.4560980313094,0.02385668699773684,8.420698082724039e-07,97.80315,116.42992,128.68456,SER,1.5359706
194.6691003130904,32.42422847136831,0.0556160970660089,5.300121105724276e-06,43.243584,65.805374,82.73979,SER,3.5180578
193.4067464133718,23.8964260693556,0.003690165747766821,1.631078399499236e-05,1.6000572,1.5727955,2.360184,SER,1.1977746
196.2707148891629,26.96052896690002,0.07631411294222244,4.257862415223706e-06,12.705497,19.802046,27.453972,SER,0.9437986
194.4907840397437,28.06152875926935,0.02715495593144667,1.592138652047876e-06,560.69696,937.27496,1420.4344,SER,6.4315276
194.3102944992584,28.50601608411986,0.06148190597120812,3.562438511420167e-06,152.83813,310.84164,515.9357,SER,3.176229
195.1891378973361,27.83554151296185,0.02935806582876977,2.309473253444691e-05,107.53115,210.55954,336.0666,SER,3.6936576
196.0105619100676,27.06298488790529,0.07672095507725625,3.572454360667189e-06,85.34793,152.19398,233.64354,REX,1.8679092
195.7716550882501,27.78412786129879,0.02561467146483145,6.912214940564033e-06,380.88565,764.9741,1297.1653,SER,4.068734
194.5505273682691,29.62729806645134,0.07176139915461296,1.050658104903903e-05,4.2266316,5.6004653,6.34987,EXP,2.3408058
194.651465143187,24.64397695820143,0.07212659387529118,2.531966643214597e-05,207.05461,464.68665,850.9107,SER,4.478472
194.9050385230352,27.97223344621799,0.02535815179498634,2.677883533626896e-05,17.801088,36.750767,61.445084,PSF,0
196.5625951217286,28.46422563540518,0.06839920610809075,1.080523428675361e-05,11.664603,15.949989,20.705696,SER,1.5635741
195.5018677078062,23.94269872878613,0.06749851301015194,2.83558653649767e-06,22.211025,29.08141,34.26237,REX,1.5269881
194.9971013051721,27.19745812070029,0.06067063506676783,2.763462091352849e-05,21.054047,46.36321,79.18281,PSF,0
194.7751369491189,27.99670192974165,0.02558572906027392,1.066365743677368e-05,1126.0405,2435.9888,4373.4204,SER,7.6573734
196.3454690289661,27.67879007745624,0.02274997057318854,0.0001049286443457006,50.11588,95.0072,145.70499,EXP,6.3963804
195.1607961734367,29.01584768385896,0.02480785837469164,4.547566120239949e-06,24.270472,32.81523,35.741142,EXP,3.5632
196.2219680644332,31.27103949933471,0.03607416681666627,6.851986132490141e-06,11.216325,16.406593,20.505188,REX,0.97359425
196.3369740762234,31.93453329306654,0.05213661103152788,7.232583177732525e-06,1.1012366,1.3241637,1.4622371,EXP,1.6617398
195.6999630320422,23.7709116742781,0.07330762978789324,1.311311313550719e-05,18.375713,29.913328,41.26249,SER,4.1624794
195.6422268478211,25.78463145615555,0.07697962945661511,3.155172855775428e-06,25.433659,40.094852,55.992958,SER,1.2392858
194.5456241227199,26.65990041780394,0.07908295956480281,4.374692640676367e-05,8.218702,16.068108,24.966589,SER,0.7810909
194.8303386503258,26.93556281375715,0.02814054822958938,6.742854157735595e-06,37.758984,49.41492,58.573967,SER,3.1743147
194.2711927039342,28.21052155041124,0.01732149597038223,1.396206795901341e-05,0,0,0,,0
195.2893468832606,28.0331002958528,0.02344151927901251,1.87549181049159e-05,201.42345,413.50198,700.67236,SER,2.4238555
195.0746880684817,28.20235493352167,0.02844240824882412,8.857968024010724e-06,3135.034,6689.8555,12111.391,SER,12.017493
196.1130784210412,27.30702718479992,0.01852406960006805,8.394293134106114e-07,8.163449,8.082965,6.0303855,REX,0.3621896
193.3293259758759,27.60235030606284,0.020655670672663,4.911479694325457e-05,17.207647,30.068012,41.542324,SER,4.534718
194.6668479830716,26.78370354164417,0.02124156998739542,6.521446000920442e-05,14.471178,27.157959,40.928177,SER,2.934261
195.0448881020977,27.99093943460745,0.07678345377603076,5.755450337312478e-06,23.82879,35.16885,46.39955,SER,1.3099312
195.0749122272645,28.71147649297949,0.03435893711207483,2.449902082737949e-06,7.8039484,11.0689535,13.685688,EXP,0.83106345
195.443288518991,29.07605775303885,0.06182886666455414,1.158522108608352e-05,19.060457,36.332935,64.994545,EXP,3.169304
194.7884351091747,32.5152331730715,0.02329286506583598,9.703564841215042e-06,36.599552,57.177685,80.879074,EXP,4.2901845
193.3168398546441,23.92453078119339,0.06994499334970788,6.487597839226726e-06,2.679123,4.0567827,5.0344872,EXP,1.3338652
192.9599739964469,27.36083792219129,0.02155444976462561,8.776334752161934e-06,117.63659,235.52586,384.39597,SER,3.7400331
193.5265029055367,29.24266000107535,0.02464783366312466,4.149285442339765e-05,216.19344,413.95062,653.0949,SER,8.3346195
195.0217767177041,27.97666299238535,0.02609614536846533,3.370323147263723e-05,99.126434,205.65306,324.95505,SER,4.1583605
196.058550286089,28.71322577749822,0.0112227271732136,4.52833740605372e-05,1.4989284,1.604674,1.9388224,EXP,0.5688188
194.961803212974,26.18003551248031,0.07884619035874849,1.258380013490135e-05,0.3502766,0.3884795,0.5354031,REX,0.31292182
194.4668161593688,26.56109705362938,0.03548068695935999,1.71311949200174e-05,15.740565,24.542242,31.797071,EXP,3.833642
194.1190455125595,27.29130434739232,0.0250843664017612,2.922687177296912e-06,856.4684,1416.337,2090.474,SER,12.609605
196.2668316857726,27.64344371784659,0.03618871477988037,2.810344237028989e-05,174.72214,294.07162,419.54932,SER,6.543321
195.960408255266,28.05436525299503,0.02102509363424579,1.929979094653203e-05,212.03418,377.97925,576.22327,SER,4.9746194
193.6744488273466,28.04593096322597,0.02558865897471563,1.105038518875229e-05,142.60199,275.43298,434.4917,SER,6.182861
194.059341186796,29.06422711345929,0.02516174342711723,5.612316354624474e-05,27.72118,48.68496,69.13109,SER,4.387624
194.47674769555,23.51595747237831,0.01906977578500807,3.220072923191161e-07,180.51813,280.00284,354.84814,SER,2.334423
193.946360966685,29.24151242573364,0.06177784494206088,3.224379978100058e-06,5.432335,7.8677897,9.543735,REX,0.4271984
195.4589901880391,27.67594882156947,0.02053977498625647,3.956972590950805e-05,106.99838,205.62486,333.57278,SER,10.344678
194.907986295766,27.90733607179671,0.02678369657581826,9.875382134724654e-06,746.94507,1639.7517,2943.4329,SER,3.4055424
195.025635682705,24.41198278535452,0.069413607635726,2.928809033646457e-06,3.4338415,5.836838,8.185305,DEV,0.65555775
195.8720349837763,24.43392398935012,0.06618589159048628,1.626368806118631e-05,0,0,0,,0
193.3233522056536,26.33928887207333,0.02312108388821173,1.3045566307305e-06,56.196507,88.02467,113.44424,SER,2.3323922
195.4642335467618,27.09839611565969,0.078820150987032,1.999957367111052e-05,15.224682,29.183924,45.06428,SER,1.7087998
196.1537686496235,28.25046826567277,0.01876557317374817,1.800815732556118e-05,141.34375,269.50348,437.1996,SER,3.3317533
194.8979199148851,31.18582572837152,0.05511396256040244,4.784643448224132e-06,18.704683,28.820166,37.89941,SER,1.4553337
195.555420614493,24.081987702028,0.0636165721442666,1.608496013862562e-05,1.0737058,1.0434959,1.5393034,EXP,2.177383
194.5970268255933,25.38031120610401,0.07195689452346471,9.557455590245177e-06,48.66564,82.73561,117.88242,REX,3.539818
195.6624160282016,25.38331704828984,0.0241190050924903,1.47058883536195e-05,0,0,0,,0
195.9181996290258,25.41925700108168,0.07387168319772676,6.401063135196552e-05,12.746579,26.062027,41.955738,SER,1.1274835
193.9109734481572,25.92704522760591,-1.694216506446242e-05,3.966134961514838e-06,0.76401335,0.7090023,1.0668821,REX,0.28169596
191.9408016050228,27.91643237063467,0.03402073683445797,1.14741688999017e-05,9.246372,12.543261,15.006192,EXP,3.4977944
194.5259399524867,24.6085020428486,0.07217447725388523,4.62967853597056e-06,46.765842,92.56703,160.08153,SER,3.0764952
195.0610273151069,24.37089331849199,0.0740480192584678,2.376375621893865e-05,43.13355,96.01627,169.71066,DEV,1.6925915
195.5587670262872,24.4377346551463,0.0695739067110765,1.875890231729577e-05,0.63444555,0.4089918,0.5203408,REX,0.5958486
194.6719922970066,26.75699261165919,0.02449519454601987,2.588459190399199e-05,0,0,0,,0
194.1911465556602,28.05158835521118,0.02313116961244587,1.336880513600231e-05,274.10938,549.5281,923.1438,SER,5.873362
195.225702395002,31.55306853967131,0.05284097655342357,2.865166349436521e-06,39.462936,52.16975,59.75582,EXP,3.0539768
194.2110148805731,23.99037891059947,0.06452115938092197,8.678616418139562e-06,148.46004,313.83032,554.35376,SER,5.2198253
194.4338183314608,29.02037143856905,0.02642544599473261,5.245825229977509e-06,264.24863,447.88672,670.4524,DEV,9.707841
195.0752050611363,28.54190928932696,0.02856888648084787,5.102467614690029e-05,6.638981,10.578497,15.056522,EXP,3.0331354
194.9500018219455,24.5583551082334,0.07521523990980622,8.27441536782766e-06,27.29217,42.669144,60.855255,SER,2.3163207
194.289587514221,28.22806440100035,0.0682058106545224,1.455999800736394e-05,126.02195,278.34164,494.5078,SER,2.7781641
196.0578396789024,27.5601026233807,0.02325542102874766,4.092013691101414e-05,54.601746,100.02799,148.49124,SER,4.0376153
195.8783011698541,28.09141917188096,0.02146412725839168,4.479198216343302e-05,0,0,0,,0
194.1196927818994,29.1384758733552,0.03138280634748375,2.012664381746026e-06,0,0,0,,0
195.3521381618509,29.30834960038165,0.0238388384312012,8.845834902551265e-06,313.75815,669.07733,1358.1986,PSF,0
196.3194686930535,31.83590263086973,0.07597519036266154,2.67854713759911e-05,42.738297,82.51543,132.1268,SER,1.4869498
194.8526606913929,25.06712959148329,0.06989460681290202,4.537051628122027e-06,14.318797,22.150455,28.904255,SER,2.7867754
195.9807870350085,24.39371633056365,0.07347274507880927,6.959872657318926e-05,0,0,0,,0
191.5993075369062,26.68609813334092,0.03864519010453475,5.153324777388357e-05,0.29892167,0.64073807,0.8031684,PSF,0
193.5639827064326,32.53560804516913,0.0231311938302821,4.703236187764428e-06,10.190811,14.642107,15.708824,SER,2.6444418
194.5422108813643,26.90581877326765,0.06841075043253148,4.361123437379454e-06,8.033781,11.426915,14.505278,SER,2.0889058
194.4838335404643,27.62394361524623,0.02460891811979556,8.021102370452557e-05,9.333289,17.494047,26.712229,REX,2.0486324
195.1192975732471,31.54126014386583,0.05150841935191522,5.702023648741304e-06,53.470196,104.31251,179.3785,SER,2.8050303
196.3274330414309,31.44227306347655,0.03607112367827821,6.963815949660041e-06,1423.4344,3040.6064,5777.3013,SER,13.190818
196.6192301405238,32.33845344807658,0.03135811821942933,3.513772138310506e-05,30.784464,47.921486,63.468475,SER,4.067701
193.1073898515262,28.2235734680518,-0.0001527360954744078,2.399906092314186e-05,17.594126,34.85663,48.72991,PSF,0
193.4747422880083,28.18666659031726,0.0256112054989878,1.689196291053537e-06,430.84622,764.1056,1184.5907,SER,8.048215
194.556589718302,27.90526772290473,0.02741156903042615,0.000163727263201483,23.822832,46.07596,70.84417,SER,3.070787
194.8965707773907,27.95955287481093,0.02399215070338553,2.042268325905765e-05,0,0,0,,0
194.8707631293441,27.37335133585867,0.06899373953794205,6.458508177948904e-06,7.065442,10.864641,14.744421,EXP,2.9569223
196.4390155750556,27.73184576339669,0.008703032539972361,2.301477393131513e-06,32.407944,35.184246,30.021975,EXP,4.057056
196.3774351331871,32.06704875941729,0.02976559802953899,2.275933174832415e-05,90.716835,135.3777,182.16916,SER,7.7687974
193.9598128409622,25.86202595208482,1.151903716175914e-05,1.899907498767743e-05,27.583563,38.055573,42.057278,PSF,0
194.7604154683929,24.04308322488674,0.07541343446665848,3.181287794490809e-05,39.15405,93.66065,173.93747,SER,1.9552844
195.7226806462041,25.41074355947508,0.07440992907689112,2.84804416380339e-06,25.972643,46.49514,69.38109,SER,1.0905297
193.7656754499305,27.75131563178443,0.02126547346781998,2.083790541064184e-05,47.093246,88.69787,135.88152,SER,3.8282728
195.8325082668946,32.25508554570825,0.06259483330857701,2.487295976323225e-05,70.83271,153.51828,269.80414,SER,2.249185
193.5727175038184,25.25182100725959,0.02186026868109585,6.398218761326731e-06,8.478803,12.211933,14.985519,EXP,2.1704233
195.7747060507942,25.39091320445375,0.07378894109328624,1.215350450414186e-05,20.53299,48.38633,93.97707,SER,2.0890992
194.4915884135434,27.35079412068373,0.02896494142753266,3.157012661221192e-05,31.467903,59.715015,89.2513,SER,1.6324145
195.1285124396268,27.30023031433438,0.02549617466903587,0.0001143369361365357,58.738216,108.552826,158.87926,SER,7.37822
195.193513121216,25.2025187930904,0.0662793698615885,1.317750624999126e-05,0.57486403,0.6455635,0.8317075,REX,0.23285328
198.3208699921854,24.86771657606035,0.0738418828045961,4.355761403451498e-06,30.353981,44.760376,58.1441,SER,2.4546223
192.9252955740989,28.48767053368107,0.05622352700443185,8.637891379391308e-06,8.635315,15.54412,22.685463,SER,1.3031619
195.0509022070031,32.30312362704198,0.01873993002092126,4.723268048813114e-06,3.919758,4.8170567,4.717904,EXP,0.89490145
196.1968854318845,24.7956123576085,0.02329521010627565,1.236447343256349e-05,6.3709936,9.161235,11.96702,REX,0.7171712
193.7546606200921,27.81847126805246,0.02015569301075331,5.177889582294052e-05,21.922844,41.79564,64.55033,SER,3.9488726
194.5972777092902,27.64952936933793,0.02556417931780321,3.720335306057729e-05,15.236723,24.269756,31.662653,EXP,1.7303027
195.3899142678079,29.13058002095344,0.02444529061387003,1.155716208317771e-05,2322.27,5254.635,10151.292,SER,10.224957
195.7134796202986,28.48255438684763,0.02359966739311895,2.471357687184819e-05,104.09927,208.63493,345.8027,SER,4.2447767
193.8549771305647,27.80418587832472,0.02131477392391044,2.34436152963068e-05,114.76038,211.59229,317.6762,SER,7.027106
194.5333649472558,27.51791195865063,0.02123114973611368,7.347420293951613e-05,24.448118,46.9534,72.76153,SER,2.8652196
194.4301149651575,27.57762157489266,0.02417805822248428,2.726624704755601e-05,0,0,0,DUP,0
195.0234648201654,27.97995250019161,0.02583462462366875,2.549338331138536e-05,0,0,0,,0
195.7080859766537,28.32915989458302,0.02077138806607576,6.247094521522784e-05,25.701921,46.933376,68.54494,SER,3.557396
197.698149414962,26.63067520980186,0.07862297255838466,5.376370197413123e-06,40.75531,58.763077,76.43611,SER,2.9184666
193.1954170715635,26.34268519916199,0.02189232035793327,3.740207865090799e-05,7.7452693,13.173548,18.11981,EXP,1.4090745
196.6169328118051,26.18538273183868,0.0699228397225744,2.414257740178319e-05,9.127833,16.129843,23.226673,SER,2.007774
194.9129942940024,28.89553240634433,0.02043342605204121,6.743269297388109e-06,1949.7992,4214.528,7915.8057,SER,8.481121
194.26001907512,23.498482102946,-0.001607309489927197,5.284596286405168e-05,1.382787,1.8375359,1.8405576,PSF,0
190.9796928503988,28.31928221711386,0.06709351711465888,1.371502072064805e-05,0,0,0,DUP,0
195.2244593432041,25.93626896596772,0.06963707274461745,2.704792182269467e-06,14.809057,21.642937,27.106155,REX,0.87493414
194.2747717391021,27.83921973188148,0.0262626698593959,6.495649142217775e-05,38.549507,54.805904,69.2238,SER,4.2948627
195.0108623101942,28.21707789531175,0.02582008764330614,4.38759046289087e-05,27.724049,50.871513,76.44147,REX,1.0360098
195.018776255571,25.21950020332756,0.06541486998180591,2.123188621321122e-05,85.99675,190.3397,336.9121,SER,1.7347451
195.1764179449962,24.25048617600538,0.07438907727151038,1.470832866030024e-05,104.79788,232.31021,405.11682,SER,3.009613
193.6733559021629,27.04149299604758,0.02363384122721756,1.404791964085026e-05,112.59217,223.18578,366.82758,SER,4.454479
196.0707294351674,26.47536175662045,0.02508649965190714,2.399747321594172e-06,94.60844,130.70363,155.85693,SER,4.2112274
194.4301329012466,27.57761758664561,0.02412582079703925,5.392845465798342e-06,174.4424,356.4242,591.6207,SER,2.765019
195.1165608874985,27.95601105114312,0.02338433680679724,1.655537887227145e-05,0,0,0,DUP,0
194.4106554185219,28.84257582120603,0.02537755370219565,5.088256743309401e-05,12.490641,20.95669,27.327518,SER,1.6545587
192.1382150541639,26.11335223947291,0.02166867572039117,9.194186309735618e-07,27.439552,29.904839,29.839947,EXP,13.8336
194.1213780632467,26.95698771510017,0.02349833564585947,4.796552416194288e-06,1451.978,2993.5266,5088.9277,SER,5.6070123
195.0185388117166,27.98759995093824,0.02133240021015981,9.693207990010696e-06,1975.2495,4132.7754,7146.1016,SER,14.296937
195.6042710849467,27.97221102619445,0.02754114453162826,4.161806581176778e-05,50.4203,96.40389,148.33897,SER,4.548054
193.1928124363324,27.90680817061686,0.01896204998462505,1.148293695985458e-05,312.46,642.56995,1100.8429,SER,3.0695837
194.9794589855982,28.33696206061824,0.0264933247492557,4.16594776026216e-05,30.19744,58.665756,93.4693,SER,3.5420754
195.4687574780678,28.21871638036037,0.01291850652947865,2.337440968762938e-06,18.586706,24.71798,28.637442,SER,1.2098199
198.2604650535839,25.95379595377895,0.02419125995256213,4.952135515100742e-06,348.45035,614.37823,917.2772,SER,3.9583688
195.2834693849338,29.07069944269654,0.02810874085125176,1.355425081602202e-05,12.57771,16.845268,20.310263,EXP,2.3513594
195.580267159346,29.47127779244075,0.0783376362788661,1.905383786597706e-05,100.64023,232.65599,423.7611,SER,2.0967538
194.2170250426467,25.1984623554711,0.07154317106180501,3.299083367380733e-06,6.8266907,9.334998,11.210117,REX,1.0402315
193.5679945879042,28.07729006779412,0.02316461321550312,3.291544315217362e-05,0,0,0,,0
193.9677997572572,32.60385991921759,0.07297596773006904,4.007423967374861e-06,10.483491,16.936207,23.46531,DEV,0.90350693
194.9551475409771,26.97449059279973,0.02348065560779559,4.441216480202813e-06,119.87608,172.86862,217.97739,SER,4.2248116
194.0848978618404,27.78850322711655,0.0224897913765194,4.659916460265673e-05,21.32329,40.169556,61.015038,SER,2.8458805
195.4286197074133,27.74759694700881,0.03541879636481218,2.720309218934941e-06,145.4882,223.30453,298.04758,SER,2.6275802
195.5087538226968,28.37994668392074,0.02082578325534957,4.141727231831356e-05,15.578462,29.18901,43.80021,SER,2.4745302
195.3714614560434,23.86429527070052,0.06868401130490122,3.833064846241068e-05,0.3194626,0.3961266,0.49692684,REX,0.26659948
195.1897152071315,25.26662595612277,0.06597437546665347,1.579750453990465e-05,1.2770731,1.4038439,1.6488655,REX,0.6512437
194.7094862943811,27.08138578504491,0.02712989439426598,3.336206704221739e-06,52.034153,75.13952,93.50025,SER,3.5370193
195.281939641162,27.77452971523364,0.02568102338174425,7.49063988713224e-05,15.072172,27.465387,38.562885,SER,2.10621
194.9997924198075,27.98826263350907,0.0296497045100982,5.093102580616283e-05,4.380074,7.6972976,10.556349,EXP,1.5820065
195.021512853282,27.98172114469347,0.0215431160581216,6.478294618999066e-05,0,0,0,,0
195.3124469138371,28.52177522275816,0.0281404596117449,1.608170120871766e-06,123.95636,181.42194,225.84033,SER,7.2685056
196.3337478849088,28.45191381202948,0.02202385749830174,7.893813796092848e-05,19.215221,35.65761,53.03279,SER,3.3070657
193.391346222338,28.42494352381276,0.01599397382659564,6.98655202234676e-06,83.265594,119.32386,145.54274,EXP,6.463171
194.1806663646354,27.4737207484549,0.02701350057908505,4.725460667437276e-05,16.101843,30.217863,46.280262,SER,2.539562
195.2080868426589,27.4057517276726,0.02203803562686867,1.372621491910431e-05,1366.3917,2705.1082,4634.6724,SER,17.769814
194.674893500424,32.55996026623654,0.05203270645653617,5.67488643945882e-07,19.582684,23.230568,22.63495,DEV,0.24430496
193.6233527679115,25.55641505491663,0.06104576764108081,4.065423273727142e-06,70.102806,111.92775,157.12779,SER,2.4450362
197.8899859059781,25.21221636564287,0.07176686884577177,1.554452782539445e-05,232.72885,562.3364,1064.2942,SER,3.484425
194.9225100658844,27.04207897657873,0.03450003709649894,8.911453844189382e-06,2.8549817,3.964181,4.8732862,EXP,1.5673609
194.8877067067722,27.95421649674966,0.02408579093814303,0.0001146041524008695,0,0,0,,0
195.2512626046839,28.7921436972312,0.02640276270196757,5.186822551795117e-05,68.30844,120.34838,172.50174,SER,5.0424805
196.1614711469308,28.60787331719806,0.05710188211150261,1.954906613631087e-05,14.255157,22.86767,31.132317,SER,1.6074061
196.8184258764979,23.93819940604409,0.07036656000823742,3.853213877384236e-05,71.20953,164.2477,299.11496,SER,1.440407
196.5463035500081,25.22083520782991,0.07875437051422524,2.649756831826477e-06,22.048128,32.26326,42.012497,REX,0.7517147
194.7421387475872,27.59473225014624,0.02009959021564556,7.565817073382518e-06,547.1838,1140.4305,2032.4628,SER,3.0369768
196.110647144933,27.30445799601037,0.01839331997673943,2.510950565371361e-06,767.83246,1058.1287,1258.26,SER,9.938476
195.1068777800986,28.8678148567758,0.02264921024988415,7.015724479821821e-06,1177.1647,2374.6072,4129.933,SER,8.791044
193.8271151562624,23.94349456874888,0.0711594132830812,1.53613228742131e-05,18.609365,27.856693,36.995934,EXP,3.5494916
191.540030100193,27.24707387969454,0.02634552374083859,1.9009220225695e-05,62.98692,123.50615,197.62947,SER,2.68606
195.0906643861348,26.9060986288932,0.03912042027115096,5.194281632779423e-06,257.62738,528.8213,885.49677,SER,5.2448177
195.8226200707689,26.06018650278426,0.02489917877860105,7.774061195057978e-07,143.14825,221.01974,299.8439,SER,5.3609915
194.7615245752024,27.8218474528272,0.03669878237574783,5.833955710926246e-06,5.508779,7.2270217,7.979757,EXP,2.4100027
195.7905142440811,28.58355029163592,0.02283698230217015,1.421727442179158e-05,1253.7996,2626.5923,4630.8184,SER,8.019107
194.9266315970707,23.42707721992321,0.07431187932341342,8.36764244276074e-06,14.201145,22.722223,30.16943,EXP,2.1025553
193.6827045812653,28.10996688474367,0.03421089812082399,9.739455601654728e-07,10.296208,13.45569,15.602758,REX,0.45634946
194.9591301558781,27.91263307881151,0.02423267232354301,5.27792512704461e-05,58.330112,118.377174,189.05998,SER,3.4905522
196.1805884734935,28.25154189494773,0.02188343473149259,3.736584711594864e-05,89.99008,156.50345,226.87375,SER,4.0687513
195.043520060644,29.78194248688448,0.0004228977272074047,2.305796546627673e-05,29.62374,44.419518,51.920605,PSF,0
195.0239754303768,31.50231441641482,0.05344563012834043,1.382282860820359e-05,22.622763,33.690796,41.80116,SER,4.740222
194.3545637836238,25.32426946450407,0.07835354465643994,1.066023951056278e-05,214.65128,479.0445,869.94556,SER,3.5914516
192.8620509722117,27.91669121440152,0.02315503771008839,2.086384542910511e-06,26.854559,32.26831,34.60808,EXP,2.1937113
195.981262577912,29.15304588606068,0.06077707498984688,2.667865786130529e-05,59.03091,128.571,229.60358,SER,1.109706
193.9661497478646,25.82239527622077,8.313177867774791e-06,1.890308450058595e-05,0.3835916,0.30617815,0.5673907,PSF,0
193.8712593865223,27.52144281112239,0.02330939215693209,5.398139239197649e-06,2549.1875,5406.292,9410.64,SER,7.6413555
193.8298257949051,28.15933872719686,0.02033351973206914,4.009817106614024e-05,9.011945,17.174051,26.41102,REX,1.189926
194.573660245909,27.13649621828441,0.03961911366191861,1.629277973335789e-05,719.2274,1821.1105,3709.6008,SER,10.602685
193.6739931393614,28.94312025974284,0.008852132477596603,6.682521874364807e-07,17.060009,26.711767,20.890413,PSF,0
195.2779516020397,27.50810857455071,0.07418119168129621,1.190884803860195e-05,0.59619164,0.8537751,0.7819221,PSF,0
194.9002955656546,29.27205361761542,0.02742499489727278,1.08019440384919e-06,25.064682,34.250675,39.973118,SER,1.0650882
195.3011472138783,29.54608787847532,0.02660684967002037,9.351290217198532e-06,10.240385,12.45951,14.352103,SER,1.1664011
193.9650306958423,25.86257664380111,-5.851883124564254e-06,8.8096560288911e-06,0.7780294,0.74723583,1.1260424,REX,0.36328155
195.453662780744,27.20001751545203,0.07799732538765476,4.498465102134044e-06,25.9044,46.11017,70.61607,SER,2.0237927
194.3516721376086,28.35812121186508,0.02623655839309753,6.56870506143751e-05,57.825176,88.616425,114.85093,EXP,7.020369
197.7979548542507,25.5578378686872,0.0573547554272226,4.785907875266386e-06,17.498415,22.1642,24.914387,EXP,2.2219012
196.1634593472622,28.9732815586107,0.02517388752794377,1.493653546560995e-05,2.5965443,3.1034694,4.098823,SER,6.288
196.1576568574098,29.02452846199867,0.06307068368149944,9.117331140004019e-06,0.54917,0.65754354,0.9007962,REX,0.3914135
193.8577104890287,25.90305266429988,-4.236355933279138e-05,1.896189051320457e-06,1.5259656,1.5703325,1.7560925,PSF,0
194.9433278962555,26.91042207421535,0.07807216176242841,1.304340906167053e-06,32.8377,56.386787,84.76525,REX,0.7299627
195.2241998088458,27.24276202864149,0.03685814563156552,5.117461587898596e-05,10.392683,18.903471,27.144842,SER,3.7144842
196.2197765804863,25.55948064077721,0.03530037289941968,4.642690068834983e-06,178.94003,283.48886,395.56802,SER,4.5540867
194.6553125630096,27.1765329500399,0.02561270460098958,8.825527503963822e-07,685.575,1044.5789,1356.7277,SER,4.7755475
194.450977273588,27.76937675032142,0.01930711126036217,8.25952553481898e-05,0,0,0,,0
195.343847121547,27.53980499376564,0.0256842822939905,9.679428512416708e-05,25.151552,47.649055,70.532036,SER,4.4679074
195.1802744908464,27.87236386851249,0.02382309562852061,7.270578347786181e-05,5.134484,9.301155,13.242836,REX,1.0278383
194.4460903991283,29.14951084396312,0.02390887255923772,1.505867431316914e-05,0,0,0,DUP,0
192.9921766166399,24.1720082453745,0.06150207445536932,4.274145892130911e-06,158.4069,264.2565,386.5062,SER,2.8104234
194.7421505501043,24.08701296871039,0.07519395628360036,2.41500499889775e-05,29.633116,65.95377,114.13529,SER,1.3698529
193.1235397207763,27.80300098558263,0.02426165783580076,4.435576444125675e-05,44.30177,83.66592,127.45304,SER,4.1046042
195.1137276076972,27.07104278578578,0.07768893468081489,7.014194924918813e-06,3.1056185,4.168582,5.02308,EXP,1.4185278
195.66999989005,28.37129982873196,0.02471848283107867,1.182647509857516e-05,1009.19604,2077.343,3664.6958,SER,10.63443
193.9685286253225,25.8788696851527,-1.245126733498321e-07,3.36982209563642e-06,0.325589,0.32697603,0.65931326,REX,0.27032942
194.7030626108065,27.81044938585197,0.01978357708758447,1.590335535194938e-05,0,0,0,DUP,0
194.8561901516068,27.97320098515222,0.02041682169355886,1.728681117595336e-05,0,0,0,DUP,0
195.0380078685411,28.17045637266787,0.02261447335684994,1.716234568730196e-05,0,0,0,DUP,0
195.1787314949918,28.05384763944211,0.02285451296305709,0.0001124415390380543,23.478346,46.14589,71.6951,SER,3.6866028
194.2790772373833,28.95839004444044,0.02753033712698115,2.707782225786853e-05,71.29762,126.10821,177.11633,SER,7.3991013
195.4150440035343,29.33716856768568,0.0783368103491784,3.463249053045366e-05,105.81717,247.5397,451.54675,SER,2.0038097
196.9248308604251,31.25373837879082,0.06152790871191927,2.763159008085001e-05,27.05955,45.91907,63.09151,SER,6.74384
192.8649608215868,27.53516806132502,0.01901648431179752,1.951030865291839e-06,10.576976,11.810157,12.812026,EXP,1.1719671
194.781267931005,27.76778466546162,0.02128175065210897,9.600915965523889e-06,806.78253,1663.6375,2939.7568,SER,4.645796
194.8109420213883,27.89558424740206,0.02141423898170931,2.491732118204297e-05,47.01111,99.54978,174.22014,REX,1.0913978
194.892344475234,27.94712067655828,0.02403419697155876,8.72511960351346e-06,0,0,0,,0
196.5601510071522,27.73506141865657,0.01551571632223325,7.307915905637051e-06,23.14489,32.59145,39.70246,REX,1.1893892
195.2895802136494,29.06533076651403,0.0279394109848543,3.624722394933723e-06,46.643646,58.555424,67.35501,SER,4.564708
194.4092814671085,32.55370057274205,0.03665213759708537,8.967254256918375e-06,0,0,0,,0
194.1032211552679,23.35518765564534,0.07409769734799738,3.483104772347841e-06,24.279026,32.62604,40.067463,EXP,2.1204197
194.0073162144072,26.75662754617034,0.01924935620542517,7.941015129856368e-06,463.74527,958.59125,1680.9901,SER,2.5548365
193.9531223403808,28.25698632967034,0.02715174024977693,8.064757760644517e-05,0,0,0,,0
195.0207942416464,27.02607308662583,0.01937187377300017,4.482396900419533e-05,0,0,0,,0
194.6646926933355,27.78134161360517,0.02764075497463852,6.321680345241982e-05,9.095686,16.445696,23.710293,EXP,2.7909622
196.3016364690682,27.56976654154461,0.0230570348336588,5.65423532835728e-06,4101.258,8703.56,15458.894,SER,16.68674
195.7388480119004,28.37557430819614,0.02949634206944694,6.198912988578361e-05,68.27739,128.03825,197.82605,REX,4.4482603
195.6036878802092,31.33913960670834,0.0675050822774392,1.21180427552641e-05,367.77606,740.43164,1297.0573,SER,5.807158
195.0503544967671,25.05873275338943,0.06984698012454923,4.70303380264819e-06,12.688564,19.113731,25.04669,SER,1.400752
192.9341615353513,28.47940962784499,0.06118724448726553,7.631902026757191e-07,19.828922,27.60096,33.245846,SER,0.8577293
194.3395379191301,27.02298156791483,0.0267490131309111,1.062595786088634e-05,166.86617,314.469,485.4728,SER,4.819803
195.9658948114147,29.35035492566936,0.0192509800875321,2.237542851172602e-05,10.521115,16.178993,19.159344,EXP,3.4819858
193.9800335139856,25.19684622753355,0.05107086301566803,3.799110319836874e-06,19.442383,28.094965,35.68277,SER,0.72107035
197.8082061741972,25.18217861748249,0.07101912361645388,4.579918519089232e-06,11.740949,17.896233,23.237347,EXP,1.3966475
197.0186497824335,27.30156881697236,0.0232300726172853,6.42716599696595e-05,27.62324,52.915436,82.188156,SER,2.6663747
194.3669374680183,29.45415075828832,0.05705851177731747,9.013636148843573e-06,8.486396,12.934717,15.707631,SER,2.1634426
194.2790664040662,25.15576521939039,0.07211186266632606,2.603269898344003e-05,0,0,0,DUP,0
193.9210304649775,28.48441989111419,0.05968542767127821,5.317068453235651e-06,81.99212,151.12813,245.49731,SER,3.5193415
192.4193029445843,31.9325212930874,0.04378368136411413,1.66275103528274e-05,0.70518976,0.874096,1.1174746,EXP,0.6446852
194.2670605329462,27.77243735426546,0.02489080158660584,4.163130250527889e-05,0,0,0,,0
194.3460645016323,28.36917106998852,0.06847396980055648,5.858619197971832e-06,55.38133,85.223625,116.835236,SER,0.98558867
195.069211563215,24.11599698734543,0.07396087169349969,6.720856637672534e-06,8.748885,12.981996,16.752075,REX,1.2046684
195.924142381241,25.07459287334443,9.197996523331947e-06,2.677454879827782e-05,12.875654,10.989998,20.634209,PSF,0
193.3380142807771,27.04572582079938,-4.676558962695975e-05,4.12569364717401e-05,0.5576914,0.7102493,0.779291,PSF,0
194.2717286802886,25.97570206914036,0.05601784137071749,1.47586242104614e-05,1.7795081,1.5697162,2.4956467,EXP,2.022022
195.036440051618,28.15983753797563,0.02489780876191079,1.978887088327374e-05,398.69406,825.84296,1403.6097,SER,11.597552
195.3294820833762,28.12813237329285,0.02272118595577355,2.193207016880237e-05,105.95362,204.13141,331.4346,SER,2.8235326
194.8246912717915,28.62396278967517,0.03469500151717596,7.263322170768024e-07,134.22397,224.41351,307.9968,SER,2.900732
194.8071245343419,27.4025689317521,0.01891190010842302,5.85616734979412e-06,961.78906,2042.212,3669.4102,SER,5.2096095
194.0452357790294,28.16161921013441,0.02853056655722664,4.596116662724899e-06,0,0,0,,0
195.3449345001505,28.19605277319219,0.02540722725436645,1.051668697581115e-05,670.0892,1379.0742,2444.4429,SER,5.8299513
195.7627189900265,27.3069909596369,0.07720186478603586,1.840275668133621e-05,0.5682569,0.7011707,1.0752827,REX,0.22326978
197.0849664664806,32.35786232575256,0.0672040258228571,1.860480498556524e-05,0.24730718,0.109701335,0.10228221,REX,0.29499698
191.5011892222498,26.72764158121326,0.06107426534492418,2.974546867225406e-05,96.06882,204.15616,345.01782,SER,1.9905921
193.7656993872304,27.75132293179773,0.02124027622277225,2.575414351507305e-05,47.093246,88.69787,135.88152,SER,3.8282728
195.1377399230162,27.63628980587513,0.02439485700358672,5.289125762852301e-05,0,0,0,,0
194.673301761002,29.29143453044109,0.02541373230452828,0.0001372096884353412,35.756268,64.593895,93.500465,SER,2.6885715
195.8698150512937,29.62060137714374,0.07744650584663658,1.091482285530667e-05,86.92252,192.31773,352.87317,SER,2.5834014
194.714732360766,32.16492115596786,0.05271478467079081,2.9914526161612e-05,55.40542,116.633156,197.50223,SER,1.8789476
195.6993412558207,31.97471818709266,0.07695803786361693,9.824936751480099e-06,24.949318,50.329258,82.76044,SER,0.73335665
195.1428468393633,23.26224656740323,0.06475228501298926,3.152942898552279e-05,0.32911676,0.24055241,0.38880906,PSF,0
193.5129895167317,27.74321466863608,0.06722377164822091,1.195910695540954e-05,0,0,0,,0
193.8035193569903,28.81800702439258,0.02216487202836328,3.640224418354701e-05,29.412668,55.483704,83.16605,SER,3.0194767
194.4142334871826,27.60609012941635,0.0702369872526422,1.699702319355325e-05,98.13761,221.87971,404.81894,SER,1.4833415
194.2390415767418,28.86299282261317,0.06748105466332564,4.526415150409746e-06,18.86895,32.15921,47.01807,SER,2.176813
194.4467007163292,23.36538182175963,0.0779238680904417,3.644910574018163e-06,6.1380763,10.060253,14.032275,REX,0.50648147
194.8233896517245,23.98189441402269,0.07259236170092118,1.686141034877037e-06,5.8731165,8.811449,11.252286,DEV,1.5641022
194.270457830276,27.67738835668133,0.02610272783249582,4.548999015495327e-05,63.14276,120.796265,188.61963,SER,4.4001036
194.73029295848,27.96471928342401,0.01890413851461631,1.906326754620771e-05,373.62457,798.53534,1424.2012,SER,1.8115988
200.083461100097,27.02713834270389,0.06037584031520368,2.380063734892375e-06,0,0,0,DUP,0
195.9104532404021,32.16879526143503,0.05214700826425781,2.703178790171137e-06,30.023178,41.35281,50.89817,EXP,1.2344621
194.8261659225259,23.78129792800263,0.0754172183485512,3.084116415709505e-06,28.30339,39.12986,50.751736,SER,1.8370246
194.9736319043453,24.50808309807117,0.0720577737390211,5.152506823797389e-06,13.856742,20.184273,25.224895,REX,1.2414029
193.7534518513598,27.48336636391154,0.02321462720409222,3.017544864170865e-06,247.5067,475.6984,783.50244,SER,5.6314445
193.9272210799955,27.67677545172205,0.06069080141592775,9.460713336198196e-07,38.60777,56.821148,73.4095,SER,1.3470742
195.1860056778236,28.10069258201067,0.02203450135713659,1.980078726488071e-05,0,0,0,DUP,0
198.2964015252433,26.38863507740853,0.0002234336726943437,3.819804683716953e-05,7.9190273,10.256612,10.923528,PSF,0
193.0749153994263,28.40795469536197,0.0567149924112107,1.692915716606739e-05,386.01807,865.2502,1548.1234,SER,5.039119
195.1082954117463,28.06243734899109,0.02515880559890849,8.603556321213182e-05,19.774305,38.936043,58.8793,REX,2.5026839
198.2922564157701,27.16008341152638,0.07761170482977889,3.2286265014317e-06,17.89875,22.220009,25.108698,SER,1.8154218
196.0929816509923,28.76347168815216,0.01844465881093107,7.757386485527803e-06,15.178707,18.353952,22.727137,REX,3.4988074
196.630000294516,31.94434767651935,0.06204475194978663,2.278718882484471e-06,22.97422,33.467518,40.867554,EXP,1.739708
194.6097683490552,32.72205094100963,0.02695995634949698,8.154846362254979e-07,71.461334,103.24858,124.82542,SER,0.94438773
196.0913951371504,24.10343651703856,0.0742919111735867,4.473669980688104e-06,81.937065,123.27562,171.39558,SER,5.4776025
193.8240116292627,27.90048854538037,0.02305487597646067,8.737974092873268e-05,9.59487,17.730799,26.053902,EXP,2.857207
194.2881562934494,27.02947019429217,0.02285688203498398,8.88223372176639e-06,19.643492,31.544714,41.88512,SER,3.1038709
195.9023977593348,28.09794633226803,0.02060830403757955,3.781881115480014e-05,45.925,85.30434,129.42845,REX,2.640019
196.0422519205733,28.24796061037582,0.01983353854280582,1.697601799178392e-05,0,0,0,DUP,0
198.2936118483763,26.73832587584592,0.0732556300132184,8.254784248125221e-06,15.369741,19.930212,22.555534,SER,3.2793317
194.1478895858847,28.94740036031576,0.06154720337032587,2.595977974325636e-06,0,0,0,,0
195.5323031839948,32.7139113046111,0.02411769077207538,4.582585226944119e-06,15.851781,23.35663,28.48387,SER,3.9123912
197.4924527576087,24.65114975826895,0.0236895274164771,8.763840262010992e-06,27.248405,47.220524,66.394905,SER,2.5532193
192.2125571167702,28.15528780564859,0.06285139687427896,6.428933277830236e-06,3.9283211,6.791472,9.502599,EXP,0.94440204
195.1010989894605,27.35378470167023,0.03626860529003497,1.10042723844265e-05,0.4456146,0.4363834,0.5709745,REX,0.26427114
194.124223655974,27.93998862184652,0.02218265126425477,4.244923154163174e-06,837.19336,1748.8746,3100.4255,SER,4.7310653
195.3631363813809,27.99917499134305,0.02550581640328847,1.32761265479392e-05,272.91525,594.1491,1099.4066,SER,1.3679769
195.7359879276189,28.24539226817607,0.002531562271477953,6.850668349665115e-05,11.573589,13.497388,15.703004,SER,2.4559193
194.9430285278216,31.28640875695169,0.05173794619975866,4.146343262049449e-05,12.007987,24.313078,38.54892,SER,0.6748026
196.1471618987248,32.66628192257313,0.07714647079840783,2.299691849404491e-05,52.07203,134.18933,265.89172,SER,1.150487
194.5845131682918,25.11520094507624,0.0797505879332429,5.101766440132323e-05,0.37535685,0.41110784,0.6568866,PSF,0
193.8497766102822,32.72874675414931,0.0003006458211672144,4.217898064099952e-05,1.2633384,1.2522064,1.0768188,PSF,0
194.2092229756539,27.09062753244468,0.02380190412751988,4.873820264837395e-05,0,0,0,,0
195.9428849220797,27.98690471724599,0.02060822411016553,1.50252648058341e-05,121.66469,237.0872,382.4288,SER,4.121612
194.748252544955,29.41614850478965,0.02432010165367892,1.925028540842751e-05,70.60392,100.02417,125.56262,SER,13.624
195.7268051837771,23.65717138548792,0.02483860233565705,1.057916061113219e-05,0,0,0,DUP,0
193.9997768755652,28.18697804140463,0.0187498786826384,1.776921239888539e-05,0,0,0,DUP,0
194.0115715557595,29.26352898939304,0.06763112191173908,1.710079484419097e-05,0,0,0,,0
194.5626248084698,28.55785592958792,0.06146861911314431,5.501563301420272e-06,12.93878,24.105267,35.618935,SER,1.0194371
194.8978699160783,28.76733576753681,0.03470305951701731,4.317984609140802e-06,13.816122,17.051764,18.779026,SER,1.7770692
194.5766221337549,25.18444151575944,0.07595228370343476,1.516301546104483e-05,1.839956,2.168787,2.7247436,EXP,1.1117823
193.0922358126113,26.04509430233098,0.02587280733539125,3.581250989536757e-06,8.48339,10.838127,12.83298,EXP,1.3391558
193.022717559903,27.59624217462924,0.02674018581430187,9.964995862574496e-06,1327.1168,2753.3591,4823.0747,SER,6.743516
193.9989588287791,27.95506548841911,0.02699734906789015,2.130556246259338e-05,263.84164,487.06497,742.7657,SER,4.729787
193.7237415939362,28.41698629076386,0.0246569177914348,7.355704273006407e-06,983.0923,1949.0457,3353.5752,SER,6.4636135
195.8548797177097,26.05219776953903,0.07232939660395536,5.074989530002218e-06,6.873375,8.790471,10.374998,EXP,0.8129525
194.9624519056433,27.83298355152439,0.02638627779791237,2.221087509195255e-05,169.4444,345.25278,574.17676,SER,4.96405
195.2969156603874,27.57696272803518,0.06705662795629881,1.093962764065637e-05,0.3476056,0.26017353,0.44752872,PSF,0
200.2478345116739,27.39772611421902,-0.0002992455097451823,1.297301560954413e-05,132.67131,186.02986,200.72981,PSF,0
194.5470312100393,29.39946699223208,0.07181483205161471,1.341737423985964e-05,6.064317,8.812142,10.308814,EXP,3.0274792
195.8795069442501,28.69043781180881,0.02246938351212985,1.448082701630676e-05,52.08278,60.901936,64.65315,SER,5.209253
193.6471237602574,25.16090929603969,0.02590802227208561,7.928027709678267e-06,1.2702042,1.405347,1.7277619,EXP,0.6249554
195.0644721570926,24.22115024921217,0.07242578180306218,1.101837114394799e-05,26.94924,59.226295,112.58896,SER,2.563457
197.4701834377695,24.26745095815295,0.0717863949078972,1.135505359608632e-05,0,0,0,DUP,0
195.3449266088228,28.19608415669758,0.02539130646691907,1.408970705061489e-05,0,0,0,DUP,0
195.7598795496635,27.24986167032505,0.0786100928251462,1.048897494614947e-05,156.61937,403.43182,845.29956,SER,4.5441723
194.5176756289917,28.66278858891313,0.02496422834015788,8.055520935067593e-05,13.766083,23.790497,33.9534,EXP,1.9791951
194.7681740485109,23.92888199782805,0.07517774474061496,1.328432402940839e-05,0.9539172,1.1410719,1.3499373,EXP,1.721048
194.9258023491321,24.46674240808788,0.0739845578011357,1.088029835228472e-05,7.3047004,11.084428,13.745736,SER,1.2107301
195.722697413978,25.410775807772,0.07442159844820473,1.845735074244682e-06,25.972643,46.49514,69.38109,SER,1.0905297
197.6099598489956,24.92138614192245,0.008510044169295149,6.554577430094933e-06,444.3649,636.5717,806.8916,SER,19.60166
195.5339467997634,28.15102448494221,0.01641271106452124,4.759056254300455e-05,57.86957,107.88415,167.4877,SER,2.8265495
195.8688381186735,32.86567899077232,0.0668978874139229,1.991791025326112e-05,101.22222,234.14526,429.051,SER,1.465345
194.7105606006741,23.86854687660758,0.0753993031345162,2.968521034128707e-06,48.934086,93.40603,151.55263,SER,2.3198967
194.9798302702834,25.3050261390846,0.06050789661381644,6.391280515924813e-06,0.29381248,0.25722408,0.6492001,PSF,0
196.086633205447,24.43275293605046,0.02532676629811896,1.604018865310325e-05,0,0,0,,0
196.1188858645447,25.2611567649209,0.06089035526586512,1.296769420429785e-05,35.234715,55.301025,75.21115,REX,2.2382867
195.4399183118644,29.04480449255523,0.02295099809306209,2.590296653720673e-05,0,0,0,,0
194.0124720422729,31.94089698104348,0.07717042136924208,1.23021330169756e-05,0.41333938,0.5579008,0.8726125,REX,0.44356552
194.2690145590418,27.77298632980418,0.02515949245168639,4.444736047956475e-06,281.45572,556.8762,954.12317,SER,5.020387
195.061495025517,28.04128211482185,0.01912931307623193,1.078843004899543e-05,702.74567,1482.8483,2665.6604,SER,3.1428084
195.3068447783435,27.9142684495407,0.01957603888278862,9.13679623160911e-06,321.4184,640.51074,1090.6566,SER,3.6495802
197.1765548677639,27.10767844060836,0.06345568503954675,3.811194007319305e-06,22.342487,36.352825,50.910522,EXP,1.7973979
193.9824837826777,24.77308207148947,0.07337709243377265,5.769742919139117e-06,1.5011866,1.8073037,2.3174102,EXP,0.6181788
195.3002091936395,23.8796753682227,2.26739792339225e-05,5.077422927090415e-05,0.9567997,1.737821,2.4672823,PSF,0
195.0709075666774,24.54131219385258,0.07033959039295751,5.719978333865362e-06,18.926245,27.378162,35.025017,SER,1.7972391
195.3286692037636,27.0739947228646,0.07770761493206432,6.377288692930432e-06,3.2748106,5.077953,6.5695634,EXP,1.345521
196.7999497933733,26.39576817079765,0.0006793691231332006,6.610818855153102e-05,1.7463928,3.0432415,4.1903844,PSF,0
196.348537950626,24.92393574730676,0.06010839517701608,1.203032653855332e-06,11.252931,12.737129,13.203524,DEV,0.825484
197.8232198260772,25.11767092140943,0.07142489736318985,4.38979314070114e-06,53.09598,85.25998,120.87446,SER,3.616143
196.8783934746455,32.0453925766918,0.05105605375039801,6.125162236788096e-06,15.366832,19.672846,21.681303,SER,2.7913628
194.7114523613411,23.93900477839535,0.07511058329473176,1.95696981587867e-05,57.686153,126.24123,221.237,SER,1.9082458
194.694415416792,25.01732031270867,0.0607658639650464,1.166989231675363e-06,21.631147,21.199734,18.659689,SER,1.4662892
194.4883882092655,28.44640356881015,0.01933535290209115,8.479687318283023e-05,22.36709,42.310997,62.76756,SER,2.3907394
195.8627685976263,32.79335079665699,0.05215209986424494,2.285567362097066e-05,156.63364,343.20032,588.46576,DEV,2.8877537
197.5133262032149,32.0997792642588,0.06011067243626318,3.799004570477995e-05,0.43167368,0.4774049,0.6556319,PSF,0
195.5706522660004,24.01082593336728,0.07355109926450733,1.241163134757692e-05,334.98297,792.76764,1521.4304,DEV,5.048444
195.8493703866121,23.68156138118155,0.07344261204017669,1.329262120534811e-05,59.973396,97.02212,137.59921,SER,4.1578097
194.0855033814943,26.70392159223975,0.02198672723257193,1.184039033075831e-05,212.35425,424.40292,713.41644,SER,2.3142948
194.3868656833602,27.61039028852929,0.0201862627444066,1.017583177874095e-05,0,0,0,DUP,0
194.9833507918613,27.82009762541552,0.02534119419323246,6.034182774299234e-05,11.955169,22.42055,33.750546,SER,2.075386
194.7283675776613,28.19348075742284,0.06722227207617305,1.034253427340012e-05,14.062885,20.440693,26.618967,SER,3.3212721
195.9474603470516,29.136509637298,0.0604267077561367,4.907192192929947e-05,24.580778,49.917126,83.22925,DEV,1.790083
194.1706019403132,27.4477610231084,0.02445428142931662,1.674281578019709e-05,54.070843,106.754295,170.89276,SER,2.6129193
194.345607185076,27.49295445881801,0.0275539227248529,1.869638893347395e-05,98.87532,187.99393,334.3321,PSF,0
194.3239800380641,27.8092919113108,0.02409965810039363,1.891379573015406e-05,0,0,0,,0
194.4423309139736,27.75705589077709,0.02048821769386555,1.179736485769463e-05,638.4284,1299.9004,2239.924,SER,11.570471
195.1781595448356,27.97129753084347,0.02129734653437111,1.024947053420357e-05,0,0,0,DUP,0
195.5030153409609,32.58984348924042,0.0705556640475417,5.307026554331316e-06,21.40705,26.676447,29.72047,SER,3.2719045
195.8261206169683,25.45918847247804,0.07422468334111751,2.319211791657481e-05,21.376581,43.460503,71.21249,EXP,1.6235217
195.1629013894584,28.04921704224696,0.0249225343726901,6.480451830884517e-05,0,0,0,,0
195.948712854952,28.18536045906961,0.02269729164032245,6.401921238605128e-05,0,0,0,,0
194.2313426205268,28.95627447247715,0.06806655176551268,1.204971630000646e-05,240.66016,587.1341,1109.6548,SER,2.7281065
194.568941509397,31.15899902655929,0.02600363678387567,1.124680780467089e-06,551.83887,1044.8737,1688.6013,SER,4.6512175
197.997663116823,32.0529731778718,0.06079276675738255,5.367250210075131e-06,0,0,0,,0
193.1584086021327,28.6355669793519,0.02247551821969098,1.929895817072721e-06,6.0184183,7.5462046,8.159863,REX,0.7266089
193.8018388702037,27.98445477837117,0.03440731543632825,1.137004076706898e-06,11.350083,15.897659,18.802357,SER,1.5417647
193.225568877312,28.37410634433865,0.02271467075104767,1.800812204548622e-06,4.1764665,8.268494,12.544109,PSF,0
196.4129624587157,26.10651765300592,0.0210840274848405,1.149295237581441e-06,445.87057,670.8624,876.1691,REX,6.664434
194.9449096968441,27.97387011216412,0.03148623438388211,1.154882517739694e-05,894.77344,1942.4131,3458.6873,SER,7.398422
198.0615385672276,27.35149535375155,0.02024088568169814,0.0001259678664548739,22.599981,42.144287,62.399933,REX,2.688421
194.1303364629083,28.99744044332838,0.06241335889826406,4.242294115453654e-06,59.679405,98.7335,141.4885,SER,2.9325874
195.2997260217199,28.5059847529587,0.0295950765808565,4.202478609006852e-05,18.736841,33.71514,49.130646,SER,3.856788
195.3736679709793,28.68513775997009,0.0293107748822443,8.573852995149399e-06,4.406649,5.1402917,6.161044,REX,0.72020406
196.9535869793593,24.27972443357841,0.0002185461497870173,5.355362579124401e-05,0.61773115,1.1725008,1.4845033,PSF,0
193.6911633229524,28.955163389053,0.008765550856236029,1.18303443414977e-05,0,0,0,,0
194.1473260210978,27.39394946581469,0.01820506467713686,5.682567351367446e-05,16.42302,30.819155,45.093224,SER,3.369514
195.0262367209816,27.77575769879004,0.02059468516911219,7.077741189083683e-06,650.0143,1375.0239,2423.3477,SER,7.3710556
195.8398218641071,28.30898828421147,0.01842938133251898,1.0591285812536e-05,303.82962,602.5246,1017.1723,SER,4.331038
194.0844687437351,29.30017674362033,0.02218620731786035,1.656424177841217e-05,656.1853,1320.4846,2206.8665,SER,13.8336
195.4814229898234,31.53427081789804,0.06316990008141381,1.351525473090978e-05,227.56439,492.52017,871.5776,SER,2.8416126
193.9545455846198,25.5871338843662,0.06931798867855715,1.138114184621393e-05,158.04001,304.98734,468.934,DEV,1.3956627
195.7747056875094,25.39089121052123,0.07384565754181556,3.011399138555584e-05,20.53299,48.38633,93.97707,SER,2.0890992
195.0638279118242,27.02124032980802,0.07814750246717067,3.481721541347435e-06,135.171,234.31197,364.07727,SER,2.98353
195.1094411716865,27.71144525117027,0.02525456820330435,3.904267022749035e-05,15.325732,29.641617,44.86163,SER,3.2016466
194.4873665961964,27.91847717181526,0.02610250597173295,0.0001245136276544625,23.143663,43.446327,62.152912,SER,7.2093725
194.7337969357336,28.46362331002949,0.01972788403607257,2.620492953363539e-05,458.6001,700.6226,975.0344,SER,5.726312
194.5993407940106,25.97964305470352,-2.797666034692363e-05,5.833962170094826e-05,26.016533,48.366108,57.303295,PSF,0
195.8580886638483,29.05734133442945,0.02419521988124398,6.923314548572085e-05,10.059149,17.246021,24.215824,SER,3.8548903
193.8875048243392,25.56974676830879,0.06099964156062809,8.245013016599134e-06,0,0,0,,0
194.050564373253,24.78312335528427,0.07386412844689585,1.125988581838054e-05,13.7055855,19.447395,24.996326,EXP,2.4976413
197.8664856941706,25.20386598805129,0.07172515891429765,1.429865723717256e-05,204.98357,474.88925,844.3833,SER,3.2427497
193.3918889628167,28.38371599425777,0.02317019992802717,6.652070891551816e-06,11.704423,14.677488,16.78242,SER,2.891832
195.3519892671071,29.31453307692366,0.02345136939498986,5.124863717738514e-05,0,0,0,,0
196.1623259139781,29.22480201758774,0.01927471096425239,4.183117708902277e-06,204.77013,426.06104,768.9438,SER,7.18944
196.4591670793432,24.23689372425114,0.0799238024611216,1.599326968951909e-06,27.933315,39.765827,49.855537,REX,0.28876463
195.3752952088489,27.00977776375012,0.0773969239321484,4.54270252053764e-06,123.80745,200.02417,280.29776,SER,3.2354403
195.3920920971394,27.48476363571127,0.02201472219786971,9.732564044166236e-05,12.90396,18.150362,21.889761,SER,4.51348
194.4697189084751,28.3518278663842,0.0679793252619486,1.575356147335998e-05,2.6450655,4.201975,5.4537864,EXP,1.662745
197.0129449403762,27.09906774827675,0.03925582562850537,9.904286765363854e-06,7.3639503,10.862225,12.465506,PSF,0
193.3792404827684,24.45559753269922,0.06947987677483965,2.686488902523194e-05,13.981531,28.259363,44.58638,SER,2.4634948
194.4022455172278,27.03133931361651,0.02455277187325376,1.33570873897336e-05,0,0,0,DUP,0
194.6428494174863,27.59597005544855,0.02518151831950066,6.964689980836708e-05,0,0,0,,0
194.8539331782964,27.73884164018587,0.02017527197126493,1.190745522654458e-05,462.8467,975.29474,1775.4747,SER,3.0079942
195.9021456931367,24.52318146054506,0.002742126816137235,1.050440835454052e-05,0,0,0,,0
195.9241532106903,25.07458655348066,-0.0002106440813312323,1.510608086161604e-05,12.875654,10.989998,20.634209,PSF,0
195.1528341786311,27.90764902303388,0.02049322239997381,5.810713263201598e-05,28.350159,54.581585,85.03428,SER,3.4423146
195.3664126829028,27.88986471083194,0.01837348048628608,5.31460007343868e-05,18.76948,32.22786,37.176933,EXP,9.432
194.6879853476157,24.6472483940176,0.07213507655658351,4.705473661193522e-05,10.351593,21.448666,35.110313,SER,1.2481723
193.226779642747,28.37612293846117,0.02278484550710621,1.732757420444219e-05,0,0,0,,0
194.1599885693342,28.1062719465468,0.02161049877167823,4.83956135678729e-05,93.45974,169.50206,262.0233,REX,3.370891
197.8365531715887,25.57302595613892,0.04488233723783364,8.843748375474297e-06,16.215317,22.231834,26.01566,EXP,3.4149592
197.5995121109718,26.26672959069216,0.0592447815395529,1.42879017882608e-05,42.663326,92.98839,144.17206,PSF,0
193.562713406037,25.97022431264882,0.07917147856037729,6.13135380045139e-06,7.3212523,13.427557,20.035627,REX,0.6960695
193.789484813891,26.50325718899799,0.06928925450444377,2.345525264957187e-05,0.4283807,0.6418705,0.95697147,PSF,0
193.9928313300065,29.47200737437201,0.04522546062495014,5.713257095124212e-06,41.184227,61.063564,79.166885,SER,5.4940248
195.9743197567592,27.82194505203934,0.01659108215975192,1.779935614737384e-05,68.71331,133.18625,217.37952,SER,3.3698764
195.0669379900132,24.31981192523421,0.07546502788202908,3.193115964702548e-06,5.271716,9.391406,13.807791,EXP,1.0575678
196.3367188685284,24.77394687664554,0.07412195260705699,4.737662084275664e-06,31.90447,62.99344,110.034164,SER,1.9800291
193.8792385884313,27.79600674781589,0.02490327629128765,2.427280779645192e-05,32.268578,64.25687,105.17747,SER,1.7231762
195.0764048964019,28.05930632701138,0.03336125908345842,4.218773424589546e-05,67.98718,121.88259,174.19736,SER,3.2452135
195.7908621331565,28.49110212351163,0.01773893971407708,8.360972918986863e-05,0,0,0,,0
195.9931792273858,31.46929889875242,0.06775664748164971,7.011057521668573e-06,17.098333,26.414907,35.49281,SER,3.011629
193.0881233264116,29.00847893312566,0.02156078097116015,3.021061942242283e-06,27.71608,31.069302,30.413246,SER,2.7433147
195.07097767202,28.0639089582404,0.02052143295650357,1.093125729791435e-05,408.86237,857.82306,1538.5327,SER,3.289347
195.3069668620647,28.08310783503387,0.01942995347740501,1.761121373225715e-05,85.06602,165.99341,263.35788,SER,3.055032
195.7516839304113,28.162738517898,0.01915158771579352,4.966221362574745e-05,24.709873,45.64857,68.03915,SER,1.5959016
195.0593881500613,24.38235038619441,0.07441044043134337,2.085577561419637e-05,50.269615,115.722046,186.15381,PSF,0
193.1655808544324,27.59015903903261,0.01793850951404708,1.757391979224968e-05,81.22969,112.358986,137.54135,SER,13.8336
194.2091778555678,27.09065113687728,0.02368789103002905,7.246907745415713e-05,0,0,0,,0
194.110969873836,27.83066105985847,0.02093865651605339,6.641696149501208e-06,1071.1791,2270.456,4003.6155,SER,6.0278068
194.3277572636324,31.26642794811332,0.06756056584955203,1.772658411923935e-05,56.53505,134.53593,276.17566,SER,4.436436
193.7953424974211,29.57826353972787,0.02488779496544257,1.589031221164277e-05,0,0,0,DUP,0
194.7501725383861,29.18384817902821,0.06125543947564305,4.368596766254497e-05,15.11914,23.34153,33.625862,SER,9.167917
197.266113216099,32.06792685811431,0.03719612571944912,4.340729588851127e-06,86.11683,131.856,178.1555,SER,2.1467803
195.6042864038618,32.42569455032268,0.02508291704515722,5.814922464687243e-06,64.97058,108.34944,146.2634,EXP,5.385794
194.9954466283332,24.40721387714993,0.07381146801632503,2.603065408979878e-05,14.96579,30.169184,49.270878,SER,1.832026
194.4733328490806,25.13671171445103,0.07718015943376197,1.863763045578147e-05,0.31553516,0.367662,0.49794182,PSF,0
194.6660859283836,26.75938494762947,0.02486516333174035,2.16830671381118e-06,257.02274,344.96765,409.062,SER,10.847438
195.2349791990268,32.11605421672373,0.04595054990852276,1.081628652289996e-05,64.317474,100.40946,132.65149,REX,4.5434146
196.3090021079347,31.99970950135382,0.05190363980747047,7.597711698501307e-06,1620.8446,3521.4026,6935.0747,SER,22.174044
194.5097631221413,24.65419182438487,0.0721383381967764,9.100404105997243e-06,14.11303,23.134619,33.168488,SER,1.8212134
196.8039255712215,24.93227319547326,0.03433448757995383,1.210814669734179e-05,49.778732,80.57721,113.88709,SER,8.029111
194.6329229518693,27.25226680858727,0.02541547406135026,5.904584009421858e-05,13.386268,25.02878,36.509933,SER,2.8741663
195.9786440494987,28.18758130810876,0.02293937116994807,1.054975938379328e-05,501.1831,995.54266,1662.4958,SER,5.8907437
195.6729973732079,29.1239814326431,0.02526744395428022,1.659115260949531e-05,26.308807,36.08122,43.767876,EXP,3.0493348
195.8330495495413,23.94251644537043,0.07546939046999819,1.07414417520475e-05,93.78995,205.75964,357.8659,SER,2.503872
195.8266734218118,25.2898454325707,0.07130119966112108,1.611341430118753e-05,185.71516,410.94394,737.80835,SER,3.9464288
195.0229754518783,27.80761320822267,0.02198188806977636,1.049510433290518e-05,650.9993,1407.659,2451.6772,SER,6.610039
195.2880299123423,28.24001657941814,0.02165777056626721,7.28603415040344e-05,18.04245,30.375761,42.494625,SER,2.9315512
194.2298352208873,28.89929549203401,0.06725372573216988,1.43731381064342e-05,18.454697,39.69532,72.55513,EXP,2.9486153
196.5568651204198,24.95041482087581,0.07886683087802294,9.790326807549487e-06,10.178909,15.7175665,21.885351,EXP,1.623361
198.218886874481,25.38675367752082,0.0633038525009884,7.379352248585072e-06,6.8665166,10.5124655,12.595769,PSF,0
194.6630241158446,29.02615826312675,0.0245062777149168,6.770240478690771e-05,42.480354,75.8289,109.67511,SER,6.7557244
194.3480302652525,24.50531600465078,0.07442116473725366,2.305467336581303e-06,61.34622,120.24764,202.22728,SER,2.684377
195.3605121530113,24.77472272190587,0.07748929960063565,8.42985797619611e-06,5.9458046,8.908012,11.455619,REX,0.55891424
194.855583924159,27.9344938290627,0.0253414587111438,1.774506443837509e-05,138.12914,275.99875,438.73093,SER,4.253311
194.9893927090442,27.93245689223536,0.01527292290800211,5.947407279134259e-05,33.130024,64.4306,101.41449,EXP,4.4670253
195.0263570682681,28.253866396166,0.02110976902429785,9.856627019561606e-06,1.0471408,1.235984,1.4721669,EXP,1.5705416
194.2975397314568,31.65942248590094,0.02395871358835368,1.137409688155587e-05,13.125469,19.510021,24.686743,EXP,1.7099876
193.5239694173298,24.69072429491452,0.02495310463195459,3.163835806482009e-05,21.780443,30.639858,39.110455,EXP,5.8020597
195.7387782507706,23.8579787499973,0.07342937514241743,1.31686862873495e-05,6.057973,10.758282,15.848272,EXP,1.1944948
194.8025912599364,25.00399209841778,0.02588839748625265,1.009706979192892e-05,93.41001,132.67542,164.81236,SER,6.0167484
195.8908614734788,24.81270522612575,0.07437429322690221,2.246222977623338e-06,6.381843,8.404476,10.950797,DEV,1.1494039
197.8685872808126,24.82708121166306,0.07156663966613752,3.187618667091225e-06,21.543512,29.729153,37.746338,SER,1.592327
198.3747620693483,25.32340876176166,0.0003545362563360444,5.26223183152944e-05,5.416294,9.867002,12.71577,PSF,0
196.2127494778318,25.83930368369499,0.02427865971849082,8.663326637055357e-06,304.10883,623.3082,1041.9058,SER,3.7718837
194.8150672694534,27.80885903395765,0.02264134247806783,5.345717073911824e-05,26.633375,50.64276,77.4825,SER,2.6969192
194.6379109321597,29.87635728366886,0.05545253076763829,3.207924106760839e-05,0.6367954,0.73494136,0.9866026,REX,0.3420887
192.4220072253934,26.00213613481544,0.06894410554757494,7.489591562745148e-06,18.250675,28.795485,37.120876,SER,2.449418
195.5580761047573,23.96551046307071,0.07288501554427239,2.783786180914481e-06,114.58902,235.6777,418.71628,SER,3.5885322
194.0246787331149,27.67988589373928,0.0165706848502173,4.30079317162297e-05,0,0,0,,0
193.6231261316582,28.77893924825845,0.04364875500831717,2.852017850915086e-05,132.2636,272.3869,457.71976,DEV,2.046107
195.5906710729876,27.01735725200452,0.0003052151391941037,3.773456167912127e-05,2.961221,3.3636296,3.219644,PSF,0
195.5902220286966,28.25595334696683,0.02268333879833356,3.429852339702481e-06,709.3576,1503.7399,2691.4348,SER,6.2941155
196.3487046749825,27.10158244014935,0.02420286494186664,5.508647958534915e-05,79.56958,132.65337,186.34412,SER,6.215493
194.8425867562426,28.80465929676925,0.05741465948516916,3.429468627276565e-06,57.543846,79.41718,98.19889,EXP,3.863586
195.9989317487684,24.79752322536106,0.04513566903698017,7.851167530322809e-06,314.72324,627.0204,1100.9952,SER,5.4630704
194.1812816544547,27.03474277841456,0.01868891118650264,1.497232713954199e-05,310.40823,609.24005,1018.66156,SER,3.6141074
194.3104642607128,28.33923266348016,0.06804395209750685,1.197139987532677e-05,15.48419,25.53016,35.35349,SER,3.0730748
195.0420443327832,27.95810357820055,0.02106932427798866,4.318598014800493e-05,0,0,0,,0
196.1516399609434,24.23943296988999,0.03949193204053972,6.919693556809404e-06,0.56024987,0.7122719,1.0844414,REX,0.478342
193.7488756622834,28.11483130850571,0.02729125261442938,5.090006380450265e-05,0.6804582,0.940932,0.9579863,PSF,0
194.9834357884695,28.03472032021359,0.02721086129309603,5.507122150950674e-06,1150.9487,2546.945,4642.7886,SER,5.6634154
194.5706897073303,29.118695147981,0.06156672803819765,2.903714036545772e-06,21.529188,26.932121,29.375961,EXP,2.1685443
195.4305115235688,29.17837474808943,0.02345056284382696,1.463932120983415e-05,174.56018,332.21405,548.8782,SER,4.7471914
194.6000697427502,24.88288590874428,0.07836303017052759,1.33170193956394e-05,16.967236,33.420006,53.356205,EXP,1.1226076
193.637299760898,28.37675564380782,0.02345580397320664,1.617683463743765e-05,0,0,0,DUP,0
194.7462554918089,27.59999125975479,0.02222186811772905,9.840561032471146e-05,14.9524355,27.578316,39.74526,SER,2.9980564
194.3940737736759,28.16547628765878,0.02110274377270338,9.35505472721756e-05,16.253136,30.929914,46.95713,REX,1.7350523
195.3824694728816,27.84757456590944,0.01821106926943885,1.687696872323838e-05,0,0,0,DUP,0
195.0776258986108,29.55143609436614,0.003271275793332823,9.151808285849306e-06,22.862684,24.567411,18.717524,EXP,4.8036203
195.6322985459266,25.13761966932761,0.04509450943395667,1.347295159637674e-05,11.389914,15.647164,18.836279,EXP,2.0679073
194.2959500143295,27.5607867059007,0.02416140227506791,4.170422218275944e-05,31.944574,61.747093,98.40875,SER,2.9295955
194.8182987338809,27.7717675015023,0.02117806979249683,2.738734344889191e-05,18.314493,37.45141,64.25116,REX,1.1503685
194.62587898639,28.01473093793005,0.0238844190877707,4.807116853157132e-06,1624.3279,3404.713,6035.0015,SER,7.6976886
198.6588432828613,26.49188713428869,0.07039294478450715,5.163229228675913e-06,50.862206,97.81336,156.26646,SER,2.9961429
192.7532093544094,27.47572698383444,0.02265631020265026,2.181220460788627e-05,43.559196,83.74555,127.88197,SER,2.8246906
193.2726495904067,28.0651704409749,0.02568011699800438,7.734121083670029e-05,32.281143,59.893238,87.83155,SER,2.3021724
193.3718338902529,28.51328918131368,0.05734518699298857,2.018138334857233e-05,2.86931,4.3149295,5.6804857,EXP,1.6081305
194.4378981163468,27.42920109995873,0.0279519994565495,4.413215401875209e-05,0,0,0,,0
194.3565129132976,27.65782332115737,0.04110529229757669,5.820869241172219e-05,0.36184704,0.43487033,0.52083486,REX,0.32085142
198.3466890391063,31.94841319243486,0.02418109300327795,9.371542119537442e-06,15.68436,20.799702,23.913328,SER,3.2761352
194.4911790267685,23.11185622172805,0.06913783240964204,1.003316196241226e-06,90.973854,124.909645,154.14693,SER,1.4451692
195.1701535214304,23.80133957352338,0.07397918975984191,2.675801447485562e-06,181.02943,281.62527,383.22388,REX,1.479045
193.8018835696585,27.98442313650889,0.03441126204053339,1.993914478910838e-06,11.350083,15.897659,18.802357,SER,1.5417647
193.7313992202627,29.35430070095195,0.02221629358800156,9.314339542524065e-05,9.926694,18.333988,26.355206,SER,1.8626336
194.7568100790211,27.53694275427289,0.02857155529366447,1.652465842006154e-05,243.83104,468.7951,773.8051,DEV,12.012547
195.3608074189933,27.64364010444369,0.06824800551646239,1.530554110326259e-05,74.391396,150.23138,266.4774,SER,4.426128
195.2630732161067,28.0262647461671,0.02003072530550204,5.102403554023589e-05,13.341874,24.30067,34.81297,SER,2.0979376
195.8112423459884,28.03168174526136,0.01993644444272726,6.030605177020421e-05,0,0,0,,0
193.2619722479936,25.59183880152699,0.05978154863897532,2.090930521945168e-05,23.05078,36.21815,46.754692,SER,4.6973543
195.9116984503,23.68146178343985,0.07346858056663909,1.277191762929072e-06,62.933548,117.657646,180.44075,SER,1.4449123
195.0524831091323,24.37323509792082,0.07586753591654131,4.653940766697907e-05,11.052981,23.332047,39.065834,EXP,1.0020639
194.6025416951693,25.34854772759617,0.07741311787769255,5.820211761526254e-06,24.109116,32.91104,39.56273,SER,3.4851608
193.6916907190315,28.94986612572512,0.008757480443768218,5.98894346428832e-06,23.341364,23.832348,16.48201,SER,6.6586647
195.2742538474406,27.70887233223689,0.02918995619615418,3.286965091903407e-05,45.024437,84.439674,128.44812,SER,4.159306
198.2797252976693,26.5077209555547,0.0145310869546628,1.038529449184134e-05,23.74442,28.188261,30.190342,SER,4.4401526
194.1467841072506,31.84469808888307,0.06686928113978709,1.307604587697859e-05,86.79881,149.21748,224.55748,SER,5.553752
194.3957674760097,31.99722024048947,0.01934124514047782,4.062144896143203e-06,16.786634,19.882113,21.408077,SER,1.3723081
195.138477841488,25.21088877616168,0.06062407340875844,8.459300594994615e-06,0.43935016,0.33200416,0.67571455,REX,0.3126773
193.8039767730503,27.77988923387483,0.02640558225181515,0.0001046753461345263,3.6859877,6.4568386,8.534834,EXP,1.1940488
195.2577287058741,25.81774288046513,0.07531926808372968,9.316195195743289e-06,34.606144,50.628674,64.634514,SER,3.9860907
195.1716784034114,28.04512299809184,0.02879326627752369,3.676248775957318e-05,60.97842,123.319984,203.3253,REX,1.5816249
195.3402209041709,28.29731558159999,0.0212478758896703,3.541670408341313e-05,11.652326,21.614609,31.298908,SER,3.4062653
194.8591962819721,29.14624506695831,0.06138807516632364,6.585757517917153e-06,242.01114,394.6332,569.39746,REX,4.0384374
195.3370231318668,29.08067907794149,0.01866208985062284,6.22643592084363e-05,6.724599,11.606754,16.151634,REX,1.3445057
195.0368731554678,31.57176241085605,0.0514145430160035,1.628818095171844e-05,156.19508,351.27063,683.84814,SER,6.9469457
196.9511413425111,32.11800816334173,0.05185936447597789,4.484106087075787e-06,81.759674,139.25917,211.76395,EXP,6.988257
193.9447768266931,25.90402277214624,-2.415516306268577e-05,5.188538747868922e-06,0.4363789,0.39067897,0.52473795,REX,0.4986495
191.5395362241663,27.55670078115271,-0.0003311720582199432,8.382455338397237e-05,22.597157,30.384575,32.765385,PSF,0
194.8265116801026,27.71576428999683,0.02228447678652094,2.27789756589799e-05,98.804,194.0801,314.62634,SER,2.264091
194.9618667542909,27.83107764877132,0.02651378819859605,0.000104944890544126,0,0,0,,0
193.7083983747006,24.39805385331013,0.07411421550211265,2.840845378599851e-06,13.625065,26.817186,45.180626,SER,1.1625971
195.3305257388849,27.86051812776958,0.02742376186551829,3.310135544045147e-06,107.00592,162.69016,222.64699,REX,2.4885738
194.6260622167662,28.85886476793995,0.02669045163283998,1.531982046790264e-05,424.98694,890.91833,1566.8663,DEV,8.200143
196.0713896482697,31.93443647483011,0.07460786630254675,2.018468511561716e-06,0.9751412,1.0821338,1.1539865,EXP,0.35765517
193.4353335331164,27.82155600302737,0.01641191158547289,1.88601798748528e-06,70.72432,104.917366,134.76999,SER,3.6686585
194.9975765002629,31.74794218403558,0.05504673857507809,3.384986067731627e-06,9.096516,12.501091,15.224578,EXP,0.6933302
193.091945024983,28.06610679340773,2.199976896006805e-05,4.91690569627648e-05,28.805815,37.307785,38.722637,PSF,0
195.6556486296439,27.17612281871635,0.01831748773396067,1.599981584951957e-05,0,0,0,DUP,0
195.0649138111921,31.44221317519257,0.05221987185804462,2.34747064020227e-06,91.68773,197.49033,339.26666,SER,1.5286726
193.9192437080677,25.94307402596579,-2.152028786609552e-05,5.691750711496987e-06,0.49419942,0.60004675,1.3151966,PSF,0
194.6724662545467,27.8282411574072,0.02620838300282767,7.462447879062634e-05,18.329195,34.94537,53.480465,REX,1.6988255
194.2975111460721,29.04502719596091,0.02506127770151267,4.89145279413456e-06,1769.9539,3687.5132,6566.6074,SER,8.901316
196.0030794147308,31.33785360654948,-0.0002845845400087701,1.084445823918428e-05,3.8985906,0.012913623,0.5005302,PSF,0
195.761148105066,32.31818905108089,0.01830652052162716,4.917146812524766e-06,42.43863,60.82017,73.644005,SER,3.5051408
196.1471684457009,32.66624042970867,0.07700250931112436,1.203889515491562e-05,52.07203,134.18933,265.89172,SER,1.150487
195.97383321516,23.67398008237554,0.07344373810444782,2.145676162690701e-05,17.468548,34.15377,53.10122,SER,2.3143606
195.7064242806887,24.43695141963925,0.01472823110629935,9.497401152619202e-06,5.873743,15.766223,29.162573,SER,1.6260076
193.8173208606356,28.28092386360801,0.02236574401940199,0.0001613520694166461,8.867073,16.568602,23.817999,SER,2.2551892
194.9557250172659,26.82261343195733,0.07876971751837443,4.174119177537275e-06,35.39508,58.89886,83.2923,REX,1.2311038
195.4975865991315,27.34069541256262,0.06644486964638843,1.426871278716946e-05,126.376,293.24594,539.22876,SER,2.8583632
194.8921954961206,27.94689244215597,0.02399606144159045,1.6673784903331e-05,0,0,0,DUP,0
199.2891121119686,27.07803331236711,0.03468071888755284,1.508632257175083e-06,0,0,0,DUP,0
194.0602808168818,32.23433320449962,0.02275823429884606,3.174226064616728e-05,20.480465,29.787037,35.970776,SER,2.7632296
193.8242681263474,23.50021191718418,0.07409745596947599,4.564136428064804e-06,0.8637717,0.9729268,1.2696525,EXP,0.7338843
194.992450858172,23.99608926388264,0.07421207513935406,1.025809361103601e-05,42.40808,63.329678,85.84996,SER,5.3069415
195.9071221980945,23.93420388266006,0.06848612650872872,7.268030993682124e-06,0.9196063,0.9731139,1.2145028,REX,0.46599007
194.840489307914,24.99845587991465,0.07565458018904811,2.676656814091174e-06,2.0953653,2.565988,3.2606585,REX,0.52751875
195.1214833980636,24.45007542557647,0.07038604121304749,1.131008890829131e-05,27.72447,37.45649,48.663906,SER,5.4276257
194.1923309001752,27.817900508114,0.01927505277329588,6.113492450190485e-06,40.65242,57.114765,69.52396,REX,4.336505
195.994789398493,28.21219873480441,0.01979576658475637,6.100703132331755e-05,12.744357,22.58859,32.68645,EXP,3.2667947
197.6731458657368,32.2275089324931,0.04963802389152381,5.226624281738323e-06,36.217216,61.779514,91.10806,SER,3.7587576
197.816660922508,24.37713168444817,0.02357224435452343,2.490029064979806e-05,18.376783,33.072216,47.094555,SER,2.818042
195.1215694290527,26.67536135844237,0.02407124246448234,1.357446148719929e-05,0,0,0,DUP,0
195.1094385419441,27.4597476517591,0.02316786563600644,5.731595539895922e-05,37.7901,57.371624,74.97416,SER,6.116044
194.8733703312309,28.00636356236877,0.05749808875148416,1.207038881074753e-05,12.267825,15.72187,18.312273,SER,2.538608
195.0333214152016,28.0785823412055,0.02421422062897712,1.414469654462044e-05,0,0,0,DUP,0
196.0746983661352,29.02951484384429,0.02280589974651,6.115060158474577e-06,1023.3655,2087.4668,3600.6348,SER,13.193689
197.5203938645783,32.33388934627002,0.06176394943709475,9.923054568235574e-06,226.15848,436.4728,739.1191,SER,5.9598694
193.5193862601535,25.53792487065797,0.07104098974408778,3.781913585250701e-06,5.4544163,8.939974,11.419485,SER,1.6764455
193.8623329014461,27.42253597487805,0.02393481322938387,1.782392596604389e-05,70.69744,143.36621,235.47838,DEV,2.832645
194.3072492525171,27.22451358982982,0.02339577745999697,3.717888146562123e-05,37.20229,72.71647,111.6446,EXP,3.6174726
194.7517163351239,27.64399550931732,0.02669278967021891,2.397234228331934e-06,28.998056,40.06327,48.414215,EXP,1.442469
198.6512207146538,26.11269397197809,0.07346152914539127,1.229843750594008e-05,43.090992,88.52151,168.11264,SER,2.9186518
197.0098561995727,31.57629889997892,0.02608789303451846,6.958881622894012e-06,44.359344,58.9272,71.740974,EXP,3.9611292
195.7618507216126,23.63788491318608,0.06308237903276928,7.135806373028473e-06,44.013054,65.55161,83.14492,SER,3.9962015
195.1884072791139,27.9208590416346,0.06128410083006533,8.592017608928411e-05,0.5426035,0.63208216,0.7843692,REX,0.32568043
196.2651915831277,29.16199947059977,0.02528607644029156,4.163694879215347e-06,43.47101,64.38018,81.7252,REX,2.0618198
196.1316892083462,32.82321635985736,0.07740828468109513,7.866337396252752e-06,7.0839267,15.911288,30.061256,SER,1.1668268
194.6738954912853,24.2307573425389,0.07286049898156587,1.534560038807784e-05,5.92644,8.568576,10.481987,EXP,1.4891437
196.0238863852414,23.84788441695239,0.07422243952502879,6.559223734798504e-06,34.146973,52.392384,71.405174,SER,4.573976
193.9065916867035,27.34140543144014,0.0245327285465413,3.574208629153592e-05,30.795664,58.964718,91.4909,SER,2.1855352
194.5284635474361,27.57687825185999,0.02505496398570596,2.694695808412635e-05,218.48758,436.9741,720.5662,SER,7.2764874
196.4712089806735,27.55208169092838,0.01878150059007596,1.13180000248582e-05,579.01465,1103.7766,1782.494,SER,8.555253
195.5089352857733,31.476769260462,0.05207032102701818,1.785885612500627e-05,16.510933,24.435999,31.999048,EXP,1.9147328
194.5312809826657,32.23344138582863,0.05184254946264038,2.94677310257754e-05,19.956772,34.261677,47.716904,SER,3.8974605
196.2672064143806,32.5912329203339,0.03181257118582998,1.603273922960288e-05,17.17561,26.73604,33.776073,DEV,1.683981
193.8240993640509,25.92321131454335,0.06878301278889197,1.397293111885072e-06,7.101257,9.147035,10.537419,REX,0.34957743
194.7302581329134,27.96470292778098,0.01891246312955472,8.78077176536501e-06,373.62457,798.53534,1424.2012,SER,1.8115988
196.9680910393259,27.50677652762007,0.0656644744631315,4.115504141650888e-06,54.32879,88.331566,126.64337,SER,4.1576195
194.9998172030295,28.71113998989052,0.0198269827577695,0.0001011195948725613,10.081453,18.554035,26.566488,SER,2.0520844
195.7588782176283,24.66104802104318,0.06155410027187842,3.251092626121679e-06,51.06834,75.03414,95.60346,SER,3.8153665
194.5116843698083,26.86142818882349,0.02414220304019599,5.701221678283198e-05,6.128301,13.322794,13.621866,DEV,0.36747104
194.1871895949392,27.00856167210567,0.0002561805422152735,3.407232077918132e-05,10.990408,32.65125,62.62285,PSF,0
194.9151353725324,27.57810122405592,0.0166441126175031,2.038043285501248e-05,0,0,0,,0
195.0237154639506,27.92649019313357,0.02646056478353468,6.854730221615781e-05,52.253082,90.20079,128.7427,SER,3.7198396
194.4767380441217,24.49636816097845,0.07396681395456592,2.710365615340839e-06,53.2921,70.57245,85.608536,SER,2.80096
193.5311388572832,26.19774104930567,0.07956232746917426,3.901632455963102e-06,1.0995675,1.5184709,2.2145128,REX,0.30393958
193.2814047961169,28.24124398765737,0.02345556768407536,1.417964218491028e-06,130.8935,165.08266,193.64375,SER,6.3932204
194.5146075266293,27.81497017123981,0.02384343048247449,9.0765457897374e-06,651.9344,1361.316,2413.2424,SER,3.5354495
195.1390451066682,27.8242570789408,0.02734467019496805,1.606666833839416e-05,218.54341,406.00906,633.7844,SER,5.3267775
195.7769979139618,31.70057247470032,0.05900650465600696,8.96962477048239e-06,14.303317,22.670197,31.003393,SER,2.0991943
196.3834888131432,31.77313683308861,0.06210420404008513,2.578995771084571e-06,39.49469,75.019875,123.31588,SER,1.791314
193.8438574648683,25.59322776556565,0.06048664793627933,7.959269118474367e-06,1.127911,0.9586517,1.7734652,EXP,1.9120344
196.1992120326537,24.80531229401618,0.07920615490348538,8.604993634259854e-06,2.1054559,2.3470833,2.805225,REX,1.3248215
196.860950395769,24.54091434554809,0.02427931629323825,2.394071906016915e-05,16.161087,24.142128,30.290936,SER,3.0150585
195.0052729716828,25.82874062911742,0.06972267915907059,1.593673070032372e-05,3.128469,4.7096305,6.429047,EXP,1.9346343
194.2681118441402,27.52594417090943,0.0277717877496273,2.078230102931024e-05,185.11218,368.95667,611.92255,SER,5.3283267
195.531497440639,27.9302813476125,0.06237555402609291,4.548225018289666e-06,9.87439,14.407012,17.415483,EXP,2.4380946
196.0076968200501,29.14212309403769,0.06172968371671323,1.595863782267576e-05,13.077681,26.188929,44.703667,SER,2.216259
194.666763307836,31.98354000192628,0.0529909497342758,1.201614171863717e-05,10.126403,17.50107,24.809143,SER,1.2976905
195.455550919746,23.9550208196429,0.0731107242903532,2.978875570618907e-05,7.107235,14.846705,24.315577,SER,1.1334056
195.7611508978481,23.80847604469595,-0.0004374884935365848,5.709623256312737e-05,1.9263645,2.7281423,2.7457197,PSF,0
195.2402532072836,25.76711295954366,0.07726271165533802,3.839669254469672e-06,13.347629,17.29876,20.559374,EXP,1.8366187
196.117598812996,26.67193530972952,0.03602789004636534,4.125437848690326e-06,1016.2207,1974.5718,3405.1467,SER,9.702343
194.4780398392538,27.61595691056926,0.06785482971440039,2.583799162883127e-05,0,0,0,DUP,0
194.896571366182,27.93475295802736,0.01505506917949531,4.314492250060771e-05,42.176666,80.80147,123.106705,REX,2.17361
194.4844927258838,25.42007539070331,0.07816376158901904,1.310657561004928e-06,20.049335,25.1302,28.643991,EXP,1.221775
197.9554793621528,24.35400931165346,-0.0001381412325180227,5.106545184513433e-05,21.491533,29.47903,32.031788,PSF,0
194.2715480807672,31.16603656097077,0.06811830988053473,2.471629658915967e-05,45.34591,101.056305,180.3448,SER,1.4188021
194.869726998431,25.03943157677039,0.07010904638924528,2.044555513911654e-05,239.02733,518.47473,921.4405,SER,4.5055037
195.9698296168315,25.01194361265255,0.0535987735525929,2.133027526567988e-05,0.9112365,0.9692699,1.5186546,EXP,1.2975696
193.9923362644905,27.76046844315862,0.0224830330144759,4.985915811868541e-05,34.926792,66.20536,100.393196,SER,2.7388504
195.0097833117978,27.71968619413358,0.01881613114466042,7.812798365999278e-05,23.653027,44.96822,69.94336,SER,4.5310297
194.5119777789248,27.97837792993861,0.02193227112826032,2.870849454001721e-05,83.96886,169.48941,276.14175,SER,3.3307993
195.9616343073349,27.98839195774667,0.02122675009053115,1.441995669607046e-05,0,0,0,DUP,0
195.5301095483929,28.47661453359432,0.0354263448401665,7.505123957380415e-06,11.453011,16.175833,20.427456,EXP,1.5746611
195.1151614740385,24.35326515082219,0.07693925816827653,5.417658594622665e-06,12.463786,18.510038,23.443243,SER,1.538426
195.8820670877386,25.45769442425209,0.07327513482247726,5.020240277365023e-06,16.621023,32.93783,56.15212,SER,2.410483
194.7269343339597,28.22300839026225,0.02365836577502621,4.930315734345369e-05,56.63525,109.019806,169.58647,SER,3.9260807
194.9062248217126,28.1661288208794,0.01912856018833843,2.017563293524726e-05,166.20863,324.07175,541.8408,SER,3.3471541
197.7295403367139,25.67307018955267,0.07219481474773258,2.576456124294133e-06,14.00038,17.89014,20.176983,EXP,1.2070072
194.7210198372451,24.11468517564666,0.07645958055857141,6.302452832221382e-06,47.226387,110.03959,215.60518,SER,2.7659433
196.174774695966,25.26884879126532,0.07349537307364862,3.388067082412105e-05,0.40804282,0.52522075,0.7172767,REX,0.36089227
194.6592794453913,27.01407824292752,0.02315895966847899,1.50438929270277e-05,0,0,0,,0
194.5547997307955,28.94537588451069,0.0261821054668967,2.787573526618308e-05,89.799995,169.9312,274.79868,SER,4.1326647
196.1059076962615,26.77191021459071,0.03821602792913081,4.857489486043611e-06,36.120083,52.250607,65.4772,SER,5.3158875
194.0594235627177,27.81557677007449,0.02227987418144346,2.998380565272259e-05,60.700394,120.411736,193.80045,SER,2.3296592
195.1183022955378,27.97246472103834,0.02573892427747992,2.169521170291029e-05,0,0,0,DUP,0
192.1539588040563,27.36643406494504,0.02664005509135134,5.099695332886938e-06,75.65433,135.6186,201.05951,SER,4.4354424
196.3055581776687,31.87945126299684,0.05226887125510946,6.176604734450809e-06,22.472227,35.725834,48.95334,EXP,3.252622
193.4212268285344,24.03247664997429,0.07730058165938371,9.331327237641123e-06,0.46475056,0.54377335,0.77790934,REX,0.26645717
194.4449866801066,24.27509223436961,0.0745350165408891,6.734508604288215e-07,86.93125,114.304,133.62294,EXP,3.505118
193.5947458342346,27.74447176181937,0.02377498111463755,1.408988936160456e-05,146.52547,283.04175,451.3262,SER,5.279589
194.6593065569699,27.01407442881659,0.02315708481136417,7.656977821499224e-06,0,0,0,,0
195.0397317701021,26.84358516406537,0.02466889801613906,4.52038311640394e-05,40.296787,77.68897,120.049644,REX,2.9021406
195.8999153052987,26.48435589776496,0.03595108326033555,9.990603340722768e-06,16.47638,25.526876,34.5105,SER,2.620993
195.0731306155858,27.78443127533242,0.02323594340479061,4.579854367385893e-05,54.78622,104.33948,168.72081,REX,3.2929218
194.785635875937,28.72813001631268,0.02375436434926418,4.517564248235939e-05,175.19315,325.17352,497.1232,SER,7.859675
194.0399873428198,31.52788737061269,0.05601158872503148,3.81619427565662e-06,12.56382,16.71539,19.383835,SER,1.613241
193.8925080547965,25.86446226121745,-3.358114951427453e-06,2.983725067413042e-06,2.7606907,9.494587,25.052076,DEV,3.8476677
194.2927533507875,23.73719567257069,0.07416464745441549,3.259582664897119e-06,27.9056,39.927128,52.00178,SER,1.5661292
194.8465060943022,25.07630113372537,0.06944895945929372,3.988079078002621e-06,0.9198347,1.120441,1.3811288,REX,0.42366332
195.8991218387437,25.2434687758669,0.07381672577735886,1.122770845620969e-05,15.618531,23.93396,32.363266,EXP,2.468345
193.4353060971328,27.78027884027987,0.02230804821930468,8.434754696530338e-05,0,0,0,,0
192.495744914119,32.39079845483099,0.02277573251684907,9.987462667156412e-06,0,0,0,,0
194.046673043455,28.19053689155918,0.02874499454262143,5.132173862067259e-05,9.095564,14.493441,19.523392,SER,2.3984761
195.1018963028309,28.5391752509212,0.02193761608813169,3.350564710929335e-05,26.476295,51.026318,78.74985,REX,1.688539
193.7197963313434,23.61753275158141,0.03811696803024776,2.131239766592599e-05,1.3410631,1.5188608,2.105166,EXP,1.2768006
195.0715459308061,23.71333073025648,0.06303253237560791,3.31496945633607e-06,6.1373343,8.332943,9.889956,EXP,1.4231347
194.0287677020954,27.33254863747286,0.02692320854557376,6.150966411430445e-05,105.09869,204.77037,319.15927,SER,13.624
195.2402717753088,25.7671181001588,0.07726413745301455,2.477924533174709e-06,13.347629,17.29876,20.559374,EXP,1.8366187
194.1785919691215,28.02047248514947,0.02094133853388106,6.689649859611729e-06,1347.322,2874.6343,5187.2363,SER,6.0399013
194.4584202226873,28.16884476547023,0.0231713279781751,2.345890413285965e-05,1.7686098,2.0429177,2.4593468,EXP,1.5655944
195.0945772821403,28.5744617904843,0.02157904707921832,5.754407515927337e-05,189.69385,371.038,601.0888,DEV,10.900066
193.4336207623462,24.57302581910366,0.0701628973112692,1.068454843505596e-06,247.55399,371.055,498.7667,SER,2.4315665
193.6166770717084,29.50304577269092,0.05703258069108444,6.186070600432437e-06,85.89539,177.24814,305.85284,SER,3.57957
194.8981442547404,27.86418418202046,0.02098124258422371,7.743882001507784e-05,0,0,0,,0
198.1618087806014,26.28478757516784,0.07090979954040111,8.566004905256886e-06,106.39495,204.8312,356.64017,SER,7.780323
195.2463646442936,24.17357557423823,-0.0004071396357094417,7.998107568367075e-05,0.8552896,0.8757657,1.4500561,PSF,0
193.6355128399111,27.76680420991125,0.02560602282022794,4.72278060451887e-05,15.642067,29.207302,42.633636,REX,1.330907
194.0234906379534,28.01882246721116,0.05756786165877918,1.007563596210495e-05,21.02151,38.25011,58.025818,SER,2.74784
198.8105590289183,25.82382694280369,-0.0001017960520247064,7.854228488129167e-06,410.6141,695.84143,837.43054,PSF,0
194.5234286065501,29.01736772816607,0.02566977123238992,4.648264656930109e-05,181.9405,317.5335,464.60303,SER,8.844421
196.088590735684,24.4302400411815,0.025138045297079,3.760738520349622e-06,155.97173,214.02838,264.5946,SER,9.312601
197.0641175266337,24.69524621106143,-0.000815250171402403,9.48551443529648e-05,1.2252922,2.182533,2.6906035,PSF,0
193.9063484385728,29.6384177977042,0.0001069608333309849,3.772652905738115e-05,12.721044,36.410995,73.3064,PSF,0
195.0797446708286,28.87811986451999,0.02486581899417253,4.939877115516481e-05,57.903816,109.36893,164.62071,SER,4.554869
194.5065468217492,27.48966341006196,0.02546853766884424,1.145699781155185e-05,947.74915,1931.8844,3274.9368,SER,11.11874
195.1606567863172,28.01608594394687,0.01879812246653709,4.680228904922104e-05,25.688255,46.47448,103.3125,EXP,2.0221498
195.3980477789555,28.41588159381325,0.01870263820739448,6.294242642047497e-05,36.305347,65.27104,97.92974,SER,4.1160626
195.8448856587789,27.93596136269391,0.02014448948426234,1.231729609109319e-05,560.5852,1126.2023,1910.2775,SER,7.197547
198.0679587108087,27.01533447977371,0.07971244644905374,3.971956224848041e-06,14.395791,20.346428,25.563425,REX,1.1619809
199.3686154456266,27.68929290635253,0.0001261311098876688,4.285848498394539e-05,31.158978,36.692024,35.730923,PSF,0
194.6286741785918,26.9948825731753,0.024872332796073,1.752118902519115e-06,69.34129,82.86011,85.507324,SER,4.682483
195.1505145979462,27.57547567601023,0.01733355667282039,3.131605478260113e-05,20.396658,27.183914,25.402163,REX,1.4378287
195.1872307230445,27.57480876367875,0.0792691476384883,1.234187742586108e-05,7.651076,9.411897,9.729322,SER,3.382483
196.1395314286214,28.57812495885459,0.0179245224938042,1.817407327067477e-05,4.941981,6.7816315,7.9196486,SER,1.6844693
193.5394959931768,28.67470024885417,0.03497050054311174,9.725013981376769e-06,0.65422153,0.7921064,0.9615869,REX,0.6613112
194.5913788554933,27.6206960887754,0.02869684754953419,5.691332111598295e-05,8.608858,14.579353,19.89336,EXP,1.9045117
195.742896864787,27.36370691665946,0.03599023600295579,9.029867641634455e-06,10.269767,12.672026,14.891311,EXP,2.1099398
194.7338944037488,24.0123565736186,0.07425303455708723,2.522342180810257e-06,19.77427,29.78354,39.59839,SER,0.6810362
192.3375804958895,26.38645016376493,0.02197105652347124,3.722847932762311e-06,4.396104,6.801401,7.979667,REX,0.8476869
192.0176729417769,26.64268489371986,-0.0001751461841258915,8.341870937422377e-05,2.704607,0.8560797,1.9919455,DEV,0.7254943
194.5701723191743,27.72967773245884,0.06823004646935486,8.348271603790785e-06,202.98354,409.66547,717.8463,SER,7.328588
195.8485111732567,27.30585873873049,0.01875094034295115,1.569744779986529e-05,0,0,0,,0
194.231917521789,32.44732980494501,0.04481341307531483,9.691023255590034e-07,90.78581,91.10087,85.8707,PSF,0
196.4353890267694,23.99535164419036,0.07768642085774241,1.252144526408358e-05,7.074181,11.308259,16.151678,SER,1.0684806
194.6563696663191,25.52614217365286,0.076851847222786,3.847291312759496e-05,15.993673,30.413588,45.907852,DEV,0.85652494
193.6770611406532,26.57469129702674,0.02288436053705081,5.424553110634969e-05,23.602812,43.379913,63.477737,SER,3.346475
194.3424988688278,31.17317887507733,0.06662861210020986,7.725148714212235e-06,48.296288,83.64406,124.86623,SER,3.2067852
192.6064389119626,25.56771547998257,0.07158148246677465,1.420271254156806e-06,16.7996,25.628061,32.02905,SER,2.0305898
195.5628674943214,25.43855786185296,0.07069557399341969,2.804889426553187e-05,42.094257,93.66525,165.99152,SER,1.5896723
192.7394951687339,27.9805008693126,0.04928054230285015,1.766676073119906e-06,54.12534,102.01284,166.64124,SER,3.3411407
193.3760991574979,27.67523683984048,0.01986049963467492,2.048531107763925e-05,208.9345,427.90283,731.0231,SER,2.8951719
194.1967322837704,26.23964666527676,0.07843183860208629,2.302313922375515e-06,69.49814,110.81926,152.044,SER,1.9130719
194.1604299700477,27.4609685874837,0.02437665051738269,4.937287737437669e-05,24.399258,43.83526,64.90831,SER,6.3230667
194.832026599919,27.96811117676857,0.02788710183868282,4.81789538561601e-05,51.682816,102.522644,163.43399,SER,3.6409378
194.7206745895562,28.23387967342223,0.02030483583543997,2.613975178759268e-05,55.387875,108.87137,176.08362,SER,2.90199
196.0686369285629,27.50637450165944,0.02356865854653973,3.456853362768028e-05,142.72354,281.0741,457.67517,DEV,11.002775
195.4315443699747,28.99598976989836,0.02188856355655702,3.89849060832009e-05,0,0,0,,0
193.9507186204586,27.74110612202585,0.0199628061067929,0.0001102736853757512,9.201973,16.549023,23.392075,REX,1.7987827
195.0732309607737,27.35546624133765,0.02776375770500964,0.0001215553309466326,10.879582,17.920162,23.786625,REX,1.4705098
195.3331974927086,29.56496005943416,0.02716122626170887,7.951205708736709e-06,29.761055,41.030144,48.172935,SER,3.3656633
192.2883438338981,26.07692714861146,0.07681128607621136,2.878330106750701e-06,28.266184,46.024406,64.405785,SER,3.280222
193.7757374418524,29.43513176627638,0.01964789808423641,4.073629701713434e-05,19.747877,35.560673,51.32579,REX,1.3992857
196.6362073701741,31.91236213655638,0.07513045767093374,3.145991518403242e-06,23.117184,30.729574,35.99627,SER,3.0251486
196.149836870431,25.43789972783978,0.03550558797446431,5.560480040430704e-06,29.41889,43.440136,56.814507,SER,4.489172
193.5752080864772,28.38349298161311,0.02148493031993178,3.267227124098647e-05,0.29005003,0.5751551,0.55259246,PSF,0
195.1337858393158,26.9731338528964,0.0785896564322232,2.352460964183445e-05,0,0,0,DUP,0
194.8524380047147,27.51736137282821,0.01968041257781311,5.016980649472316e-06,89.04194,156.0486,229.14885,SER,2.711167
194.8341978900286,28.07430061133427,0.02392189595407486,1.546431013361852e-05,227.0033,459.08002,782.26776,DEV,5.146411
194.633552738629,28.24121769895732,0.02245842605895535,4.249543642943174e-05,29.629787,53.374157,78.50556,SER,5.225091
194.8627077479762,23.91948201303311,0.07508261370145042,3.614134102936436e-05,49.41753,107.444565,186.98291,SER,1.7576313
194.3759718586857,24.49555615545547,0.07485860464679425,2.406084330785933e-05,0.6579197,0.7381876,0.91310203,EXP,0.9344675
194.5569511532699,27.44328916693491,0.02030396295728209,9.453808204617288e-05,12.592744,22.211187,30.224495,EXP,3.3113363
194.6855850625794,28.09306907520423,0.06721095132448304,4.429497954569757e-06,26.05791,33.836967,39.39024,SER,2.7277277
195.2282131386444,27.84205993515014,0.0236544394407915,2.311952189057325e-05,0,0,0,DUP,0
194.6686792915,32.30513608410681,0.05157385616017261,0.0001442843092040724,15.822433,30.483564,46.606133,DEV,3.2496116
197.0572284321051,31.23318028562885,0.02752341242989028,2.141721889590132e-06,14.689932,18.694899,20.50667,EXP,0.986325
196.2133988505694,31.72553544932871,0.06734273179101415,1.93912516075551e-05,308.10004,673.4425,1284.8488,DEV,6.6786065
194.2130608612172,23.99029250623804,0.06386694889418659,4.155206122992536e-06,0,0,0,,0
194.9897668077767,24.70502667078702,0.03706071016175596,9.261652887347797e-07,14.914668,18.663105,21.02445,REX,0.48512483
193.7215599334256,27.88610862815662,0.02481722140757768,1.806613947584025e-06,43.285957,55.24698,62.932507,SER,2.967437
194.1722023980678,26.00015474152294,0.07903687407978999,9.399232321763878e-06,2.4195697,3.069936,4.0831823,REX,0.57941335
195.5740046934617,26.14255105316719,0.02154266567495493,3.321556508723886e-06,172.9398,248.15608,309.99585,SER,4.816179
195.1548111525146,28.66414705842358,0.02361483659441734,1.122211563344716e-06,108.04567,180.12909,251.23491,SER,3.6363146
197.1468477841023,31.68037040379951,0.06127179644424618,1.019208553768777e-05,168.0646,360.12134,681.10925,SER,8.259791
193.7934634055497,25.53800263288729,0.07028994147259894,2.972627332651145e-05,0.68867874,0.6420133,0.7881986,REX,0.2541778
194.3345334669666,23.78201240428596,0.07388411364515421,3.027895410285569e-06,12.818971,18.196865,23.268042,REX,0.82857114
195.661243465544,29.07561718244274,0.02230259786456947,9.476969935067104e-05,57.086136,104.05574,153.5741,SER,6.523357
195.088006258632,29.33692536336852,0.05719686817000146,8.953632572175185e-06,486.11826,988.32983,1656.5812,SER,3.579796
196.0631051955872,31.28688746094511,0.02296833406717533,1.583157657131862e-06,67.804276,92.20845,109.644165,SER,2.5722764
194.2855125221155,23.34578830435029,0.07545171855139425,9.991192023430068e-06,7.9850655,12.367281,15.844341,REX,2.355731
195.9451260805216,24.40378213633183,0.06571716690848672,1.841102582539568e-06,31.846363,48.385914,64.96865,SER,2.1392474
193.9702435734467,29.06551740829308,0.03323667946446909,3.04039973937355e-06,0,0,0,,0
194.627540836603,27.56428767244017,0.02437684220514228,4.489225489766269e-05,61.80895,84.729256,102.73731,EXP,4.879343
195.459398311076,27.62575251524617,0.05821419082909451,1.782424705515269e-05,16.684065,21.067232,24.022093,SER,1.9670135
194.8007020323546,27.88801575798301,0.07951985548272336,3.437482516075274e-05,0.486668,0.5705325,0.6680071,REX,0.51202136
196.2990319540976,27.87925644025577,0.07996725199783901,2.810622567300637e-06,31.76809,46.648354,62.578556,SER,2.2103074
194.1259535626117,24.71462119473248,0.07388107472951873,3.355177451092574e-06,4.7036624,6.0634627,7.919905,EXP,1.452346
195.8625187521602,24.72342681901918,0.0735438794150511,8.128313372805663e-06,3.3248193,5.2197495,7.199399,EXP,1.6836303
194.6544018594443,27.17306702778436,0.0257961518162357,2.233366113779082e-05,0,0,0,,0
194.1452697140986,27.62737604828483,0.02740868569593036,8.815459234224323e-05,20.067204,37.966316,56.824318,EXP,4.1538916
193.1716153958594,27.50139513368382,0.0239184110009833,4.454597174614881e-05,16.560944,31.255688,47.203884,SER,1.4995941
193.2363552322819,28.81208259336235,0.02061655770701572,4.326471045393581e-06,70.86068,108.84951,142.23924,SER,3.0918424
195.0575667785722,28.04545626338846,0.0298036941300617,6.28697399842145e-05,10.837995,21.03373,32.726284,REX,1.3005086
195.1595898514214,28.05475132518163,0.02619589300460262,9.048455362584227e-07,0,0,0,,0
196.3704683724392,32.01878764706255,0.05258156147891656,2.228914762718229e-05,63.12326,128.34279,211.65892,SER,1.8804033
194.0804425032284,25.26398127173755,0.06593630450258046,1.912540211724412e-06,39.661644,63.280052,88.07688,SER,1.6778464
194.3990416951249,25.2737993846329,0.07654649891300971,1.714068888635947e-05,6.124926,9.657011,12.700851,SER,2.0995245
194.0439612764731,25.53826147969495,0.07778964663401412,5.35266333693325e-06,12.333564,19.255573,26.072998,EXP,0.94597423
196.4345485741136,24.80411530311527,0.02549912517028722,2.288592926526745e-06,13.915074,16.205875,21.921223,DEV,4.6635833
194.4406398888253,27.42934865610003,0.0278406427684697,2.068131388116377e-05,194.1619,361.7854,558.0667,SER,6.30314
194.3611436352929,27.84130653559435,0.02066207041894735,6.505323613440119e-05,14.633477,27.05875,39.361797,REX,2.1442869
194.8852580964465,28.59055397046655,0.06176239014556888,3.102558444853127e-06,17.080267,23.113579,28.684185,SER,0.766079
194.1188968574116,27.73355773037038,0.02335536052767106,4.956355138142873e-05,18.405455,34.9173,52.226513,REX,1.4729075
194.7901831902361,27.86741336366856,0.02307777134090582,1.475778343777835e-05,154.7546,323.96536,549.368,SER,1.2915792
194.7699409513805,28.05036827260222,0.0268709519669457,3.314283587151118e-05,125.75864,256.32123,424.21902,SER,4.8443747
195.1290123651222,28.10839229549065,0.0172652390970955,2.829636260017399e-05,55.866173,107.58329,174.52046,SER,3.2652566
194.6520885649785,28.28958097047816,0.0002460991572511584,3.034439128113764e-05,43.296432,51.961857,51.197872,PSF,0
195.3851093302183,27.84572907252179,0.0190459512205556,5.096038219455935e-05,12.683695,22.79489,35.189716,REX,0.99930274
195.2904122982693,29.06503381377711,0.02801715507940281,2.175180294215849e-06,0.70874226,0.83711135,0.82918483,PSF,0
195.4088446416484,25.58915171388438,0.02940306341420219,1.46990845349058e-05,0.54858,0.6320406,0.8262768,REX,0.6839048
194.2860822146945,27.79286524035753,0.07893072946471655,1.205905655397572e-05,4.4603467,6.3611107,8.333425,EXP,1.3191906
195.8018091426528,27.28733892001026,0.07693698983054305,8.245099291556142e-06,7.4337983,10.423083,12.980607,EXP,2.3405137
195.559688537075,29.50004101859401,0.07792771401197823,1.010581854741052e-05,10.101329,15.834894,20.362883,EXP,2.0873404
193.9075892967119,25.85774862990482,-1.734519764617633e-05,3.640915870318663e-06,0.42625916,0.67929935,1.5327626,REX,0.41449177
192.747503825641,26.43780160325235,0.06847753119064558,1.803255753058982e-06,93.136154,166.78061,252.42195,SER,1.4887352
195.0265883768637,28.00415514765973,0.02422889492934598,1.039304614943105e-05,624.7057,1300.8608,2280.915,SER,4.494363
195.9759007788349,28.31267452414652,0.02661932783002991,7.231997490379126e-06,0,0,0,,0
194.2976738786579,31.20561892698089,0.06811916823595902,4.661034803279137e-05,8.5034685,19.257454,34.139652,PSF,0
195.1575623691247,26.43948543338386,-0.0003738171413541258,8.559114344803641e-05,0.4371004,0.70059043,0.7029983,PSF,0
195.3699912712668,28.26337009032191,0.06313215989842162,7.132502989193116e-05,0.52023184,0.5262872,0.65508175,PSF,0
193.7616128888417,25.51063300278657,0.05984716291392633,4.463180205378437e-06,177.79146,353.32755,616.4144,SER,3.6146784
195.2008576664108,27.83544404135934,0.02598325182365532,4.71136619085029e-05,20.553833,39.21164,59.349487,SER,4.111811
195.1183497498363,27.97240586122127,0.02572943253428429,1.518273374836962e-05,607.6091,1267.3119,2194.082,SER,8.659688
196.0175867652956,27.85007442817574,0.02174845998603646,3.977937074322564e-05,0,0,0,,0
194.2022913441772,28.89316638721308,0.06847251180955086,5.95870719916536e-06,62.126194,118.45286,187.98207,SER,2.6079867
194.5415073856877,32.04268952912161,0.05209031500781296,3.499512074518647e-06,17.966305,24.216358,27.79329,SER,2.2509172
194.6953859117432,25.01696909819773,0.06053610768954048,1.964181522393796e-06,5.9397817,8.807426,10.448582,SER,1.1611605
197.0402116287938,25.3226118237906,0.07236845310740268,2.163609020380309e-06,10.730209,18.008318,25.15646,SER,1.0155011
194.2677015255937,27.73006092431504,0.02963511541818635,1.75609277712617e-06,230.8084,437.67154,687.25635,SER,5.892622
194.5737499181171,29.12467109107716,0.06123211012567893,1.538048084609932e-05,0,0,0,,0
194.2093182157859,29.37677353185587,0.02374034829878181,7.978912999285249e-05,0,0,0,,0
194.0221460831332,25.30071931799547,0.07983174115598037,5.28450119331967e-06,2.8176255,3.567559,5.566787,EXP,1.4149395
194.4439188655022,23.80023023593818,0.03700584158040962,2.598286734750708e-06,12.719657,17.805273,21.053663,SER,1.17673
195.0471609875761,28.06561727899116,0.02456187777266765,7.011597512525854e-05,61.674957,125.51616,214.16927,SER,7.587047
195.1938338374996,31.19063381478577,-0.0001366963225617779,4.982360333773693e-05,1.0840446,1.2386824,1.4595151,PSF,0
192.8613130288745,27.64874586462776,0.01873964844315914,1.938511054111958e-06,19.28546,25.537745,29.22,SER,3.5085871
192.7296464871902,28.66872880603098,0.05710778654606435,1.690584635096985e-05,0,0,0,DUP,0
194.4468680173227,27.75520377400257,0.02088510631322482,3.691934540134918e-05,0,0,0,,0
194.3132853678421,28.52113910128759,0.06893394147806149,5.451901382867499e-06,14.873283,20.496431,26.045313,SER,0.5468558
194.8754529643485,28.70014521392877,0.02366101204454098,3.601566776348175e-05,83.937706,166.90993,274.7304,SER,2.449257
195.4844830972468,29.32255168140931,0.0235055388698977,8.702202695924692e-05,12.973874,23.233175,34.848354,REX,3.417628
195.9182233031469,25.41925443978781,0.07384624615766087,6.8013919932305e-05,12.746579,26.062027,41.955738,SER,1.1274835
194.5601301501755,27.91170244197408,0.02453643697507911,0.0001007946964794294,14.07609,26.658714,39.845703,SER,2.603164
196.2509971645596,24.35116681432415,0.03639879358530942,2.41724450720703e-06,15.171625,27.899628,41.94316,REX,0.6231791
195.1209118045761,26.73679151013607,0.07904238448176981,2.346881306074072e-05,36.07032,81.10587,141.87184,SER,1.2691785
197.1688744165339,25.82621936860516,0.0782116272902679,5.109451960462749e-06,13.7673025,19.14005,24.914793,SER,1.1014047
195.0821496715241,28.12153110679758,0.02264459190606622,4.436647949382958e-05,42.829273,83.87211,135.23875,SER,2.324082
195.014685038409,23.33179828712162,0.07448565581543647,6.265629580091339e-06,6.6406026,11.069259,16.638342,SER,1.9844112
194.998071614777,24.93389447641731,0.02088795959091031,1.144935836906941e-05,15.225962,24.484486,32.71426,SER,2.160239
194.5888961268009,25.59312812088325,0.0496493621222498,1.069757272083327e-05,2.9608068,3.9163973,4.3868194,EXP,1.9302372
196.2353276627122,24.77005361313142,0.06041301510384654,5.314067711223323e-06,104.14014,190.84503,314.13724,SER,3.764676
193.9346298715011,25.93976254330414,-5.855321225715775e-06,5.201666512373493e-06,1.4372245,1.636782,2.1285274,DEV,2.2241464
193.5487689212823,27.06140295560958,0.02850856200920393,7.947056949753963e-05,10.11207,19.988125,32.871662,REX,1.577553
192.2559219939619,32.31501327075485,0.01270794136671976,3.778128370302407e-05,0.39216098,0.43189564,0.85749626,REX,0.35776728
195.0818633212527,25.83735778751154,0.06222981542340818,9.807816029006653e-06,22.815115,49.026695,88.09413,SER,2.810537
195.6659177150914,25.88763510781341,0.06611857691069233,1.901116915577833e-05,99.83459,207.43694,352.91614,REX,1.6739469
194.548392943159,26.63982334946471,0.07863004490197843,2.47049424769926e-05,131.97389,305.324,564.89795,SER,2.7963092
194.1334994335039,27.05555154378457,0.02045246624034395,1.492385772737219e-05,0,0,0,DUP,0
196.4871418922011,28.1288892604996,0.05163450876523012,6.791839956061506e-06,123.30275,198.7588,289.02048,SER,5.890205
197.5417748926341,25.53577391938474,0.07280594847630603,1.772418593676751e-05,11.005254,16.857483,23.880795,EXP,3.4119313
196.6681483225617,24.71138304715961,0.02534253419136602,1.448230873514761e-06,23.424606,26.372555,26.805033,EXP,1.5381374
193.9220625921081,27.25077436891696,0.02366677811698741,2.781950155952547e-06,1821.2809,3882.0718,6956.799,SER,6.21501
193.0960367889716,27.65673541600139,0.06093239003696612,2.176519235803056e-05,0.9281093,1.2437683,1.9795036,EXP,1.3875861
192.1108531639774,29.1632630611556,0.0007938337575533493,5.751469106510951e-05,24.109936,32.157234,33.95629,PSF,0
196.8112058733344,26.53572574942549,0.06458557289035782,9.307623201375561e-06,14.458966,20.77678,25.78607,EXP,2.718378
194.1221719009886,27.29209697004715,0.0254115768538755,1.773956016928043e-06,6.425555,8.9158125,7.209459,EXP,1.0806081
194.8582151509328,27.97470522757196,0.02428853181529932,3.279331861534143e-05,19.099354,42.556076,77.01169,REX,0.76058275
194.3744354434842,29.73259198101642,0.04743490567593157,9.787965435215905e-07,15.998017,15.61024,14.354212,DEV,1.5739684
196.5001473619506,28.39458306850537,0.05732708130337236,3.367347843164059e-05,0.49176642,0.58909905,0.7873031,REX,0.28675523
194.0082252631958,26.9208188290542,0.0190464193854321,4.514470154411908e-05,53.88,100.10633,151.6303,REX,3.426874
194.3649598435546,27.35731277862327,0.06795586402185004,8.201322489900883e-06,18.128925,29.067423,40.63,SER,2.8166733
194.4686935768755,27.96015193103696,0.02496710716218797,4.817135731437845e-05,34.055084,62.745087,91.38191,SER,2.9570708
194.8720557457605,27.94237125829738,0.01885007920399844,2.288338823918923e-05,19.928974,45.5265,74.31254,SER,0.8919023
195.402393478764,32.56389886256304,0.03679172259424839,4.06333116555038e-06,9.997886,14.335116,17.083466,EXP,1.2259101
193.0425000994437,25.04779158567015,0.07130474131889934,2.093725668165318e-06,1.610688,1.7508085,2.1244917,REX,0.30931574
196.187647910949,23.80731453437766,0.07364955886195876,3.179674934960805e-06,97.67254,153.25668,215.80983,SER,2.7821014
193.7597551702754,31.77859273592583,0.05641140230250575,5.357458030475701e-06,9.132877,11.967096,13.948097,SER,1.5796621
194.9630652941348,29.14608800004996,0.06110819682046207,1.958568535962973e-06,77.89697,135.39833,197.4516,SER,1.940953
194.646677141703,27.59637980033917,0.02563544456466092,7.452878239043298e-06,2435.2917,4322.4985,6943.6436,SER,4.0378804
195.1161935335912,27.98792203146821,0.03178058830834698,6.435451726435708e-05,9.742184,18.328741,27.575169,SER,2.119651
194.8547458937031,23.38836517919779,0.07544108891871668,1.319700327324222e-06,46.539005,72.95094,98.096275,DEV,4.8747525
195.1568287249935,25.42995220002816,0.02602334045595585,4.811840523079436e-05,12.311503,14.950751,16.767643,SER,3.8881226
194.8686069029075,28.08540171468992,0.01240475549448898,1.319401395110025e-05,334.86856,618.3548,980.6231,SER,4.924923
194.2773052655623,28.29664858924108,0.02265708381859945,0.0001025298238435851,88.415596,165.47313,252.80734,SER,6.7107425
193.8149857868909,24.61801783436744,0.04659905504810313,3.430043464664226e-05,0.32090223,0.36329383,0.42790607,PSF,0
193.8606734510158,25.91779112036776,-3.863107997086491e-05,3.719413525302829e-06,2.477945,10.40734,23.854944,DEV,0.77229965
194.1952070636332,28.35939340280109,0.02340685221261173,3.666345189344356e-05,39.28391,75.4913,116.699554,SER,3.2616844
194.9446389772021,28.00016002566644,0.02066764797833867,5.574886964777698e-05,36.321884,69.91591,104.806755,REX,3.1005054
195.6727674045649,23.99873905475235,0.07319805425850344,5.632606965953335e-05,10.8368025,22.675154,37.849907,SER,1.6758679
194.5553138726722,25.01628395478896,0.07561861429542531,1.810222213656723e-06,122.63435,204.02835,287.13245,SER,4.742289
195.8256684565472,25.31539197243411,0.0706510879050312,5.045410282377407e-06,8.311387,10.276733,12.400598,EXP,2.1883492
194.2717438457556,27.01540384348537,0.03939615180478095,4.646774112973399e-06,17.9516,28.446655,38.780994,SER,2.329511
195.4055307510082,28.01576874083538,0.02383719343337434,2.667826197479348e-05,63.709595,125.990974,206.65904,SER,2.7363403
195.5596364132064,28.35262542551013,0.02885472650741145,1.383045989637272e-05,576.37885,1134.3125,1888.6139,SER,11.6149845
196.6121842368466,28.15427811963067,0.0001889396535011578,3.971215589356823e-05,25.9732,42.92603,54.03211,PSF,0
194.6083394923078,28.62374741244917,0.05707591235837353,2.284630258956008e-06,18.537857,27.41222,35.10403,SER,1.2278852
192.5201588959214,26.40915561887652,0.0456803253145287,1.575124195502024e-05,5.0027404,7.48374,9.411337,EXP,1.369594
195.9840571365366,25.87318366998155,0.01520687986692144,1.927286760137792e-06,8.932784,11.411238,12.210373,REX,0.77234757
194.3455020071926,27.49298277629942,0.02757370156204944,1.166554170654256e-05,98.87532,187.99393,334.3321,PSF,0
194.3868439127689,27.61034111010054,0.02018539779858554,6.897992829998718e-06,2044.7306,4381.406,8001.4097,SER,6.292734
194.5725270827447,28.04008293579869,0.0206386098284759,2.375788728002394e-05,90.57567,178.74258,286.99228,REX,2.1876903
194.8309398550592,31.27770311234782,0.05109439186862252,1.21853306541476e-05,301.14706,664.0158,1194.5221,SER,9.120841
196.5126410569518,31.43868523241643,0.07629765943569417,2.148443262300986e-05,130.85608,294.14206,554.3358,SER,5.8369584
195.773959252462,25.4762069981144,0.02439829038648073,7.718828033120104e-06,0,0,0,,0
194.9840191995963,27.74641467532343,0.02975020682753998,6.583907603596657e-06,201.46846,283.11572,361.8016,SER,4.787626
194.75026188168,27.96748695909988,0.02780724075815649,2.152134212366387e-05,0,0,0,DUP,0
195.4592635865505,27.89356997164017,0.02524424662614795,6.845235720410897e-06,848.7173,1783.9706,3231.1865,SER,4.6900773
198.8574702237013,26.2928260995694,0.07233700516685676,2.067873975244488e-05,71.45244,165.78284,306.65866,SER,1.523022
194.3774386161642,27.54306899917338,0.02550556976622703,2.178228127364999e-05,93.42509,193.64194,331.47897,SER,1.8756304
194.109005571749,27.7868522671257,0.02393103930956643,5.306206012501994e-05,14.848189,28.079313,41.55201,REX,1.4945935
195.0724436141159,27.26793315719285,0.03705179530622073,4.481271279023536e-05,23.368052,31.325384,37.664,EXP,2.3799
194.8755887634463,28.12551910144875,0.025369514431142,7.411508609898427e-05,7.4754715,15.52198,27.406721,REX,0.39514807
196.2435550304092,28.27420281528212,0.03923434532985186,1.159113109015269e-05,6.5356326,8.793439,9.923396,EXP,2.9883459
195.670684922293,29.01691758900257,0.03514976702626477,4.572009838845379e-06,34.68653,47.43678,59.8171,REX,2.2805233
196.2082332261393,28.60100062690639,0.02211514257085233,1.136859596370089e-05,11.17988,15.9959,21.210789,SER,0.8014496
195.6371348447366,31.46081245656382,0.052393215387641,1.366548208389086e-05,5.850248,8.06922,9.525111,SER,2.4486883
199.3702451394076,31.09238082504914,0.01808253614604065,4.438727103041948e-06,0,0,0,,0
195.2176215290992,23.93305866379061,0.07425721590130761,4.576188365088878e-06,76.33825,145.77962,242.78027,SER,2.6562586
194.6589373906804,24.64466821231668,0.06897825865931466,6.034149131497709e-05,2.83986,5.033323,7.2999973,REX,0.9052981
197.8971939417701,24.85395143396049,0.07204148075362496,3.477999711103259e-06,130.38206,254.72119,423.91852,SER,3.3718126
194.3801459779127,28.01846205151712,0.02354321486033966,3.12064565681283e-05,87.65567,163.06479,249.39688,SER,6.756938
195.1828021101172,28.41633657931621,0.02098592488269213,1.55981135457489e-05,171.60411,344.68225,556.0881,SER,3.1229856
194.0360717137373,25.0730476831473,0.079807755801981,4.431269035657784e-06,9.838738,13.014852,15.305499,SER,0.8775288
195.6455240619558,23.53492229170041,0.06775512431751951,5.98015058630696e-06,3.8515806,5.6047406,7.050519,EXP,2.0582488
195.6540399050457,23.93689878797609,0.07405789930499965,3.162477712425074e-05,100.82084,214.2605,369.06143,SER,2.7562912
194.2668361359272,25.8568512324653,0.07815224547944202,4.018191212365535e-06,44.16855,62.65364,80.674446,SER,2.0550635
195.4674036303932,27.75335849445534,0.02184353179873311,7.438017948038859e-05,33.943657,63.611652,96.940025,SER,3.0015626
194.3684809461847,28.17639972591631,0.0272607350160657,1.167053872376576e-05,760.2594,1632.5576,2888.8674,SER,7.816222
194.7381423633241,25.73981027399913,0.07695029512748604,4.811365900415515e-06,31.70068,46.845127,60.275543,SER,2.8226464
195.2443612987521,26.88563213003244,0.0783536237570082,7.16379402263476e-06,12.560281,16.912508,20.362553,REX,2.3275573
194.9511828728301,32.06781421556732,0.0226822493812987,1.028343217691266e-05,14.5947695,22.929203,29.688477,SER,2.9762995
195.4387563803652,24.59170439899782,0.071692802175588,3.645146932739327e-06,10.402711,17.449585,24.736382,DEV,0.74836195
195.3306982004076,25.63184029376503,0.06951605610759984,1.360799256910688e-05,3.0282965,4.3004947,6.0017905,EXP,1.9452848
196.7151475105089,25.88287499976073,0.07103103174365752,2.682864676009158e-06,32.323204,65.65822,107.422844,SER,1.7940468
196.1306264788224,28.30189821160967,0.0262686788566955,7.485426833217096e-07,78.87663,98.94507,110.91226,SER,1.4527751
195.8801157164166,28.69146691207684,0.02248323640193564,2.344286234909861e-06,7.8125844,7.438614,6.8942747,DEV,1.4522547
195.0020470559789,31.38236117151907,0.05328403218744801,7.684343155105838e-05,12.463034,25.330912,40.563286,SER,1.4023851
196.2865895683622,31.0763659252051,0.0799893142579826,8.7115061037224e-06,16.104635,23.295567,29.875237,SER,1.3068198
197.9089234327357,24.90924275310462,0.07152997197831909,1.859655684381263e-05,27.926292,42.067173,54.66459,SER,5.7449875
194.1892995394018,27.7773302122808,0.02121308705866977,6.742540080084828e-05,10.708137,20.062716,29.167168,EXP,2.3035793
194.8687918117964,28.01928314897227,0.01993323185741333,5.957894779886938e-05,27.612883,53.48851,81.762764,REX,1.9977794
194.8837446587166,27.92107653588898,0.0236392987342039,9.785295733043685e-05,58.192436,113.02915,175.95883,SER,4.7034307
195.4824144471942,24.02073660744051,0.0719091954655905,3.10019194873388e-06,5.905828,8.132788,8.249059,SER,0.91268945
195.850318905676,23.68202902138223,0.07314562083184223,1.136290303971199e-05,0,0,0,,0
193.647618151785,25.96590564054399,0.07970670887935287,2.145344021284764e-05,93.27241,206.22522,366.02777,SER,2.213155
194.826185499767,26.88988904340058,0.01823848477184338,3.258817268899447e-05,74.24015,139.27748,212.69164,SER,4.604449
197.214552241365,25.83172759405418,0.07830047129019438,5.139410384810503e-06,11.976395,18.1315,23.662268,EXP,1.0237037
194.5268665996261,27.6262629267197,0.06906366406101354,1.995252972354538e-05,8.605545,12.364805,15.674006,EXP,3.268971
195.2679792416944,28.47232089069044,0.02309000134315964,0.0001378474069283128,29.434614,55.830643,82.44782,SER,2.7492354
195.3547442134347,28.80367225837141,0.03471834450704623,5.002116707215116e-06,16.260582,22.293425,26.715164,EXP,1.4872043
193.0037076004691,27.83745063981028,5.688364129878552e-05,3.543931763586161e-05,51.331356,90.239944,119.26547,PSF,0
194.6251270687072,28.42665272858747,0.02199256119076544,7.909954730603685e-05,55.20169,102.99795,153.62303,SER,11.099397
195.288514014792,27.81832390105894,0.01985040469903434,1.796724995495574e-05,0,0,0,DUP,0
193.9015846411146,23.46704540029514,0.07667095801341539,1.724456957851385e-05,0.80918515,0.97600573,1.177098,REX,0.57760155
193.438488796314,24.05793383094261,0.07761141813801352,2.341220810825418e-06,22.754402,35.57189,48.692528,SER,1.0888482
193.6199900890061,25.73768787004545,0.07866515877639747,8.762526498116521e-06,6.011425,8.778601,11.270872,SER,2.3176813
194.7188685128567,23.69381669427283,0.07398860131567686,3.447698734032894e-06,16.074627,25.450493,34.60348,SER,1.8172927
194.2287731525238,25.44800932399196,0.07891660717749784,2.296289583841836e-05,19.33942,37.760906,57.726048,SER,1.1002395
194.7437684193068,25.12891731428427,0.07680805337260371,7.717629888667977e-06,18.529804,29.20839,39.203125,SER,4.2153606
195.3243897453953,28.09707761791504,0.02678675115251416,2.533438263545461e-05,67.45408,131.5847,212.56688,SER,4.2393956
199.9974252018347,27.49250240788524,-0.0002833295986916813,3.569239321503824e-05,44.33781,62.719418,68.84825,PSF,0
193.3776291731215,24.44994518075405,0.06963429198918623,1.45082250148103e-05,5.013733,8.388673,11.742146,SER,1.3199359
194.8559158779562,23.42965272685805,0.07400739087684258,1.239587702391076e-05,0,0,0,,0
196.1188798498947,25.26113769388542,0.06087702127079582,1.122181384254525e-05,35.234715,55.301025,75.21115,REX,2.2382867
193.8115747246306,27.79855560121614,0.06135270624638534,1.645811018920064e-06,9.595513,11.928623,13.499738,REX,0.39728835
194.4494626577246,27.76942880244299,0.0193431951815599,2.102132227729896e-05,161.97691,321.0448,530.7043,SER,3.2125952
195.1584281368225,28.05634497590115,0.02623558844554523,1.901828678059478e-06,24.813137,26.701204,22.763569,SER,1.32339
195.1980378517686,23.2521143051203,0.03384815941796888,3.900625977096155e-06,13.440562,19.203707,22.981993,SER,1.172325
196.1382202579634,25.17485227797456,0.07947416170964221,3.150208182710449e-06,8.882619,14.916641,20.136827,SER,0.70153797
195.4899883027374,28.00584460375691,0.02584281865462414,1.962361302953894e-05,0,0,0,DUP,0
195.27899761692,31.5693723617215,0.05531244259104295,1.153103443907951e-05,39.006893,61.574036,82.691895,EXP,3.3805444
195.1494806199132,32.62071981602352,0.06543202150362598,3.709090509548656e-06,11.349515,16.342552,20.60792,REX,0.53702384
196.4763449868121,32.50977186801357,0.05017975633560429,3.16790883540053e-06,25.021294,35.975773,45.50261,REX,0.9918663
194.4113376466614,27.45523385002859,0.02558859808433257,3.167854302443073e-05,39.829758,74.986374,112.42838,SER,3.2227361
194.5146923591167,27.68248050996456,0.0241275997693805,1.290842084154382e-05,117.64753,250.01042,435.09464,SER,2.6437373
195.1218182143507,27.51481772290019,0.02468663864929456,1.722931099533541e-05,454.81512,622.33405,789.359,SER,4.462488
195.0375475673923,27.86104533453696,0.01717612587113678,0.0001262279981253935,26.23268,37.860878,44.68387,SER,2.5744727
193.6066347256943,24.99529389725361,0.04369624221890519,4.323174647684997e-05,0.3081574,0.19124743,0.29214916,PSF,0
193.5179146389576,25.53732802383505,0.07132353213122898,1.883644962930063e-06,4.422538,6.729119,7.6845393,EXP,0.8629273
194.8539643499109,23.82074352883099,0.06291896254175712,2.598254082243435e-06,9.775841,18.695509,29.490591,SER,0.6512177
195.0779607910963,27.92018427386685,0.0219573316822726,4.481845094719919e-05,10.964825,20.553394,30.645834,REX,1.6896851
195.4930750881849,28.67531240479836,0.02369519639947713,5.513457606920265e-05,26.401052,48.853367,75.91728,SER,2.7288177
195.1009063713466,23.96128689282339,0.07556714753403126,1.982306702129154e-06,11.292686,19.035652,27.246626,REX,0.45749184
193.4863887260969,28.03370738776624,0.05703926866870848,8.506362630019196e-06,62.220783,103.89737,148.52036,SER,3.7141519
196.7993151657856,25.75361799980632,-0.0006576987449191233,6.5004104851085e-05,1.1870928,2.4787445,3.32221,PSF,0
194.369537141602,28.062826775066,0.01422993441630952,6.859189002342063e-05,12.673922,17.817736,22.379139,EXP,2.862368
195.1843187104738,28.33731437109884,0.02645331426576303,9.512173739472438e-06,0,0,0,DUP,0
197.338602811632,27.29378078643881,0.05662899281148941,1.341891622504849e-06,21.193615,27.895834,31.866423,REX,0.44614962
195.2888854505625,32.67078201879885,0.06348917531880699,3.985990463237626e-06,54.018818,88.693184,120.173874,REX,1.4691626
193.8219192376189,25.26683118133685,0.05093122282921831,6.694783212434127e-06,119.017456,202.71748,295.71152,SER,7.1563296
194.2451394872623,28.56231713502726,0.02305665861431113,4.833015794994679e-05,15.757206,29.741825,44.540474,REX,1.5578496
194.9501674875964,32.33821023030218,0.05487699296521808,4.403947496921185e-06,17.58119,25.58801,33.25001,REX,0.6806678
192.9965277398685,25.09197296783235,0.007139602486836358,5.383865146131023e-05,1.0613792,1.4484992,1.8596731,PSF,0
196.3035576187328,24.94358973913546,0.03501061565743735,3.64925508020201e-05,67.06568,101.70032,133.68024,SER,7.483895
194.1751144696682,27.06099347465095,0.02496573290844753,6.20409193192674e-05,17.384851,32.766872,49.926964,SER,1.838108
194.6240432530163,27.19267715810426,0.06043643280002584,1.737664212991528e-05,27.994617,55.21402,89.39826,REX,0.7987467
194.6329325546332,28.04959573602116,0.0190821685562886,9.37165770272583e-06,301.97064,619.94196,1067.1519,SER,2.1811185
193.142725312301,25.0523608517059,0.07329169427475919,2.084570546352431e-05,261.34164,586.16,1052.941,SER,3.6743252
193.525847344958,25.4037203677097,0.0659295082167855,1.311573095017992e-05,43.920677,60.499146,74.97284,SER,3.9457953
195.3494140067598,24.70150515176133,0.07452199240150302,8.026248792242986e-06,5.8717093,8.805091,11.809197,EXP,2.1589475
193.5813791218635,28.09126442151873,0.02250207027766481,2.326734196235681e-05,431.78333,846.6385,1374.7861,SER,8.078619
195.0164973588335,26.90498402281988,0.02048206533641813,5.885042687741227e-05,0,0,0,,0
194.0492224583093,28.91684098821199,0.02341059986427609,1.067504380642518e-06,25.266653,38.71795,49.548817,SER,1.5455894
192.8981143445096,27.47136780550295,0.04055874436314321,1.196476856440791e-05,10.826976,18.087135,25.312609,SER,2.0168743
195.5950100275313,31.96613633857969,0.06248429983158982,9.779520011755531e-07,303.52747,384.22552,484.1125,SER,3.2130594
194.752640317241,23.67744161199741,0.0746943885841692,1.795973492034291e-06,15.952035,18.929588,20.895632,REX,0.723329
194.5416572625629,24.34892196822104,0.02265616824207925,1.014104756973573e-06,618.4172,911.8896,1228.5984,SER,2.7139482
194.4739887548478,26.25068798461222,0.07276830810381038,3.117606439781118e-06,9.085862,12.187942,14.832397,SER,1.6609097
195.0982874792677,26.26516802244504,0.04433579209793058,2.549326606164609e-06,32.770435,41.246883,46.88428,SER,4.0278544
194.6123896906083,27.75870062631542,0.07683540866604832,3.683021171300767e-06,17.73969,25.037785,30.953758,SER,1.3572298
195.2255206789252,27.78372454356097,0.02781849813943617,2.055797114826426e-05,0,0,0,DUP,0
194.2182453229419,28.18806003808961,0.0220163223376689,7.624856893394587e-05,60.003166,112.04301,167.11708,REX,4.933394
195.1165672591854,27.9559843962514,0.02341463008400163,7.315031652155899e-06,529.3658,1104.0315,1985.0884,SER,4.7442813
194.9346267313583,24.37468577460855,0.07416752372082457,1.328720838670066e-05,18.244144,31.682352,46.959255,REX,1.8382002
193.0973017462386,27.91129310694982,0.06057736162373167,8.192970215847031e-06,0,0,0,,0
193.761855178974,27.35600774150572,0.04057338210509903,2.757727271984355e-05,14.391777,20.780195,25.838451,EXP,3.7502105
193.8953809714387,29.000842715936,0.06232321293713675,1.017356285354149e-05,390.08563,842.1586,1567.142,SER,10.5995455
195.0440401641,27.19444489457178,0.02480649825283918,8.763798194248448e-05,43.222713,67.93313,91.42985,EXP,3.3349175
195.9744467896211,28.44075819177025,0.01718083505170885,9.905138755855883e-06,24.670683,32.233253,38.367805,EXP,1.7307825
193.8707439050818,25.52991962395183,0.05908991515090754,2.498359104057673e-05,0.86886525,1.0682925,1.338074,EXP,0.47888255
195.7294302952989,25.06445235732836,0.06113363441972639,1.552008119892793e-06,39.444523,53.51754,63.07752,SER,1.813369
193.0692975199365,27.52999384873636,0.01819044103440424,1.465286769668938e-06,7.7362943,9.385977,8.248674,REX,0.6773715
193.9016051038569,27.93174206095403,0.02111908459607549,6.094848887234932e-05,23.00902,43.5643,65.49363,SER,2.583403
197.0893955275674,31.80032933834833,-0.0005083605981068133,6.002944819816842e-05,20.098742,29.317911,33.54852,PSF,0
197.1783122036541,25.259281497533,0.07302204921975243,1.258326822361665e-05,115.081924,256.2775,458.10568,SER,1.6351238
193.6582153496935,28.91574589628739,0.007979433578098603,3.442954169300403e-06,20.666164,24.412642,21.382198,SER,11.1088
196.9141795742041,26.5045558072166,0.07165109267385746,2.016350276597257e-05,0.04121989,0.7615503,1.8994346,PSF,0
195.9056096912867,28.4040003819944,0.0281500359103013,3.981252828754601e-05,20.977005,39.280663,57.660847,EXP,3.466215
198.3756082301369,27.07690156246978,0.05996288953112058,1.114712801477288e-05,223.78937,489.0027,852.9012,SER,3.4051762
194.6686707012398,23.40115869261495,0.07577820851791091,4.863160741039654e-06,0.67828506,0.8273462,1.1347165,REX,0.2680566
195.385322434762,25.52247468339164,0.05289791928329059,1.331331970269714e-06,10.65926,14.412268,18.003046,REX,0.5491916
194.8908222352122,27.80310499636461,0.02088642073745026,8.683784651557283e-05,33.752617,66.25872,103.11189,SER,3.6392539
195.9465363292143,27.54301978201529,-0.0002386489012913317,6.12265578599024e-05,2.0980911,3.0813015,3.363412,PSF,0
195.4825985644943,29.32353492912275,0.02382573581482265,2.027144266472441e-05,2.6924915,6.091942,9.307906,REX,0.28846663
193.9047534240408,24.24440663993356,0.0002770504449823202,0.0001022425051101646,0.3641993,0.7976742,0.95702136,PSF,0
191.4997874592385,27.28083998532702,0.02183633562497521,8.318862293540208e-05,7.647369,9.788858,11.574962,SER,1.1986097
193.9440608160742,27.10119929123743,0.06870812104752441,6.491359580795675e-06,12.220356,18.096416,24.692142,EXP,1.5979416
192.8137881071041,27.56241867375062,0.02645709027645804,1.215256635637418e-05,173.56366,320.4411,487.2885,SER,8.913402
195.0598092654286,25.75624324359684,0.05967760381685937,3.17654563334535e-06,17.023777,24.136795,29.627472,REX,1.4243616
192.7248219015779,28.68116324892572,0.05707806958911325,9.155129003650145e-06,40.15571,86.6924,148.81613,SER,0.8108994
195.4189335927372,27.54896740245677,0.02182128563538353,5.338508392393392e-05,64.445595,120.60263,184.21765,SER,7.4197483
194.1681650472141,28.21768260991838,0.02772939311099027,3.17889768487038e-06,102.41655,158.80664,213.14407,SER,3.7217302
194.6260694128864,28.85888388064104,0.02672645227750111,1.963789017292653e-05,0,0,0,DUP,0
194.8970278926334,29.17440929895805,0.06235676200502152,5.07637971829338e-06,0,0,0,,0
194.2620125047965,31.62553286958423,0.02333949392790346,3.621712617203729e-06,471.14734,874.12286,1519.2214,SER,5.7058806
196.0049516431579,32.31434552223437,0.07664179710938063,3.077548283956294e-06,122.27053,215.10075,326.30078,SER,2.629721
194.2954988295102,25.16878795651045,0.07051815669535276,4.092933340675967e-06,43.34479,65.31963,84.329895,SER,2.9269245
195.9839499613686,24.39243965569975,0.07220471946943721,5.488895771855973e-05,0,0,0,,0
197.7709135898585,24.66765257781475,0.07206659430428755,1.281707036124933e-05,246.15744,507.44824,881.72644,SER,5.4622326
193.4724478223995,27.37743186295621,0.02489640301832755,0.0001913677114339484,5.912667,9.656406,12.293799,REX,1.6227249
193.994832771639,29.24980663738855,0.06808482534133252,4.069265936746739e-06,66.07044,116.285545,177.14961,SER,1.2971563
194.2855750779447,26.64520623998922,0.07779553248949862,3.00704243202186e-06,0.3606269,0.18004173,0.13213338,PSF,0
194.3480362384826,26.98939937032097,0.03118658182849993,0.0001008100010438004,0,0,0,,0
196.9300339451097,26.02527623493449,0.06755097502232787,5.229111440109874e-06,4.539824,10.402304,18.059715,SER,1.035517
195.2187816739439,27.80499475966361,0.02292403018792041,3.896546104334172e-05,51.135296,99.435036,157.57031,SER,3.0804303
196.2624014211931,28.94731936258038,0.06176280053098029,1.78089913748211e-05,22.430517,30.18116,37.057583,SER,2.3964949
195.1007493748939,24.15177694225343,0.06861317736549237,6.746157980100408e-06,9.08265,13.154641,17.046585,SER,2.674745
194.2576855243743,25.34250493269283,0.07858272161672598,1.694737478007774e-05,39.170444,98.596664,178.30222,DEV,1.2344531
194.9466423447724,27.72808455974717,0.02768333228763376,5.319087687483428e-05,11.904156,21.884731,32.789776,REX,1.6654015
194.1610731870636,31.53551945898935,0.02641081737847384,1.118374905386705e-05,22.198,31.041061,36.77699,SER,5.0930386
196.5922283913751,24.28425063598027,0.07985334803805062,3.832129179251997e-06,62.874878,119.94933,199.69325,SER,1.5875183
194.8924762984541,26.58527015724752,0.07928015252197054,6.899992191987331e-06,17.46273,26.386404,35.362606,SER,3.5554023
195.3336905641427,26.88674457191314,0.02703231841731281,4.95594903115836e-05,93.36414,159.32736,222.56102,SER,3.002588
194.1975400767784,27.29227447910496,0.02616266084221497,2.34301259893265e-05,212.5224,397.72128,620.76074,DEV,13.359217
194.4049988200645,28.04033500156325,0.02155699724756799,4.882514184910086e-05,115.79027,219.57771,338.1195,SER,6.109415
194.6807538351169,28.89185233824675,0.02730099889798518,2.520981647114662e-05,30.067354,53.208538,75.30294,SER,2.7072182
195.5184100025161,28.89459143846699,0.02713303225962365,8.758922739096305e-06,810.9351,1711.629,3043.9734,SER,8.083546
194.9231513986552,31.161606890444,0.008147115683027428,2.021080780151794e-05,33.55983,45.29889,55.212513,SER,2.9177473
195.0382974910829,31.5744402082594,0.05089858392451964,7.853544808687258e-06,0,0,0,,0
193.5772375033628,25.94743996886515,0.07208898774263132,1.285810982730374e-05,7.459342,10.722229,13.3701725,SER,1.7563732
193.9529800521079,29.63082963988244,0.06426379023321033,1.10486936397674e-05,1.1561768,1.1437842,1.6493535,EXP,1.252596
194.8461474850702,27.81444504960491,0.01840696869476843,7.302699171225315e-05,10.729706,19.522593,28.355587,REX,1.3643314
194.1185670864018,28.08253469317035,0.02325838085329691,1.941599306052126e-05,197.55573,387.45285,626.08606,SER,3.9574804
194.8561928889852,27.97321333770513,0.02041483484976058,1.133728159454644e-05,425.6541,895.9763,1588.9991,SER,3.8828359
194.6400460448846,29.69586667441462,0.06157899584499759,2.408553450992894e-05,3.8631103,6.1531606,7.732727,REX,1.5346543
195.9548784887052,29.14188812335891,0.06192156451199427,8.589500362844211e-06,81.83877,188.9816,375.13867,SER,3.4088445
194.9481268414486,31.04929886347612,0.05139485285119143,7.87564519505726e-06,36.86241,55.69485,73.635345,SER,3.6078427
199.3773839853682,31.09265009122573,0.01851113756533644,2.727788141873297e-06,2957.25,4828.859,7086.0225,SER,17.643654
193.9175465424579,28.0166313538173,0.0229877499456684,3.568666475632274e-05,40.105938,77.564445,119.680504,SER,5.285299
193.9853341822973,31.5263297885984,0.0673159593212007,5.541414489688032e-06,16.03328,29.12194,44.779102,SER,2.4473531
194.7134596951033,27.27011200508323,0.06909029059095352,2.441963614602025e-06,42.91763,60.558628,76.09407,SER,3.6215253
194.7597653022391,28.31652194891823,0.06765071192520805,2.245807748446798e-06,46.538326,76.083176,108.12022,SER,1.1218334
194.410843520477,29.04357113447299,0.02328828623541441,1.87845976869638e-05,13.197818,15.883526,17.91086,SER,3.8545263
196.0546761449061,28.54245534726976,0.02708068201843795,2.63173591243933e-06,110.33097,131.27512,143.9205,SER,6.346787
196.365181557452,24.71098639125181,-0.0001179008511277928,2.298266601092353e-05,26.523165,36.006077,48.614216,PSF,0
194.5844812245982,26.92064229231608,0.02309281734409352,1.181840031671905e-05,87.2108,145.59558,202.93573,SER,2.6882963
195.1303319739693,28.95048513290432,0.02333932159665736,3.634192218987481e-06,143.79573,231.2347,327.34708,SER,10.8944645
195.755274708309,32.48904803108088,0.06866513496463823,2.306319699890429e-06,8.145882,10.781536,12.163728,SER,0.9161707
195.8081636989746,24.05647045005174,0.07359197823647391,1.650023174502825e-05,3.1971986,4.6168814,6.1318417,EXP,2.362594
194.4265512213304,25.78179467771778,0.06101508406740329,2.208923843021638e-05,255.05254,465.6034,754.4479,SER,7.833753
195.3156215565556,27.66827377015949,0.02376197234251142,8.63200611465e-05,0,0,0,,0
194.0512081148543,28.79199449489873,0.02370131253044613,7.15697457265364e-05,45.33981,73.9452,98.40924,SER,4.8265915
194.7535854788721,28.60857555460895,0.02035600025642876,3.785463105037222e-05,36.749317,62.2426,86.91619,SER,3.7074723
195.1424203231884,32.74170457405896,0.0004253241778594571,2.886725454254756e-05,7.38087,9.813929,10.364198,PSF,0
195.4817083376096,24.02105799316247,0.07174829800282108,3.651584688449879e-06,22.663353,29.033106,26.355316,SER,5.24
193.6420240959621,26.28715991962103,0.06867895328532496,2.348434106571676e-06,10.09677,16.22597,23.26611,EXP,0.66653347
193.4057693518795,27.61515770861756,0.02359456619801085,5.550935524356921e-06,776.9019,1655.9191,2946.0083,SER,4.00454
194.9774405728782,26.81873918650383,0.02686332126121395,0.0001226786291646796,0,0,0,,0
198.1436880239037,26.96540731266669,0.008557772508722437,9.2670603219495e-06,17.625895,25.021057,30.333838,EXP,2.7014654
194.690082172496,28.69240046542055,0.02280452024877056,7.694648731782755e-06,102.9429,128.22557,142.83989,SER,6.3171706
196.164599356478,24.74149026451481,0.02184547772573511,1.190718761881124e-05,12.555769,15.725592,17.541786,SER,2.4293685
193.3712019680544,26.49415348343634,0.02083912205790659,7.243451754889563e-07,26.61363,31.724773,35.215523,SER,2.0446582
194.6548424062426,27.17482103713446,0.02580875001278564,1.74242225835472e-06,0,0,0,,0
194.6336266301967,27.45634806009669,0.02345172187302767,1.236058188268846e-05,505.1168,1058.8385,1831.0094,SER,4.6213083
195.4976660047764,27.34071464879834,0.06649686846358828,3.49176408794578e-05,126.376,293.24594,539.22876,SER,2.8583632
196.4702387111306,28.11397759481197,0.0243439354399443,4.51027438317598e-05,45.921783,74.24964,105.141396,SER,9.601727
194.5759641818921,29.12885195769563,0.02639470899723765,7.782573208258819e-06,0,0,0,DUP,0
194.7951084985361,31.12128260420373,0.05213916721597299,1.721971705642185e-05,30.816465,52.049046,73.62063,SER,4.0164413
194.7014415743029,24.10049476372952,0.07333457819040325,1.952275377390002e-06,6.2255716,8.2642355,9.7750635,SER,0.62351936
191.8777096670373,27.14301943600333,0.02530200528624039,3.166769285300643e-06,19.795208,24.376455,27.104574,SER,3.9679441
194.5904694343208,28.14873335455001,0.02633917069980283,1.257473827554162e-05,683.0874,1435.7439,2542.7144,SER,4.5714545
196.6764757526897,31.68022102445822,-0.00039057189129734,5.319926124702192e-05,1.3156186,1.6753943,1.7656021,PSF,0
195.8777147627914,24.87495002693318,0.06128775144312183,1.587968922602061e-05,1.418555,1.5392193,1.9582978,EXP,2.8280387
192.2868359551738,27.36875768074755,0.02204972127702452,3.735610542939452e-06,758.8455,1640.1447,2894.5996,SER,3.9294517
193.6181200551582,27.3515271120167,0.06783609643087798,1.803802102245629e-06,11.980228,15.67657,18.584766,REX,0.6494066
193.7508214070455,28.22176155337053,0.06124488365972565,5.737300792502153e-06,3.8435657,5.399418,6.2914867,SER,2.4325988
196.0305607978559,25.72521024433707,0.02423928261980043,1.010606644376368e-06,105.99739,141.2041,161.90422,SER,4.3241997
196.532828305049,26.32243167389498,0.03594091133158007,4.281035215611452e-06,155.57225,323.7414,592.48175,SER,9.722257
194.3238527626679,28.43882989490193,0.02312643668002512,3.044976957467608e-05,47.755226,93.13973,150.04411,SER,2.9814477
195.3233625783688,27.80908316239688,0.02438518136123362,5.042536034355261e-06,1750.5187,3679.4243,6579.7905,SER,7.0210304
196.3120294256964,27.97429761401412,0.02470100419567642,4.665781811587508e-05,7.549695,12.10792,15.428263,EXP,1.8678285
194.4533202565117,29.65440352382524,0.008613720262148886,4.975736522471137e-06,0,0,0,,0
195.7551290943823,28.90233596392555,0.02298861932879127,4.096868221448964e-05,12.152843,22.41613,32.81983,SER,2.190174
196.3358964142251,32.09387793754752,0.05184097709215164,8.213847137860443e-06,4.990964,7.4695864,9.019313,EXP,1.6119608
196.9781060762652,32.30667564319818,0.02608224902415392,7.470324483748555e-06,99.870186,141.40092,174.30614,SER,8.513642
195.5262435250147,24.61882174362145,0.07380415736790169,8.967589249281388e-06,48.984875,81.69536,118.58369,SER,4.4842787
196.3911185437731,25.16360746901824,0.0731405046076135,7.616090323840091e-06,12.670024,20.636608,28.438692,SER,1.3095896
189.8287454503337,27.77350271777439,0.02217054533772156,9.993141339434494e-06,0,0,0,DUP,0
194.522377011318,26.63816152930528,0.07934652086211275,1.933754542141034e-05,67.19872,145.53596,249.35501,SER,2.218593
194.7349072216259,27.8035740506704,0.02630201596147843,5.149289510636507e-05,46.870953,91.261116,142.86545,SER,3.410373
195.5327926893799,27.64821979448859,0.02304255442384461,1.038923700599999e-06,0,0,0,DUP,0
195.6729128037374,27.74699433551159,0.01729200407577374,0.0002082731942007896,18.98018,31.219639,44.04393,SER,4.2961264
194.0901774819408,27.64583881588537,0.02124846210575109,5.355964739465882e-05,36.275684,70.19012,110.032646,SER,2.9165127
195.0341162970243,23.82339800427274,0.0786015309851221,4.542773886255927e-05,0.5457698,0.6884946,0.8618797,PSF,0
195.9988647400835,24.79760566482337,0.04521341741901124,1.527609229731803e-05,0,0,0,DUP,0
193.6916786007652,28.83626761028641,0.06156409696588235,1.558445680763593e-05,29.713087,39.68789,46.884594,SER,2.4631848
193.6314362007838,29.51064530820456,0.05726344418844702,7.749650637700465e-06,18.255825,27.255116,35.28306,SER,1.8971068
194.4423335703932,27.7570765553721,0.02050779611379625,1.600437172540898e-05,0,0,0,DUP,0
193.248192386149,25.08934313664525,0.07274726654899592,7.318465684629481e-06,9.403992,15.651232,22.50971,EXP,1.6647611
195.6366336337318,23.95202160863731,0.07478242870325151,1.666057119994631e-05,8.942323,17.067675,26.896633,SER,1.7481307
194.5857384901053,24.86579068849033,0.06065780783971759,1.130872433810072e-05,0.44138566,0.5874132,0.87345695,REX,0.28794572
195.5211595943883,26.55274085418054,0.03866295010054877,6.465138723385598e-06,11.971273,17.274815,21.73215,EXP,1.3525127
195.0266791429797,28.00417835792741,0.0242609444597529,1.874340998194057e-05,0,0,0,DUP,0
197.4512194339104,25.55950785821248,0.07331227314612425,8.770581476614704e-06,9.767951,15.3804455,21.301573,EXP,1.8301004
198.1274530180323,26.96498947888298,0.07946175380235561,3.367436429141536e-06,11.190203,16.325165,20.516523,REX,0.6193029
195.1236862208452,29.42272877802435,0.05735709971219074,5.917099637624273e-06,6.5208406,9.326671,11.093529,REX,0.64495
195.3314705095408,29.18341489647984,0.06102460600076708,7.831221916364428e-06,165.01166,279.86792,406.53497,REX,3.6743834
193.6457611235038,25.3123977103645,0.07010264373088279,2.018605614486751e-06,34.41366,55.648262,77.64861,SER,1.9514709
195.225968730298,23.55964181274911,0.07103216078052335,6.774322140765317e-06,15.11313,21.953266,28.420286,REX,1.6793406
195.8968841895814,23.45303229011357,0.07254332245670074,5.710651045262784e-06,43.901188,74.8438,112.427414,SER,2.8238256
195.9774592756412,29.30119755336328,0.05774376492285296,3.991085605629272e-06,9.98032,13.372727,16.098047,SER,0.9078772
195.6860054965113,32.08501875323242,0.02447767396593796,6.799721365063056e-06,396.584,853.6789,1500.5046,DEV,3.1584203
197.1702402544062,31.92883463564328,0.07204908290596311,1.252898930975172e-05,20.335533,33.155163,48.478493,SER,5.063878
194.2833806622868,25.46383134179655,0.07832530441396879,8.731041478814224e-06,11.623916,19.274038,27.331099,SER,1.8802121
193.8330853067716,32.11589583234986,0.06449999609622763,3.786147592180964e-06,8.28163,11.497389,14.39114,SER,1.3228644
195.385214542837,27.23211249640897,0.06775354356216551,1.376698351389458e-05,4.1315503,6.159159,7.515372,EXP,1.9417623
194.6346209888401,28.37798698179888,0.01963340806442938,4.204201571015604e-05,109.03434,156.71921,202.48112,SER,6.4905915
194.2541732602176,31.91696253058233,-0.0001018545525983374,8.090709094913295e-05,3.1694179,4.576425,4.8185344,PSF,0
196.28663256299,23.79747991722742,0.07349243318449653,4.341703072744581e-06,14.827535,26.902025,41.970264,EXP,0.70202214
192.5886218160621,27.79206420223836,0.03311824049466747,6.62499444375119e-06,7.805847,10.660772,12.738733,EXP,2.9017184
192.7296345448284,28.66872225133003,0.05708625245056184,6.566329451939538e-06,0,0,0,DUP,0
193.8421746408909,31.97953259374194,0.03036378322391327,2.36355887663358e-06,45.944942,47.791046,45.067776,EXP,4.8208
194.8719844430634,27.80692646408139,0.02305320781628065,6.266526767936169e-05,32.68805,62.970318,96.39843,REX,1.9381813
197.8511514618463,27.01309481953723,0.07785239404912964,1.68561839608321e-06,15.679676,22.512255,28.727167,SER,0.90294725
196.4894713618229,28.63745016407263,0.0222439748962547,4.399240047279346e-06,9.965284,15.342484,19.485992,REX,0.81357044
193.8656178249657,25.85724492509412,-9.138041555599881e-06,7.893388438866237e-06,6.238314,16.20479,31.449661,SER,1.8465165
195.5684020436385,24.02865716931759,0.07492443996119522,1.200144866616658e-05,4.3301306,7.5305047,10.623422,REX,0.98873305
194.1439237306745,27.2295112062456,0.02376547708413589,1.838683865668215e-05,0,0,0,,0
195.8177166395325,28.03027772283045,0.02038555570283685,9.117486250736911e-06,1315.8485,2544.7014,4418.5146,SER,10.641198
195.1831843547153,27.30474874962798,0.02456257655957475,6.57261223565225e-05,8.525725,15.715105,21.369795,EXP,1.697349
194.4005234069562,27.48484853554315,0.02414883805385899,1.56391240313446e-05,0,0,0,DUP,0
195.2138230470833,27.68917215639081,0.02684549802582045,3.190854000088725e-05,37.87033,71.05307,106.339165,SER,2.6670797
195.5566111062717,32.82415823693564,0.03711618237456173,1.704209746287868e-05,23.915949,32.31892,37.515953,SER,4.1744447
193.8122158454747,27.74799063013943,0.01604974434152254,1.353147411023853e-05,20.542515,25.366228,28.268341,SER,3.831146
194.7171051098344,27.7850616190005,0.01896313095567679,1.134480289522298e-05,769.31433,1597.2972,2762.5813,SER,3.8764167
196.4714548593763,27.79571770785822,0.0260166338005171,1.784277273473735e-05,114.808945,226.8543,371.01184,SER,4.073231
193.480827572207,29.30538729255665,0.06208927216060282,2.386900697520418e-05,2.9396775,4.0522614,4.8800683,EXP,2.7717884
194.6295918617448,26.99479010318531,0.02480511950809344,3.735992891241096e-06,0.75922936,0.74028045,1.0288113,REX,0.24969101
194.4609885184502,27.8794911322457,0.02318916591509329,1.034422325203214e-05,425.37192,901.3378,1593.9575,SER,4.481391
194.7323312920531,27.83406512974989,0.02514564891706028,7.355125467358263e-05,32.435307,58.487064,102.48635,REX,7.3028426
195.6449877414086,27.94904936637474,0.01934113538661568,1.594416358890837e-05,659.0304,1293.1096,2120.2725,SER,11.69092
194.5992202025017,28.64408384866411,0.06770129181416837,1.204287128622475e-05,6.109477,9.369267,12.637371,EXP,2.3791244
195.2909111661495,29.06604625945726,0.02807424092802433,2.479223290278429e-06,50.038425,61.828453,65.25743,SER,4.317181
193.2920461301811,24.20744891622688,0.07174730575554976,8.537672534827353e-06,49.12796,77.16697,105.63577,SER,5.396461
195.6312245304399,23.61036295859827,0.07347246719905266,1.141902889974804e-05,51.368893,82.98266,119.90247,SER,4.4456263
192.9546912404207,27.77362670364599,0.02255677654545706,1.231683289926964e-05,10.287588,15.020574,18.683113,SER,1.8180044
194.4097226038753,28.14874888073278,0.06763603561288192,1.351735377794049e-05,3.8927336,5.4025,6.340121,SER,1.7310591
193.6258878223207,29.13210416304579,0.03100732655296747,2.041702681007479e-06,26.007538,40.745087,51.677296,SER,3.1588445
194.5658803918601,31.30997410189431,0.05159510708742607,2.219569788046586e-05,13.049449,24.596153,37.78712,SER,1.4087341
194.8017918591071,25.00525984182012,0.02604608833379089,5.252106586322341e-06,0,0,0,,0
194.1168790074728,25.37197494600372,0.00936073883641851,6.867824955292553e-05,1.3247355,1.2434759,1.3337078,PSF,0
194.456861141909,28.17254725890699,0.02307701828369831,9.047223559276692e-06,0.6467663,0.7135011,0.8692185,REX,0.38252664
195.2517667651595,29.67904465718231,0.02169914934762163,5.724028001791835e-05,28.537315,52.452946,76.29308,SER,1.7834157
196.4638243668287,28.61692849323148,0.06977788513656953,6.271270542489057e-06,44.24738,75.9566,114.33455,SER,2.087574
196.2607960726081,24.57822265314708,0.04690573096650554,1.805702629503294e-05,0.40287375,0.578229,0.47957006,PSF,0
196.0198313389832,27.85049355807719,0.02129339027441167,1.712925873191156e-05,161.23994,304.97116,507.02698,SER,4.7193274
196.0796665452444,27.95029834731412,0.008549622394676751,5.809954341371229e-06,6.0727153,8.915393,11.174721,REX,1.4453393
194.5082974352708,29.05262064776439,0.06903091884649748,1.357120375827934e-05,1.4032469,1.7630833,2.6068778,EXP,1.0333903
195.4307116384712,29.04471501753117,0.02376909641053368,9.298128646863119e-06,0,0,0,DUP,0
195.1888708846068,25.70700712536614,0.07591701478998576,1.257086892160515e-05,15.858577,26.098103,35.607117,SER,2.390858
194.2881835922267,27.02949637182145,0.02284472426012085,1.602608357774687e-05,19.643492,31.544714,41.88512,SER,3.1038709
194.893210556565,26.92329657170166,0.06455879806099486,1.132668953063832e-05,0.9991175,1.1786015,1.5945657,EXP,0.69034535
194.4915780113575,27.35079861269207,0.02895084564129959,1.395284547315245e-05,31.467903,59.715015,89.2513,SER,1.6324145
197.3823487980179,26.41543896940686,0.06717999130991792,9.050666096415528e-06,12.889459,19.51683,25.909498,SER,2.2738612
194.2967543567405,28.99220787131009,0.06457990860157223,1.045381648549314e-05,0.5666635,0.5767072,0.93398166,REX,0.5167232
194.6910210364188,24.00391710189606,0.07411163367409065,4.915718997001755e-06,92.66824,191.90164,336.9617,REX,2.597455
194.0461471122217,28.16466156880625,0.02954217030441659,5.733562919976582e-06,0,0,0,,0
194.9018408326766,27.95985679831841,0.02398954967957095,3.7440332972495e-05,0,0,0,,0
194.3717041889651,27.60861921211939,0.02900191352644627,5.322866299785685e-05,9.34295,17.41568,25.836678,SER,1.3892349
195.124762085632,27.77027169139785,0.02798638214666718,4.935094881149388e-05,50.68746,98.11027,153.07713,SER,3.3794835
195.6433029966261,27.43494321419742,0.01784399427809898,5.653962215653976e-05,13.884351,22.398052,29.529663,EXP,2.2897558
195.4000858896402,28.15105591102182,0.019403533960621,5.310580763138255e-05,25.575668,46.802143,70.13136,SER,1.4716741
196.5136899480167,27.65489597017807,0.07845223295560258,9.012333407671828e-06,0.6413964,0.7425864,1.1530181,REX,0.4126036
194.2984059967723,25.5235098505388,0.07727746264418299,1.903404956323973e-06,19.89894,25.815138,28.761414,SER,1.4005634
195.4378133592455,25.23939589440046,0.02237489492637422,1.470045323284879e-05,2.5230098,2.9996948,3.8738778,EXP,2.052433
194.4445721922352,28.05189414685838,0.02192473371257393,8.519841188832766e-05,4.2044387,7.580102,10.572917,REX,0.87018406
194.834268568608,28.19791969456547,0.03157500500789823,1.399653326700329e-05,319.53848,667.32983,1142.5032,SER,5.133354
194.735194906994,29.26691937030763,0.0613205430109212,4.891235019386542e-06,6.2299895,9.74374,13.464965,SER,1.3893431
193.6449134730758,25.29703229593441,0.07487401598327983,1.151097791215142e-05,0.29757822,0.2929467,0.35960022,PSF,0
194.5910232835276,27.96779040247541,0.02004023034086697,1.391032647132776e-05,0,0,0,DUP,0
197.8550404929676,26.01006576949243,0.07079453397592328,7.675202812076603e-06,16.935392,23.766676,29.986937,SER,3.861256
194.6947794692995,32.19211786818833,0.05222391245992965,1.287840793482814e-05,706.1994,1616.6982,2974.3716,SER,4.983258
194.2404479499551,24.70244742716388,-4.512084173480683e-05,5.685748654632386e-06,4.728479,8.082919,31.224703,PSF,0
194.8458092889795,27.91164617015907,0.02288799644830562,1.355820891393088e-05,0,0,0,,0
198.2173933875431,27.16521756899654,-0.0005681055791753871,3.708860485802665e-05,1.7810192,2.2698305,2.3091006,PSF,0
194.9749306181857,24.6200056422129,0.06627476319473177,3.194210522307013e-06,15.617455,20.107605,23.393024,EXP,0.85598785
197.1414718333832,26.57246233219234,0.07281442916349909,7.09858658283484e-06,10.00206,14.787272,19.154171,REX,0.92093486
194.2911494404159,28.31152558242083,0.02622326096192749,3.672898493365503e-05,12.849336,23.95124,35.51789,SER,3.2158532
198.5011332477941,31.86160591850975,0.04667782885481374,4.385610161582238e-06,1.2982306,1.5463448,2.0213258,REX,0.4093747
194.5910188401451,24.09007527962179,0.07560071153731275,9.451321945004303e-06,22.315086,29.48858,33.97218,SER,4.1048274
194.7084952494408,24.3794443874715,0.07633964712645391,4.780594986599727e-06,79.34109,115.54275,157.2489,SER,3.3969498
193.5411558050894,26.43511233606786,0.02143877240760272,1.104483431208894e-06,50.37812,71.0315,88.40949,SER,2.756128
196.1130121136066,23.57746841177069,0.03168785307842552,4.771859628929303e-05,0,0,0,,0
196.4804409816189,24.71434727322658,0.04473615316283217,6.794370927633217e-06,6.055595,8.608782,11.14616,REX,0.883709
193.6258524983547,28.11086526241602,0.02341796499318566,8.240177183229549e-05,13.4496355,23.047361,32.91956,EXP,3.064607
193.8298320307813,28.15926058634999,0.02044167740453251,3.574758464667468e-05,9.011945,17.174051,26.41102,REX,1.189926
195.5181168744432,27.69956680973014,0.02338366022680061,2.678288439567297e-05,82.93014,157.29768,252.33932,SER,3.6269603
196.2835731596083,27.52669415475778,0.07820131025092421,7.375336699241323e-06,7.0143085,8.24324,8.905397,SER,3.1301098
195.1272847021245,28.95186958977154,0.02299242353226837,1.322652258020044e-05,0,0,0,,0
195.0056915135335,23.42126222018868,0.07392025337645669,1.05875930900863e-05,57.90188,135.56209,247.78897,SER,0.98730755
195.1408905772952,23.77555413776989,0.0743564086540566,9.233871137356103e-06,60.220722,131.63914,263.98956,SER,6.4313583
194.5452495160314,25.23183421163703,0.07699095462071781,4.187720828948388e-06,10.996102,20.683264,32.83807,SER,1.3582203
193.1983721626877,27.46843750724673,0.02507900446359282,3.315713536238906e-05,15.200355,28.854868,43.60859,REX,1.583738
195.0195642633515,27.98345924962099,0.02131435301316796,7.202405849360511e-05,0,0,0,,0
194.9493530752654,29.22648964667004,0.002507414784000324,7.269734837641594e-05,24.384933,35.353176,43.79028,SER,2.9260888
194.2439787307319,32.12139593947605,0.07671830288519392,5.447618680388971e-06,5.444151,8.899386,12.272433,EXP,0.8198663
195.350370123535,32.1993008718121,0.0674380206281239,3.953538218051668e-06,52.74132,77.59565,100.78376,SER,3.6205904
193.1139602008168,24.39509455121711,0.0707960067560262,6.166335550477903e-06,17.03687,25.033777,32.11737,SER,4.3628173
194.5280423570449,23.90195351883576,0.037557159365211,1.951412108808762e-06,13.429255,15.233731,16.20757,SER,0.95220095
195.0333082750944,23.99403313353698,0.07457227756824834,1.493604905017735e-05,3.212,3.9890015,5.2624044,EXP,2.476196
195.596794079145,24.92126162576479,0.06564644602718045,8.784060325654966e-06,6.815428,10.067087,12.70727,SER,2.4696
193.2335642841783,27.84016738476405,0.02140919223023835,5.517026359976519e-05,44.00025,85.14672,132.52412,SER,4.652172
194.3440792002204,27.75080129756132,0.02145975046667575,4.635283885435014e-05,19.387589,36.542618,58.546574,REX,2.7695522
195.1563762358265,28.06012768724026,0.02537465464081301,2.924985342755341e-05,0,0,0,,0
194.9874405546688,29.24587974047873,0.0616563280613612,2.276058586045175e-05,1.0084385,1.1692281,1.6303684,EXP,1.0169659
194.7077605811003,24.3783446320822,0.07665266440672791,5.174737779569852e-06,0,0,0,,0
195.1124759550889,24.33270514236227,0.07549259267716876,8.723882191994775e-06,3.6285636,5.521956,7.543792,EXP,1.3506515
196.2311677598037,25.12166386599666,0.07402416892235697,2.889304284378456e-06,10.96322,15.95128,20.31209,SER,0.9593133
193.8985163737918,25.92063977010389,-2.654951223767427e-05,3.632056862213525e-06,0.4435316,0.5588872,0.88813883,REX,0.24442907
194.1532692239043,27.21334815646798,0.02531479686770278,3.838777327343373e-05,34.52834,65.41599,98.37184,REX,3.404076
195.0892336287345,26.90458355585833,0.03972502910700158,2.214631976844319e-05,0,0,0,,0
194.7209813301536,27.88598981693089,0.02185443847234265,5.198498162644682e-05,28.564259,57.936604,96.75119,REX,1.9539807
194.3544277507161,28.49589362430841,0.02387625372727417,7.33555501250926e-05,136.61696,254.61717,388.7381,SER,8.8448
194.6160064542773,28.97417056497044,0.02384010649529584,6.272747365632328e-06,470.55112,972.9188,1665.0564,SER,3.4578867
195.4962303526668,29.05517917589181,0.02423121382714171,1.091539656797958e-05,29.651846,46.326054,60.363895,SER,3.4124517
197.6100895696485,31.9895792695874,0.06077621982950295,2.596913333842401e-05,64.33662,134.71162,228.1435,SER,0.8682869
195.1353679947235,25.64439227287567,0.04526651817530265,2.289897734561526e-06,104.03544,182.92168,278.4091,SER,2.3777165
193.2232556058142,28.37124109279084,0.02358051876318454,4.875098159541608e-06,1997.5319,4256.5776,8089.9097,SER,12.725184
194.2700742699664,26.30250225281068,0.0217765515514534,3.62880916216172e-05,72.6787,120.28843,167.57594,SER,3.883347
195.5927419325965,28.13533505669965,0.02014366459564449,3.676823331766013e-05,15.884488,30.134712,46.93241,REX,1.2888261
195.6208796837188,29.54421076520122,0.04790713686942358,1.310763704358458e-05,0.66959214,0.72054124,1.0592031,REX,0.35379562
193.8363483539381,26.79910990281713,0.02260835974877808,7.04169623801013e-06,1.3828475,1.584269,1.8485628,EXP,0.74279386
194.9152558896385,27.95395032634172,0.02685068464196328,1.038280797244464e-05,333.0484,692.43506,1232.3705,SER,4.0232267
195.0942037180816,24.39544364725371,0.07217414343243653,8.443992027247551e-06,12.050441,22.903358,37.11864,EXP,1.5916783
194.7981462813527,28.00926371508508,0.02303763086164904,2.763383422287442e-05,97.07916,200.38908,333.49176,SER,2.8213222
197.6989209750169,26.1839663848642,0.03432790324321201,7.173760948577739e-07,48.732235,62.61985,71.90034,REX,0.7290303
198.0341845309824,26.37344552963912,0.07189745112743524,1.016663144126157e-05,47.664898,72.60717,102.023415,SER,4.0803313
194.355514667202,28.73982236336534,0.0217617322888936,1.478394212753436e-05,51.29671,61.120922,68.91553,SER,2.5102947
195.4807635382667,29.32297365362354,0.02408219527598529,6.572542589882642e-05,12.335034,22.832586,34.376488,REX,3.47575
194.841919024131,31.20389526152395,-0.0004810661803130924,3.545000567188812e-05,12.612736,17.107433,16.211426,PSF,0
196.2509832448537,24.35115013494931,0.03639838789410699,2.784050661023012e-06,15.171625,27.899628,41.94316,REX,0.6231791
196.4804395732845,24.71433258578933,0.04475152569572734,1.113510165929761e-05,6.055595,8.608782,11.14616,REX,0.883709
194.9940396024095,26.67256030012427,0.0002031669025588197,5.793040943619077e-05,1.5706749,1.5416464,0.9953791,PSF,0
196.517938122024,26.3184176978476,0.03640087022943489,2.57193454712579e-06,20.47485,31.139143,39.600044,SER,2.333987
195.0426191228671,27.86385653081249,0.03310553768342419,1.673641356903672e-05,250.17944,461.75357,706.84515,REX,3.495999
196.3037242352217,27.63053355384771,0.03568337230639174,1.429565603032127e-05,188.0459,383.77023,637.229,SER,2.48186
194.8526803489103,31.33936416884168,0.05272548937721139,9.425500113163614e-05,27.010267,53.88458,84.23084,SER,4.0556393
196.5662748321338,31.75371157678133,0.06200676670786681,1.979186829821868e-05,25.252361,37.46279,49.352596,SER,4.9809275
194.8534269035115,24.02115198818747,0.07375823160708635,3.239998937937054e-06,40.541767,71.95733,106.10973,SER,1.0962125
194.0659212438006,25.3618273861789,0.07146708552301152,1.035210755857492e-05,0,0,0,,0
193.9440559359396,27.10117167869201,0.06873074600677244,2.812814753227942e-06,12.220356,18.096416,24.692142,EXP,1.5979416
192.6292056958678,32.07426865186312,0.03646894551741332,9.774793393586448e-06,2.7708294,3.0818572,4.5032754,EXP,2.074713
196.113773385167,27.84463594526796,0.02075181136012885,1.891910690944541e-05,30.238344,55.886448,86.92306,REX,1.3115029
195.6713745708688,29.01751090154636,0.03517424156796464,1.764298566708496e-06,0.47847632,0.4928611,0.61470294,PSF,0
191.8221531361496,26.6084912283066,0.02629108115898306,3.503260955469781e-05,12.499087,24.402533,37.45741,SER,1.9644436
194.2069201309175,27.09390727990576,0.02315434967044395,1.14339459192892e-05,746.6528,1683.2761,3206.583,SER,9.910919
193.6127741687624,23.60147098781737,0.0797873723384453,3.080883671409704e-05,0.6331043,0.60423124,1.0851133,REX,0.48610803
194.6974051075553,24.53164519856909,0.07605106256829147,4.087027335181682e-05,23.443018,49.86088,84.345314,DEV,1.323894
197.4291658385247,24.67129435146518,0.04218486230030908,1.265624346310807e-05,120.47421,259.60577,441.44992,SER,1.7574186
193.346182455062,27.91908929290838,0.02792540616398263,2.218541416547295e-06,40.091137,69.195045,100.16266,SER,4.619318
195.3203998815508,26.20698604715838,-0.000572166364408782,4.484031308003536e-05,0.81873596,1.0484011,1.0710825,PSF,0
198.5427025965216,26.31897219280238,0.07207114733839379,5.644379196589069e-06,31.783522,40.9287,46.949615,SER,3.296518
195.8660691530303,29.45471469055371,0.02346120113893332,8.817754698255434e-05,31.265654,57.68513,82.883484,SER,4.367811
194.9431915300453,31.27616692418281,0.02386682729746736,4.909564031294595e-05,25.601358,48.536495,71.51861,SER,2.1686451
194.8949174804551,24.49730627270348,0.07503220451828786,4.481267962434681e-06,5.8180184,8.804151,11.47018,REX,0.53928745
194.8344857197725,25.30808256362458,0.06462614815867498,1.542610478207808e-06,52.503506,85.94336,121.80291,EXP,2.0348754
194.0080801948142,27.66464607153088,0.02074231397837527,4.522748677562509e-05,62.75699,110.60154,160.7602,SER,4.754732
194.7997254202053,27.99787410737785,0.02352295706225292,5.280001145952719e-05,13.595726,25.837856,38.333225,SER,1.7879978
195.0962482085007,28.20762443505955,0.06583795115780654,1.112651366608836e-06,50.46878,63.331947,69.10151,SER,0.64588416
196.0118254819071,27.84688235543953,0.06697904214352711,7.665987181918073e-06,6.716724,8.908644,10.987334,EXP,0.93248373
196.4403846941258,31.6622968328607,0.06201440506968713,1.168876306379322e-05,108.991234,285.64154,667.0705,DEV,3.746089
194.0695277810944,27.44596210648851,0.02139283181716212,1.132875699241206e-05,550.25073,1158.8729,2017.8861,SER,5.741569
194.0878558324132,27.66006278543704,-0.0004024052878617492,2.98088409518965e-05,126.28966,173.75328,189.24014,PSF,0
195.0555293186591,28.03139701340992,0.07686111555180158,4.685795485625821e-06,8.046752,10.023106,10.902414,SER,1.1943359
194.7512535088558,29.1838359797958,0.06111677599317097,1.702419977877731e-05,195.56152,410.2804,700.11487,SER,2.3891528
195.0495433700876,29.56012670888073,0.02400481377906149,3.775974641573704e-05,75.14519,113.29488,146.16273,SER,8.391049
196.7138420201337,32.02129595825627,0.05272208481772844,1.571524939303064e-05,152.05559,367.0072,735.8318,SER,3.332867
194.7682463107525,23.93012548112042,0.07511424628330131,2.599740004666813e-06,77.44939,106.6342,131.54388,SER,7.893399
194.261050540167,25.48539510880375,0.07782248997656287,1.381076376192199e-06,53.10319,66.56842,75.699005,SER,2.39535
194.6075818239666,27.61757182605911,0.02841577689027306,4.615922839892447e-05,9.707089,19.272602,28.79902,REX,1.8443633
195.3498681595499,27.8881859555763,0.01839827654074949,5.3157244926654e-06,106.92287,137.22513,149.43816,SER,12.576
198.6870217517376,31.31638273428036,0.02897429746889077,9.46234671157595e-06,34.757076,47.95337,59.142735,SER,4.7619786
193.7437073824905,23.33900058381661,0.0742951244311386,6.721266503582861e-06,138.02374,241.76965,374.52835,SER,2.1686656
193.6258899011438,23.50584334437264,0.0799934982289118,1.285323719253073e-05,0.4421414,0.54472697,0.73181653,REX,0.23137654
193.845698801694,28.46680702782509,0.02378890309317731,5.912243923574762e-05,9.873472,17.685913,30.232048,SER,3.5984185
194.677221810168,27.45830728298213,0.0285157198309092,0.0001650085846115731,3.3082347,5.7617545,7.8975124,REX,0.8118149
194.7025131073423,27.69997468347277,0.02348794587126079,7.921390124922716e-05,19.157225,35.946987,54.042248,REX,2.4943676
195.026037079051,28.14723398214273,0.06592844873996674,2.684619610392395e-05,0.4162428,0.50019497,0.6141954,REX,0.33698463
195.4535660021306,28.17194152466022,0.02540850705773757,3.378350101605171e-05,133.89049,262.07095,419.7442,SER,4.6412487
195.5797390508225,32.46883743534506,0.075749128179195,7.294364571504543e-06,0.8665251,1.0625458,1.3383932,REX,0.32122278
193.3819213233594,24.9635295831649,0.07305455615057951,3.621074684517879e-05,7.0481443,11.368628,16.948008,SER,3.0042665
194.5826628674924,23.59380549791283,0.0774140578586545,6.992082719625696e-06,20.156076,34.78078,52.60999,SER,1.8690951
193.5567666998021,27.46530174509679,0.05860277507445506,1.03656661285526e-06,6.538378,8.818195,10.495197,REX,0.5337093
194.4425690937027,27.15705830363614,0.06896270820792663,7.462946563538018e-06,6.962946,10.119244,12.839552,EXP,3.202657
195.8026517327883,28.17248252869722,0.0243037278841,1.148744154537736e-05,196.70934,379.29156,606.98236,SER,6.354429
196.6146119669813,32.27326463055296,0.0662444713932448,5.527846426866105e-05,0.61341774,0.80833757,1.0103297,PSF,0
195.6891023915392,23.89137779939254,0.07447263403785666,2.782277432952235e-05,24.61176,52.444023,90.04444,SER,1.4119421
195.0741875027982,24.57342748003739,0.07483694173399091,3.493526485813916e-06,7.198466,12.776493,19.45361,REX,0.39464056
194.5724795979044,25.7997314877255,0.02991779883683512,7.610009034840702e-06,0.58190626,0.6918778,0.8384199,REX,0.27263352
196.158106000917,25.83527077933213,0.02490169262029058,0.0001067632139727318,30.795647,54.387703,75.70426,SER,4.9616675
194.2117193159331,27.62787036119813,0.02699262021972776,2.859268341348907e-05,75.818634,141.5445,213.03868,REX,2.167894
194.4626789580523,28.46273330524066,0.02037104437217161,6.001633373655881e-05,26.82967,50.36035,73.829895,EXP,3.754906
193.8939215552832,25.83350580595818,-2.224559795950557e-05,3.867324300362667e-06,0.3426619,0.42399094,0.88465446,PSF,0
194.0410431884475,23.58085156331313,0.07427194637177081,8.111288053217969e-06,8.450129,11.797863,15.379046,SER,2.9321747
195.4344958067223,23.91827499929652,0.07321639779045509,1.777866190882112e-06,1.7375914,2.0654616,2.4404757,EXP,0.9426937
194.971150599897,24.47466011627655,0.06889213992953877,4.047024261713157e-06,5.890695,8.038432,9.555109,EXP,1.672522
193.8489061208359,26.41570054107173,0.04511955340974125,2.142559775181702e-06,15.050635,18.776733,20.099186,SER,2.607875
193.8371932870957,27.66916890269794,0.02379967177047167,1.290377217198286e-05,68.9304,137.00548,224.76463,SER,3.047389
194.0254114123926,27.67744177975051,0.01624737503269894,2.016173523294417e-07,44.683926,59.606236,49.148193,PSF,0
196.1699402865306,26.16943307814869,0.07018366523419171,3.453530492975138e-06,140.971,235.67271,348.81882,SER,4.851263
194.365354383716,27.53709643596413,0.02647394559258462,1.96077370532375e-05,27.715446,52.95979,82.582985,SER,1.8249276
194.919748231049,28.14456812749197,0.02558908419180014,4.502324267207892e-05,53.6651,107.872025,173.58325,SER,2.7710361
196.0955968114966,27.79209546270688,0.01748231807102846,4.866406718340166e-05,20.288063,37.23643,57.04356,REX,1.6039832
197.6738523540963,24.84630058096771,0.07172273424208259,8.482546175434242e-06,199.24936,393.92007,675.1123,SER,3.8812437
191.9804621289843,27.22233811646027,0.02662627197068628,3.814547414721135e-06,0,0,0,DUP,0
195.5492445459868,28.17266279012878,0.02976979145831875,2.565615956818651e-06,384.066,530.3482,702.99835,SER,8.755936
195.8853954634893,32.11169179030863,0.07707852158945039,5.225730573292917e-06,52.62159,84.44112,120.522675,SER,2.037075
196.5118291685928,32.30527221974241,0.05089661389362203,4.837148117500124e-06,22.875017,31.293558,39.36842,SER,1.51438
194.3318041729713,23.69765194874721,0.07444594689146612,3.266459894631322e-06,85.84328,158.56721,251.83058,SER,1.7843822
195.71743763267,25.0787866300074,0.07398660042089411,1.839946242712357e-06,10.232951,11.232933,11.030327,DEV,1.7516774
193.486262348953,28.0037873673361,0.06143337459907697,1.149069692169082e-05,4.059736,6.0239334,7.1926665,EXP,1.4961752
194.0056358625995,29.25315606720297,0.06865610903448925,2.265785927909041e-06,5.3091693,8.95706,10.819256,PSF,0
197.0418524500867,25.87341676488945,0.06043196672743418,9.034938441974363e-06,146.15317,350.17407,726.3241,SER,8.157132
194.4764998563899,27.49061360235162,0.01659454122158096,3.610609208981156e-06,570.7913,1110.8685,1891.8102,DEV,18.634462
194.6600734877181,27.54411148820289,0.01994586049116892,8.911459543411252e-06,372.20114,765.0902,1328.1973,SER,3.307405
194.6063883711058,28.12890438617671,0.02736404135162515,2.441564330591324e-06,259.58652,405.2234,565.8062,SER,5.725481
198.3756168928958,27.07691841640828,0.05988862451299466,1.568129696267599e-05,0,0,0,DUP,0
193.2369017221999,25.99929125207018,-0.0002186623160886029,7.86152740410629e-05,1.4787159,1.8522178,1.9914613,PSF,0
193.5616790521088,27.76000620405573,0.02875677645624305,3.712484963643195e-06,49.12095,62.78494,72.252815,SER,5.1625905
193.067047741393,28.33972720329864,-0.0003923006432808734,1.83404258564679e-05,63.396923,89.78435,99.48537,PSF,0
194.5745629857088,27.84708718773686,0.02525797380675763,7.323114273870573e-05,0,0,0,,0
194.689831360458,27.75388607724341,0.02214140752416534,3.66463513360322e-05,85.67168,165.91089,260.4882,SER,4.56752
197.6533623880539,25.99502265936243,0.07248161438272924,3.288386703131606e-06,32.885586,46.703457,57.77728,SER,4.475518
198.6922900489656,26.44959785579795,0.06042373760074089,7.308728636599286e-06,103.18539,167.91185,236.43968,SER,7.105455
194.9158157730126,28.92660086457115,0.02014140745841617,1.959627954002669e-05,0,0,0,DUP,0
194.2402714454998,23.44244222726737,0.07398660884686874,1.440711576110889e-06,7.421551,8.606495,10.04295,SER,1.8736435
193.9893989352213,27.90491725181283,0.0219780797699984,1.814035809457093e-05,246.19588,491.7344,818.4169,SER,5.64021
195.2361691655384,27.28041223930836,0.06746941894342601,7.996504338852522e-06,25.901562,41.81007,56.83388,SER,4.494708
196.2409862580311,28.56449516148037,0.02407829665189808,3.077350027554694e-05,32.95132,60.962715,92.04208,SER,1.7085874
192.0802927608624,26.48493699836871,0.06272026439613117,2.663759302955832e-06,19.168842,31.822666,42.981308,SER,3.7944202
193.4078087590912,27.7842376005217,0.01708496663528275,9.126411760067827e-06,915.5617,1952.6191,3515.9126,SER,5.2200675
194.5376300556454,26.55459327994572,-0.000245482515999495,1.049189869114092e-05,112.65639,160.97667,178.51288,PSF,0
194.9153652731986,27.95428564912272,0.02667342805361854,1.110431855695936e-05,0,0,0,,0
194.3403318200081,28.82657410118129,0.05932866397662154,6.080095169624357e-06,12.006046,18.18369,23.904379,SER,1.2136945
193.2811840334316,28.24299437698707,0.02363548732355315,6.271736230071575e-06,0,0,0,,0
194.4293512390151,26.85239153813093,0.02124385065983835,1.455776131410038e-05,0,0,0,DUP,0
197.3147433331064,26.32870539280663,0.02519975460668098,3.562600687688235e-06,8.415348,11.623276,13.979148,EXP,1.6248953
195.03771738657,27.86771417035968,0.01746922113489088,2.800105333228181e-05,0,0,0,,0
195.7281983646135,23.27864807670432,0.07207893686173725,1.527492735751972e-05,0.87723124,1.1376901,1.8396938,EXP,0.8307749
195.6639688602465,25.38346782177031,0.02417416921650388,9.376423746151886e-07,381.9851,606.1136,838.7225,SER,2.754063
196.0312841810397,25.18881138907134,0.06055980208422372,5.339117533032952e-06,10.983177,19.520546,28.692043,SER,1.347811
193.4807532581589,28.3938596934842,0.02467994291062582,3.850890643944202e-05,139.48553,257.05585,380.75235,SER,13.306696
194.8348329864464,28.12228580111653,0.01509413096492262,5.488562167548285e-05,18.284847,33.99888,49.233265,SER,2.411635
195.3391007725256,28.27130566942222,0.06355262798532565,2.421093144444198e-06,7.488531,11.3888035,15.361443,REX,0.4001968
195.117602299214,28.88980794717629,0.07892295766893831,2.59451402063953e-05,4.7628117,7.2267327,9.179025,REX,2.4761515
194.7518801301393,24.85274716365766,0.0765188996737872,1.05150069141535e-05,26.842518,41.580906,56.763485,EXP,2.7988982
194.8910810128242,24.39526214280833,0.07498361462048789,2.641042668141694e-05,0.9044854,1.028076,1.3621603,EXP,0.69055444
193.6887573181455,28.92504707122327,0.00788458388470544,2.085973017462349e-06,205.94054,295.64752,357.37665,SER,9.637368
194.5420448495144,26.7767009419451,0.0225872050959219,2.66494612703299e-05,33.422997,65.39467,101.54847,SER,2.6532753
194.8749077983604,27.95670676153713,0.02281816175942003,7.339294928729786e-06,0,0,0,DUP,0
195.0688688295752,27.96756053870316,0.01553659336403406,1.346975979372458e-05,0,0,0,DUP,0
195.307843489885,28.43402664194889,0.02550824591888216,5.537188135885928e-05,47.469177,91.8021,144.774,SER,4.3352194
196.4118716809978,31.64241485401969,0.0614618699013435,2.084343244608404e-05,57.52483,124.0797,218.6354,SER,0.87709457
193.6533959388607,26.93486460517153,0.01983617004296219,1.554098766707922e-05,1137.622,2198.9924,3616.9077,SER,16.46119
193.6559337700625,27.69371388920761,0.02854287751000099,6.356559026993461e-05,0,0,0,,0
193.8440681623844,28.46792389867006,0.02345348833404397,8.17431969462667e-06,1065.1229,2049.7415,3338.8535,SER,9.728776
194.542280120962,27.81398537723027,0.06816050467581296,2.56860626097066e-06,38.993065,59.98567,81.673035,SER,1.9851094
195.1587266551821,29.0155416191661,0.02490592620395604,5.899033421500346e-06,0,0,0,,0
194.6817813467701,31.39464783213286,0.05309505450091285,1.304059119950638e-05,17.021103,26.612745,34.849026,SER,3.3357396
195.1646278731985,24.05974965254516,0.05323516367972599,6.303556798033121e-06,0.49231675,0.54470915,0.6906634,REX,0.3402689
195.8344890637438,23.89880919009221,0.07425357881412478,9.407963636068288e-06,15.568054,23.190203,30.762978,EXP,2.2666917
193.7126513799258,27.06860526665787,0.02719928284169933,9.577112273350461e-05,19.211576,36.287243,53.684227,REX,1.7706089
194.908982946656,27.08829453405043,0.0273928552882422,8.83672018270173e-05,30.378698,49.829807,65.15945,SER,5.8587475
194.1222737231039,27.29059697019115,0.02535797595380299,1.686433640646893e-06,11.158957,15.849951,11.084285,EXP,3.5632
194.9221710369289,27.65981645349678,0.02259007206661783,6.816160258026351e-06,463.2173,948.4984,1632.8445,SER,9.478218
194.7117774106804,28.0070087696304,0.0249294386661505,3.880702513258253e-05,53.63763,104.85701,168.19333,SER,2.7215362
195.8619671234417,28.56449489463036,0.01606934605536192,3.271818231870977e-05,0,0,0,,0
195.3273684439265,24.42988563945043,0.03618631596821559,1.256923761511558e-06,14.4622755,16.869753,17.79444,REX,0.68204015
193.6911412917671,28.92601135784884,0.007876870790836665,2.169490968028342e-05,0,0,0,,0
195.4535906436381,23.38787691240345,0.04715099634099246,1.079305727010366e-05,0,0,0,,0
194.7159551006174,23.93488412093165,0.07449773538811047,6.701660765619475e-06,34.22449,64.34458,103.29394,EXP,1.784496
192.9581218827957,26.17871659685787,0.06339188387361239,2.501172176493695e-06,24.657488,38.059162,50.65017,EXP,2.1275826
195.0164753524896,26.90502750263797,0.02050649541583642,3.11821059851698e-05,0,0,0,,0
195.1118972832168,27.51561050232624,0.02598630442436815,1.944877122556542e-05,0,0,0,DUP,0
196.0800888653354,31.87733253282769,0.02334709313167901,1.604274320589352e-05,3.0387576,3.3521128,3.5389905,EXP,1.2881203
195.3405302041185,28.06529163457897,0.02544372516976871,7.586933868543545e-05,9.778027,20.048923,32.33141,REX,1.6986523
197.9598683136855,26.96501758709645,0.02046602583199674,2.62117943004497e-05,37.278557,62.362534,86.22968,SER,4.8024464
194.11204371962,29.42428763553028,0.001391656490080517,3.61132969783481e-05,0.77756214,0.8483048,1.257835,EXP,0.72732204
195.077396573686,31.82850468418427,0.06792817983959308,7.163791838327832e-06,7.5628147,10.663119,13.547624,REX,0.40102422
195.0079697089692,24.36906459062584,0.07524552571124155,6.823346624205829e-06,121.32101,210.78912,324.97214,SER,4.171643
195.0107129776566,24.58172928502084,0.07900972520687913,3.593725697830138e-06,41.150017,68.2277,101.75263,SER,1.204692
195.0062204068936,27.73125924376266,0.02687943046105077,3.721495571703365e-05,224.12927,419.10153,657.1776,SER,9.0514965
194.8930298842306,28.27711511032119,0.02048617187748801,4.322424486069667e-05,28.118149,52.65088,80.58946,SER,3.3576841
193.9370139985967,25.86608739341667,-4.461748779123126e-05,4.285228710328581e-06,0.49522913,0.5299602,1.0420375,REX,0.27683973
194.3328459103526,23.69729808994648,0.07423772353312823,5.389509705075651e-06,1.1446705,1.3925698,2.8358061,EXP,0.82921284
195.535772683222,24.96901060799505,0.06557776970986882,6.002565851920653e-06,50.779396,74.19442,94.50087,SER,5.7189336
196.7547217528117,24.35559063208956,0.0796182784639388,4.395361071056763e-06,16.882883,34.265476,63.75919,SER,1.3545727
193.037418408177,27.4772934528459,0.01953218869463169,1.693664926216733e-05,0,0,0,DUP,0
195.5344424499856,29.4251351387308,0.02398551185572687,3.906652148719033e-06,6.957918,10.462473,12.112695,EXP,2.932955
195.3688237510247,23.23464382003961,0.03139928734655228,1.808243537044375e-05,15.685676,22.477905,27.506363,EXP,3.7253006
195.0694511188142,24.36779182748027,0.072276409065775,2.268710160428093e-05,26.027925,58.14184,104.899734,REX,0.9545333
195.6655044635052,25.38362863512929,0.02424278511686877,5.117343478770604e-05,0,0,0,,0
194.0065073752576,28.03833280161992,0.01972706546108029,2.612697964861189e-05,493.57788,935.29803,1513.0415,DEV,16.581766
193.4777028553557,28.39368062768819,0.02527767407616346,5.158188402385514e-05,0,0,0,,0
196.1221814784946,28.98742996190748,0.02409659717552122,6.78540784887571e-05,46.41365,82.56129,123.10077,SER,3.6893463
193.31201698328,25.16936888321992,0.07316608954718183,1.846279258832893e-06,30.803476,49.556168,69.34275,SER,1.6152823
193.7562984422613,25.05717307838026,-0.004289117519813414,2.205540184929127e-05,0.4235822,0.43618,0.5399909,PSF,0
194.3458010146177,25.49907132169983,-3.654107038848555e-05,6.842658568176559e-05,0.69698036,0.9296923,1.0516511,PSF,0
194.8812175558826,25.37374089742372,0.06461539303643393,2.199484837261488e-05,3.1153069,4.6295586,5.2395625,EXP,2.2030995
195.9825525226464,25.31251493513922,0.06113676688608262,1.614735354951927e-05,4.094708,7.107878,9.870837,SER,1.1197264
194.9754793601389,26.82115508696242,0.02647042190780497,7.61735716773751e-05,0,0,0,,0
195.2404500886519,27.76182493290469,0.07693667195735321,3.862730364232154e-06,32.300343,59.820335,98.574394,SER,1.5360404
194.8957604328525,24.71484648089912,0.07586386319125374,6.778082725752813e-06,27.718504,50.008755,79.92881,SER,2.9975524
196.1172970895576,24.73959448204176,-0.000208644471489039,0.000119395498648192,0.6797187,0.9993708,1.2992336,PSF,0
193.6800657617639,28.94656429154112,0.008924271327665195,4.337782159132156e-06,0,0,0,,0
196.2724874208375,27.59381392882885,0.0205512573962785,3.279838486383113e-05,22.284641,38.68702,54.759636,SER,1.846254
195.5139366838,29.15046986602437,0.02685033625977495,4.526176254787338e-05,76.09129,142.43529,215.67697,SER,5.670175
193.6887107686849,24.20601274323453,0.03080172414388289,4.476982404214748e-07,167.61377,215.63367,240.59802,SER,1.7134663
193.6528743204938,28.93093987181031,0.00792687977783899,1.116146787197948e-06,7.5901914,9.457419,5.211394,EXP,1.0950065
194.3242038446492,27.81090173144724,0.02385309159882922,1.603461230896135e-05,405.39572,673.53973,978.9071,SER,4.1679306
195.0463825706717,28.06525997051846,0.02448054568288308,3.21090247750738e-05,71.59434,143.11168,233.66711,SER,2.6951957
195.3117256964575,28.52440449892685,0.02826074924627444,9.838485145196478e-06,0.8617689,1.0656165,1.6864967,REX,1.0698835
196.1626662640758,28.62872799438889,0.05697097380714613,1.415961140144381e-05,513.0025,891.85925,1383.7474,SER,8.657396
194.5611003392032,32.67504083707768,0.02202687518255999,2.197550768921266e-05,0,0,0,,0
195.2151563136669,27.51944702501786,0.047830182104471,1.695051989354679e-05,0.35671195,0.260256,0.38887727,PSF,0
194.7328124121341,28.52906227818937,0.06294594160808668,1.279657629962344e-05,0.8907714,1.0817575,1.4698113,REX,0.6464225
198.2261477035601,26.53475051691111,0.01452303788568524,3.397768651795642e-06,273.33063,422.94467,562.71704,SER,5.8332305
194.709475484761,29.67917272961948,0.05749661621990704,2.359537735614401e-05,59.645317,125.92763,211.94154,SER,2.9852533
194.7699604003387,24.59916505602068,0.072138335103512,1.956950721366517e-05,64.64471,116.3231,181.22472,REX,2.1678646
195.7738893332205,25.47496097250574,0.02424321256147513,2.179377594859076e-06,261.55536,395.30658,505.38757,SER,3.173876
195.4204592170108,28.2490321653418,0.03080872689697409,1.371851142755404e-06,18.130922,18.03033,16.30082,SER,1.322766
196.1411653880043,32.67880710148572,0.07645646433926383,1.705514006829269e-05,97.76794,205.23419,337.68362,SER,1.6921597
196.129018384119,24.14283053117852,0.07377674060435069,1.03490659968526e-05,0.28320894,0.36600637,0.6583952,PSF,0
194.5247676700112,25.16018088106707,0.0762576741048795,1.486979766072144e-05,14.275765,18.40738,21.03971,SER,3.5845718
197.7413647223857,24.79109780372232,0.06886509948413605,1.406405795612594e-05,9.665317,14.746224,19.04055,EXP,2.4378562
193.6556169515729,26.39178288605589,0.06878502906310996,8.683818485477756e-06,32.050793,69.45047,121.44657,SER,1.2459235
194.1580688002773,27.47485054119851,0.02321569558525978,5.66445812797328e-05,26.418062,49.55631,75.652306,REX,2.943358
194.4809706400537,24.93003578975666,0.07208379516342915,5.02816083871516e-06,5.395203,7.914609,9.914391,EXP,1.5564669
196.0480765455789,25.00825413603176,0.07953557070237628,3.1116002679649e-05,50.09543,94.20086,148.89253,EXP,3.8216398
195.0754184952502,27.38869471906911,0.03700464811924207,2.38727561348085e-06,0,0,0,,0
195.1781881579149,27.97127210317804,0.02128840039889434,5.167474062740612e-06,1453.0714,3132.5283,5774.098,SER,7.370305
195.4912426550364,23.94781078183031,0.07341838069038363,1.668063536100868e-05,139.75688,322.24194,589.24054,SER,2.620092
194.6344155854877,26.24365064017308,0.0691632444651334,1.32543946935027e-05,364.80634,818.9269,1481.28,SER,5.607326
195.5632144011187,26.01185081120288,0.06971112332521653,5.826443492869574e-06,124.70706,247.28438,422.50214,SER,3.8136077
194.7359976319624,27.82202448280087,0.02905521002223598,5.095746338333321e-06,126.772766,235.5091,365.92685,SER,3.0176504
195.3588377853432,27.88605351070359,0.01828899973959743,1.498269695370662e-05,0,0,0,DUP,0
193.6588122340861,23.58425867232742,0.07980824593294156,3.344140746612368e-06,19.82294,29.946976,38.76811,SER,1.9819119
195.7588910082532,24.66104599064398,0.06153511844372072,4.40910889144339e-06,51.06834,75.03414,95.60346,SER,3.8153665
193.3688256715114,27.93942207408299,0.0220302367614989,8.31677760971935e-05,9.380654,16.76883,23.085426,REX,2.1171818
194.1497324569953,27.71885639394763,0.02241613074741527,2.749579883401856e-05,127.05546,248.11266,396.22253,SER,4.69422
196.0183383405607,29.03534726596722,0.06217436374809471,3.401874129597481e-06,23.766655,41.395462,62.567986,SER,2.0680583
196.0907426130359,23.80793341426692,0.07319764198222674,9.876609405790648e-06,30.715359,51.116444,73.306885,EXP,2.5517864
194.6264265845658,28.28910874133301,0.02552848476021003,7.853363684979584e-05,10.648145,18.69417,26.414963,SER,1.42386
195.1282449735371,28.34639204070366,0.01995253193871813,8.682020712762237e-06,2017.555,4264.8784,7526.6543,SER,11.98799
197.9391200405321,25.64617706879376,0.04483923754941543,1.976230582069788e-06,18.572443,26.082108,31.711334,REX,0.66440237
195.1709604983895,29.02308861386836,0.02368263883931282,8.341426861619712e-06,0,0,0,,0
195.1694863454129,31.45349529760816,0.05261430323883087,0.0001065294057089772,8.821594,16.944347,25.936954,SER,1.6623051
192.8626762336379,28.49548768617058,2.988080509084425e-05,3.377144059437891e-05,58.298428,74.815445,79.31082,PSF,0
194.7471559695022,26.83046711612341,0.0780637591268513,5.379910870759715e-06,32.809933,51.423985,69.52611,SER,1.5552794
194.6734633189282,28.18542072087818,0.02677826234084374,4.614496491340335e-05,90.35937,175.8152,281.8559,SER,5.283432
195.0311763373704,27.95809563680947,0.02083492194245354,5.501781300163053e-05,85.991516,166.65494,262.7455,SER,5.873335
195.0583715780676,28.82818340666908,0.02452853582997783,1.231724487597349e-05,0,0,0,DUP,0
194.7830696209476,32.65606978986271,-0.0007711987702878041,2.793166608842204e-05,22.675684,35.09342,41.075394,PSF,0
193.9479014389028,25.60418015058066,0.06925170469565561,5.332012876204278e-06,22.136467,34.35421,46.76647,SER,1.5676229
193.3777436109265,27.48409954217008,0.06795352990242343,1.267506758417662e-05,0.8774304,1.0801184,1.3510164,REX,0.28870982
194.9764418797514,26.8199186750483,0.02673566706515229,4.066417742267251e-06,309.1171,523.78564,754.6298,SER,4.597225
195.6480156074713,28.74520678491873,0.02041997255031402,1.274963980697727e-05,191.02106,363.00772,589.31604,SER,6.0577426
195.0446755312803,29.4664600042842,0.02293367621957414,2.91129722363968e-05,52.777504,94.58898,134.1865,SER,3.3253303
195.5161014444695,25.41758084832869,0.06652947452415683,2.320288851968535e-05,22.312271,49.74376,89.156876,DEV,0.75245744
195.8261474951573,25.45919206114415,0.07428445235648026,2.626125210523792e-05,21.376581,43.460503,71.21249,EXP,1.6235217
193.3024908164024,28.00398060869711,0.02016811735512838,2.330568290984834e-05,50.01982,94.94333,143.25072,SER,4.108682
196.2852604748332,27.51282460826943,0.02392626104468612,2.112959991030191e-05,302.4139,573.99786,923.28296,SER,8.42471
195.8751178022542,28.274662141599,0.02140556486052799,2.691485209868454e-05,134.78676,258.36902,415.08466,SER,4.6328745
194.9493095139858,31.25573230421369,0.0543263227376924,2.147734416082001e-06,2.9107985,2.9646063,2.1305401,EXP,1.0202754
194.7738521772625,23.52044362141842,0.06317663041089547,5.959108063679555e-06,4.5893445,5.363196,5.955401,SER,2.966863
193.8769479951978,32.45396843167402,0.06619828144309671,1.268855001244291e-05,8.289022,17.438868,32.606857,SER,2.3998003
196.5414589105103,26.73232473443554,0.0450157218847775,2.410804324624532e-05,102.59333,174.92993,266.5473,SER,5.0357203
194.8637688498958,27.78508739944315,0.02197905419861256,3.160113477096315e-05,113.06264,223.84367,362.16858,SER,4.860653
194.6290398623868,28.23364449935972,0.02435704966105391,3.01554837661364e-05,167.77145,329.08688,537.1435,SER,5.7773185
194.4338676144851,29.00249108609685,0.02293208997149408,1.517110239811376e-05,0,0,0,,0
194.9472112310254,31.33343277418042,0.05570625262020059,1.258505688984523e-05,104.68576,245.17102,516.47375,SER,7.4940367
193.0302321505178,27.29976625503307,0.02060395998025353,8.369108791969473e-05,8.988718,16.600946,24.125826,SER,3.5365503
193.8351253210408,26.79984010770855,0.02279243973315267,1.546612203846222e-06,85.73517,136.7418,194.25455,SER,4.849439
194.5223603085292,26.63816398516145,0.07929771985713352,1.20678477780823e-05,67.19872,145.53596,249.35501,SER,2.218593
194.1314341120651,28.85210581453435,0.06763555073565744,9.953895513265878e-06,0.40116933,0.4341743,0.7742702,PSF,0
195.2844795164683,23.92224108687354,0.07506348074376684,1.459206970582038e-05,11.432797,16.404945,20.624317,EXP,2.4076715
194.4170747261873,25.87903817866937,0.06104082779062422,9.534508370140586e-06,334.26926,705.22974,1292.5437,SER,10.267013
194.700450564095,27.51566754168934,0.01610564489496541,9.327995362062506e-05,3.6529355,5.753836,7.008518,EXP,1.4046178
194.4990300228255,27.70941361647729,0.02186486633103706,5.713596602490571e-05,21.855217,39.9902,59.518795,SER,4.8860016
195.1403839038082,27.63772815381098,0.0249832463287759,9.376237946809648e-07,688.14185,959.00116,1216.3698,SER,8.282018
195.967552132458,28.18603710515563,0.0239104123058242,0.0001271771777237998,0,0,0,,0
200.2785704916677,26.79149341859832,0.0736481282538241,1.855872665738276e-05,0,0,0,DUP,0
197.0293968704123,31.27929834764701,0.02753858154096949,2.469805379335249e-06,13.1523905,17.133509,19.803188,SER,1.3228092
195.309117687331,32.65726971973886,0.06393761173725764,1.122262877286117e-05,6.2123218,12.999979,21.625301,SER,0.8707477
196.1112874358594,24.9564072827058,0.07103855161738874,2.437774575949781e-06,32.38486,46.508614,59.017227,REX,1.1708566
194.1221948410282,27.29274059223743,0.02541764647921129,2.883033293148574e-06,0,0,0,,0
194.1602722250009,28.08013952389046,0.02684609891482682,5.281025302989716e-05,0,0,0,,0
195.5464073705832,28.4566031124526,0.02058749920284505,2.494355479866524e-05,88.32485,169.96834,275.90945,REX,3.789421
196.1042551408118,32.54819546361305,0.02298640636738167,7.527865203873314e-06,137.00533,208.39204,270.46872,SER,7.1578526
195.3615133680682,23.97613857702134,0.07546525555654623,1.551541381477599e-05,0.32652962,0.37212658,0.44907296,REX,0.25263304
193.8429701306643,25.90422344887374,-5.505703758262541e-05,3.573770927400697e-06,0.17303424,1.4604515,7.811998,DEV,1.1300274
195.2535677867095,27.02537783798197,0.07819094267971088,2.025606488265912e-05,188.63159,437.8988,875.4736,SER,5.960124
194.7870978038711,27.25280582984629,0.03638098477881668,8.017556516834966e-06,0.6497534,0.7639192,0.91479546,REX,0.4670313
194.1095926581255,27.72728733587584,0.0228263541141821,1.935593063754237e-05,0,0,0,DUP,0
194.1629823001617,27.734961785525,0.02222198501039433,5.100981457447136e-05,34.789837,62.47358,93.77629,SER,3.9554493
195.771151922253,28.51763497049208,-0.0006656640691921521,5.519363487671731e-05,0.6106679,0.7677013,1.1487421,PSF,0
194.8417972798153,31.36697908861833,0.05239871228558213,9.416876724980333e-06,44.960415,92.844536,154.29805,SER,2.788775
196.3367124787521,24.77396172769622,0.074176070262625,3.652707829001673e-06,31.90447,62.99344,110.034164,SER,1.9800291
192.9364459841106,27.93355307133768,0.0001031553732307893,1.723133332477825e-05,71.10752,99.567406,109.004875,PSF,0
195.3089888379502,27.67110068492053,0.03302677439535665,5.059606456756103e-05,0,0,0,,0
194.9042148719146,28.01860009622784,0.0241343570806549,3.579570811112137e-05,41.95168,84.32909,138.40504,SER,1.5490485
195.0104143186104,28.8782380670631,0.0230494565953307,2.30216609505827e-06,18.553593,26.681778,32.65232,SER,1.8912354
193.6987291290632,25.25649997979842,0.07724532257314458,1.62060917560206e-05,91.1696,183.91942,312.99026,SER,2.5412924
194.4294721542093,27.60788045785483,0.06849807865438483,9.393671321334161e-06,76.25487,182.6196,367.87387,SER,3.5200634
194.8215021373753,27.63417119902287,0.01764873980002343,5.942654164359271e-05,32.332928,61.180363,95.06214,SER,3.1124399
194.5463298371242,27.86026987819741,0.02339725669369943,2.002887614419812e-05,45.603035,92.16022,157.97646,REX,1.3807342
195.0651992167151,27.25665275365038,0.02389795496257153,4.686185173666178e-05,49.2047,90.59057,135.8524,SER,4.307892
195.2362429221553,27.79303190485182,0.02665496724247141,3.760177830861082e-06,94.764534,112.29409,112.12324,SER,4.611844
194.52342860063,28.25122492926965,0.06364251805794792,8.784585862158726e-06,42.267532,58.522823,73.389,SER,4.748651
194.8958727741567,27.86305752488639,0.02100928062874802,7.772251468183318e-05,0,0,0,,0
197.7041979675398,26.2742594660765,0.07169751815061322,1.678131817673373e-05,508.1818,995.4147,1708.021,SER,9.745956
195.3716114400946,28.5160574919434,0.06853639197929703,9.005766715573503e-06,76.329285,167.21652,304.49167,SER,3.2703018
195.0381425296412,23.58485820010074,0.07373020408509606,4.300159088794158e-06,19.168472,35.368977,55.514385,SER,1.1054986
195.0103420842072,24.51412759759806,0.06970573482767378,6.904610071770354e-06,0,0,0,,0
194.4595259124333,25.3549063547702,0.07725649330236774,2.739678212480904e-05,43.020897,94.11226,161.42775,SER,1.7533631
195.5628382499813,25.43855437412492,0.07069919004805167,2.395995193467542e-05,42.094257,93.66525,165.99152,SER,1.5896723
196.9022275737819,26.37204886581964,0.04440690250682662,1.758750655409262e-06,49.20339,71.6311,92.52877,SER,2.198255
194.8505195881201,28.34721557773002,0.06765709944028148,5.886013475421364e-06,147.08832,308.43423,580.2443,SER,3.9835322
196.0536992067018,28.19358504581457,0.02144610343833504,7.146272886006778e-06,893.4193,1784.5027,3028.3833,SER,2.8287601
194.7880155228352,23.08658692285806,0.07481847285265553,1.98790181513153e-05,230.03523,528.50195,964.2296,SER,4.5485144
195.7423074448311,25.66398119600482,0.07325266297616191,1.032967821161689e-05,15.657676,24.623928,33.759842,SER,2.3485837
198.0395977453666,24.54567046253083,0.07397020177505163,9.266389401773036e-06,15.383019,25.01202,35.62177,EXP,2.6477258
194.9993267663847,28.146628257903,0.02520906491903763,7.285089079549261e-05,5.6684566,8.665225,10.957961,EXP,2.343487
191.5135066604462,28.05038304761439,0.06142206256782198,1.680118153354137e-05,18.234818,36.85367,59.89718,SER,0.8088592
194.8576259907794,28.18698451835414,0.02577503361974371,1.986752460167272e-05,152.82669,311.4916,521.00946,SER,2.9117267
194.9906489474836,28.24666203978935,0.02241604851625228,8.617376214550287e-06,2616.2312,5591.3516,10117.449,SER,11.787121
195.0873168892975,29.33713289332946,0.0567628130136957,3.332016630326618e-06,11.234646,13.79967,14.661502,SER,1.680583
193.1721146016604,24.6710043557068,0.0701312188920979,6.414042491944755e-05,0.75103915,0.94268423,1.340183,EXP,0.7106778
194.3911850558395,28.48223080610799,0.02090294540187309,1.155097359973288e-05,0,0,0,DUP,0
196.3395132847788,28.32872247036677,0.02684614885780652,0.0001102091640111283,3.445694,5.818985,8.19754,EXP,1.102392
195.2690501515342,28.91490966081331,0.04884423314833731,2.506491150332208e-05,1.9337689,4.8907113,9.741331,PSF,0
194.3264914944316,24.85011853997069,0.07929085714718008,6.576658800101285e-06,14.715774,23.682978,32.84187,SER,1.4775021
195.0679330823988,27.98409324704793,0.02216951259321138,6.061675797795947e-05,5.987205,11.678061,16.864847,REX,1.5975691
195.6203744826848,28.99463304330307,0.02315613487613664,1.611841046116443e-05,0.5391741,0.44833994,0.61027604,REX,0.34454915
192.9989878487859,27.11532512063875,0.0188783010945508,9.49074778174765e-05,42.989975,78.06141,112.285805,SER,6.59991
193.1937332202474,28.35139042726951,-0.0003725991928829347,7.446008331101961e-05,21.816147,28.96173,29.667349,PSF,0
193.6700774042713,28.93755183338282,0.00827270804239493,1.688822413779953e-06,0,0,0,,0
193.6832421300483,29.08412228527663,0.06781748952791293,1.453181995838162e-05,1.265313,1.5147723,2.115751,REX,0.7973879
194.7323714243764,28.35376785750309,0.02111608143827993,5.878596539454044e-05,33.423542,63.790234,99.82416,SER,4.14697
195.0269349334492,29.46120345089718,0.02215330641148105,3.224548036744025e-05,6.899979,13.832801,23.017727,SER,1.2104656
193.5322673426349,25.69213512351575,0.06299096918943882,3.593291398055313e-06,0.58022755,0.6036263,0.7167717,REX,0.2045158
193.8504623776788,25.86947143619007,-6.35992285111305e-06,2.273379817842966e-06,0.46051624,0.7842153,1.7322159,REX,0.4781608
193.2152492551431,27.60856854780017,0.02145810604530373,4.373825934947146e-05,20.214382,36.96479,54.469177,SER,2.7064655
194.7796767186254,28.35085823414851,0.05784994591313869,9.960997210770105e-06,11.126498,16.774265,21.552269,EXP,1.7697723
194.9340363250966,28.01307641649499,0.02399641443409727,0.0001274564470801274,19.569784,37.920822,58.139935,SER,2.0181394
194.1926829227755,23.29543291292143,-0.000365414611480661,5.317103034010198e-05,1.0193642,1.7225024,2.1432145,PSF,0
196.3484933758712,24.92395528113219,0.0601167867049448,1.475105190259163e-06,11.252931,12.737129,13.203524,DEV,0.825484
189.9312566247891,28.19678435048649,0.03110511332243103,1.28380072888107e-05,0,0,0,DUP,0
191.214216928672,26.59452798940681,0.04567355185424727,6.777753418378381e-06,294.25757,587.32263,967.8938,SER,3.5132203
193.6338565361807,27.63380204495379,0.02491629713863537,4.704566168936328e-05,0,0,0,,0
193.2197055653658,28.36643438541928,0.0244758909369962,1.860982717733217e-06,0,0,0,,0
194.9587601541728,27.92485778802039,0.03277544907738122,1.759304388004252e-05,189.21289,406.7778,700.9097,SER,3.2928286
197.519799066425,25.50748044841054,0.07252546770188144,1.568218018020553e-05,0,0,0,DUP,0
195.0153262480708,24.97656954487072,0.06776324795267308,1.559968139412301e-05,16.906742,26.787258,36.389656,EXP,2.279511
191.7292357447855,26.67452118346584,0.04576783733583342,1.097271526414554e-05,14.239262,21.826128,28.715014,SER,3.5036607
193.3859976007658,27.8365498860921,0.01660222066566338,6.859217544228934e-05,5.197954,6.736913,8.252182,EXP,1.8082814
195.3485072465037,26.30406194825229,0.07779886025042711,2.379831049583229e-05,38.184914,85.4138,146.82751,SER,1.0785145
194.4312818594694,27.26435457626347,0.03886040803140679,1.124189513747409e-05,3.4320688,5.147022,6.0311623,EXP,1.3687145
194.4407903121714,27.39491412712896,0.06783195910298787,2.669102044864508e-06,6.882194,9.269029,11.154153,REX,0.42083162
194.4833209399799,27.34348660340961,0.02506580087169469,6.310710937886524e-05,3.0972035,4.702486,6.4392715,EXP,1.246213
194.5923479441319,28.15211470454114,0.02233742654109826,1.614691697243975e-05,526.5519,1088.85,1884.5631,SER,7.9645715
196.5003989339186,28.13220086688609,0.02379077302302103,4.675809448734904e-05,14.289172,26.109842,39.837334,REX,2.214418
194.4335299043313,28.74833743640356,0.06788550054029775,3.12886761096816e-05,21.37779,43.11416,69.26011,DEV,2.297645
193.3477652658815,27.51307215556367,0.02379271742563104,6.418398055437849e-05,46.896503,87.81816,135.22757,SER,4.6257677
193.8417703310469,28.48696330786593,0.05964336628979568,2.864322740756476e-05,0.40409395,0.440095,0.77671254,REX,0.23138654
194.2133379879942,26.90170926395166,0.02104447050593328,6.143385937048259e-05,0,0,0,,0
194.6147344987633,26.59700871976681,0.0270117842513459,2.057604351003267e-05,5.604567,8.226254,9.864057,EXP,0.8021844
194.7720510129873,27.64433563057423,0.01813381332674819,9.70256990346646e-07,1276.3853,1909.4808,2621.0884,SER,8.857388
195.5589616266027,28.50716466248628,0.02272345602524314,6.138179091084837e-05,54.57569,104.325386,162.62592,SER,8.243034
193.9385451851621,25.88447285935747,-5.087345529886999e-05,4.420447337110502e-06,0.4894893,0.557692,0.77963483,PSF,0
193.0674137739742,27.53317101230921,0.0184284438903616,1.735661945187487e-06,709.5946,996.76764,1270.2279,SER,11.684219
193.9845534425641,27.60981774069237,0.02275864855359276,2.50976589166342e-05,139.55232,269.42798,426.30753,SER,8.869937
193.5523242829388,24.48074772210022,0.07017575643797791,9.738801126174538e-06,12.560228,18.284992,23.312443,EXP,3.169151
195.8991111852652,25.24350453546676,0.07381291197088428,7.817576431052023e-06,15.618531,23.93396,32.363266,EXP,2.468345
194.0973373050341,27.23352631591197,0.02018828272713662,5.859704984658685e-05,0,0,0,,0
194.4011163781088,28.23337020056353,0.02284039528551273,4.478786949084813e-05,117.59791,223.87212,352.816,SER,8.450369
194.731199125843,27.88749254419357,0.0263241339952586,7.590139410113942e-05,17.511997,27.764975,35.718235,SER,2.1888838
194.5987832999515,28.3289111051567,0.027300147844888,1.341041960718669e-05,92.623886,187.62517,319.31592,REX,1.964737
194.5132488606191,26.91597929504332,0.0273635331107803,1.329453896927925e-05,0,0,0,DUP,0
194.5508606819725,27.57961850115937,0.06909422457828636,8.62879537948512e-05,7.8641996,15.427202,24.075197,SER,0.94674605
194.9524643603103,27.98279306918407,0.01786865143609533,7.001114900659571e-05,39.904648,71.24645,99.20262,REX,3.0537198
194.1354483766949,25.50669948085851,0.05964756522792684,1.02991736034699e-05,24.49229,39.50992,53.255825,REX,2.5559282
196.4345565711881,24.80408586106598,0.02550548537998645,2.488657084970715e-06,13.915074,16.205875,21.921223,DEV,4.6635833
194.3831431315596,28.47694201110566,0.02263383816700616,9.669585101858387e-06,3997.2454,8603.3955,15539.737,SER,11.001992
192.3340893623681,28.20944386814821,0.0608357444210491,2.691231912610043e-06,67.45881,103.94531,144.41505,SER,0.50706035
194.6849438983652,27.79474285371745,0.02059516541175699,6.505684484633366e-05,17.359482,32.648346,48.786964,SER,2.8300796
196.4535539541312,28.10646806678308,0.02450305680804247,1.193653294466149e-05,316.64496,667.08356,1219.462,SER,1.9888599
196.1659818821903,31.47513922323365,0.02347541569654709,2.608048440831094e-06,19.524492,27.376926,33.970592,SER,2.507939
194.8851716882843,25.34010453714408,0.06491648851103693,1.919616222112471e-05,47.54858,116.21846,226.41228,SER,1.8190551
193.8921903322155,25.92815905003068,-2.302924750928773e-05,2.176486821827366e-06,0.59178305,1.0070305,1.4357549,PSF,0
193.9220693822867,27.25077852201239,0.02367590973542883,3.56989961710644e-06,0,0,0,DUP,0
194.1196669735376,29.13559012460986,0.03191319260555348,7.681715975295546e-06,0,0,0,,0
194.9600275213829,29.70021596705755,0.06214937610697261,8.483625853442786e-06,25.88776,41.86853,58.218323,SER,3.2264555
193.7757926166064,25.5049064896405,0.0725965030191666,7.122750104214637e-06,15.997332,21.32474,23.919588,REX,2.1650658
195.1895487690128,23.86905716052584,0.07417393058823732,3.618688614980313e-06,71.56479,113.90114,158.79669,SER,3.1928046
194.2318966316665,24.82304655695745,0.0295047085645555,4.857552283460515e-05,0.2908834,0.35175014,0.47238985,PSF,0
195.0282570375471,24.42846657812667,0.0745773573508208,7.043316762368566e-06,35.61066,74.22555,130.05414,SER,2.3040128
196.3135608397116,24.85878707819441,0.06031406569337787,9.008781218948932e-06,13.366037,18.355558,22.227379,SER,0.8481668
196.6963107425224,26.05425353541631,0.06930632128605622,1.366351645281688e-05,22.875246,35.782494,49.89843,SER,4.0562615
195.1476174132079,27.94276895711972,0.02317967628369561,5.609088091013462e-05,78.96566,151.18561,236.60132,SER,4.945459
197.8449685884837,27.2276272548826,0.03398433853917685,2.788241337810843e-06,13.486886,17.51258,20.188972,EXP,1.8711063
194.6122406318004,29.61248677558267,0.0194971051045353,1.646061047761446e-05,0,0,0,DUP,0
194.9114541685906,23.15319481640482,0.07474741424291294,9.595187062053844e-06,0.37682402,0.33046034,0.5589332,PSF,0
194.7636691669115,24.68425229681378,0.07226537332534025,2.843596988203112e-06,23.787415,36.390762,49.119637,EXP,1.9839993
194.2590385290033,26.6449176233658,0.06107665439845129,9.507795868565641e-06,1.3667693,1.3525687,2.18734,EXP,1.0711894
193.4334231962582,24.58988127208894,0.07042018968037603,1.880912391444289e-06,34.348255,46.182343,55.93618,SER,1.738425
198.7864289825985,25.18045634174289,0.06425345272563938,3.7545049173683e-06,28.069933,41.05875,52.001637,SER,2.2703953
193.7178801484549,29.35414047659716,0.02256918238988336,4.998006971284271e-06,10.286878,13.874759,16.452385,SER,3.1548333
195.2535924253579,27.02721653545154,0.07741868752974919,3.40242445721234e-05,0,0,0,,0
195.4303390729578,28.29783413559277,0.02566945270445702,3.201360372355491e-05,61.790405,119.13218,191.35493,SER,2.4618843
195.4022066923008,27.70794511324857,0.02641676051527555,2.071213424718551e-05,127.55438,243.17966,391.03424,SER,4.4169354
195.9974265655081,23.83892447393921,0.07373834620154007,2.583382426277868e-05,62.196503,142.41559,258.56418,SER,1.2408915
194.5531119811592,25.18955377276469,0.0761046731681679,1.436003604436184e-05,78.19773,180.04434,354.64795,SER,12.639699
193.1854479186724,29.03605537377111,0.06731834912936858,3.215054447803806e-06,49.846268,78.283356,106.94034,SER,2.7943833
194.2601952776556,27.44570779438274,0.02185175432997245,7.02159066080091e-05,17.985008,33.4496,46.15216,SER,4.903836
196.0739007702534,28.00970031246072,0.02357996117814897,2.103958046561092e-06,40.974968,61.38053,79.32889,SER,3.77953
196.0531310359718,28.21928858402327,0.02276130246885458,6.950462797556013e-05,9.677813,16.247133,23.042625,SER,2.601849
192.5955217500746,25.67967718019591,0.07745749933418965,1.644363713164274e-06,134.62646,218.64816,316.03714,SER,4.068286
195.525229484912,23.72175191760408,0.07367463688247002,3.394418151780828e-06,7.362887,9.8733,11.602084,EXP,1.7381675
194.7061116693339,24.6404657425477,0.0714778789356699,9.096901021671474e-06,26.74159,49.067844,76.46669,SER,1.7207978
195.0425916097395,24.69631402901834,0.07894151031243687,3.6305426611904e-05,32.717083,72.39867,127.73124,SER,1.1414773
193.8802120553114,27.18434813731461,0.02318037555684564,2.877751366713662e-05,15.956327,30.87035,47.597984,REX,2.278641
194.997782151146,27.94059203795203,0.02039390179813235,6.96045717705862e-05,68.2131,133.31174,214.9159,REX,3.3315446
196.4654596027868,32.49768729254784,0.04973943462688982,9.362488705644306e-06,17.473509,23.11619,23.336655,SER,2.8218658
195.08187142858,25.83737187893094,0.06225907254201306,4.991842142897807e-06,22.815115,49.026695,88.09413,SER,2.810537
194.5384824518331,26.66425197902727,0.02432851580881633,2.966033740648934e-06,196.61429,302.48087,411.57916,SER,4.451384
194.6128597616676,27.70665810235113,0.0234566904434098,6.27992051084389e-05,43.416153,82.71553,125.804,SER,2.9447005
194.8114366817409,27.77330945624725,0.02716946885532772,6.382467048844305e-05,12.768305,24.256628,33.541183,SER,1.8015399
194.8989431907398,27.96185769833258,0.02406593791845716,3.024779230655743e-05,0,0,0,,0
194.6370305932393,32.36267886129687,0.07334605697112796,8.602344196300681e-06,8.864006,12.770715,15.810153,SER,3.427587
193.8552802834646,25.88554289124227,8.42128123751236e-06,3.65987407842925e-06,2.6740441,9.973389,21.018967,REX,0.90390074
195.0128656048814,24.35079676816895,0.0760097361474725,7.734592699736916e-06,14.021243,24.395456,35.204403,EXP,3.2432296
196.0507061070772,24.00632693755592,0.07405885440161283,2.397209786235779e-06,72.108284,108.43055,147.08139,SER,2.9323819
194.3807237245737,25.28981908560242,0.07621115612522249,3.507420935176478e-06,17.684237,24.406807,31.102552,SER,1.4956064
196.0163775231325,25.58875084572121,0.02511904239769917,3.823727083106251e-06,125.56555,189.54941,253.6437,SER,5.162402
196.3374125580248,28.52308319927905,0.02324073030022731,6.811889377977641e-05,20.64703,37.198303,52.907803,SER,3.094515
195.586197046743,31.38970703784896,0.05253714809835897,6.243924998752048e-06,18.889948,28.935057,37.342464,SER,2.020988
193.9348679069609,25.87863389823157,-4.2116694682558e-05,7.33139184771893e-06,0.3703374,0.38460213,0.48017913,PSF,0
194.2689016961619,23.6790940863541,0.07442765555796732,6.128252929886757e-07,30.983067,29.539383,27.082584,SER,1.0620421
194.0200697537507,27.57896396449301,0.03275857805066361,8.319709494535923e-05,5.1465077,7.0774536,8.607796,EXP,1.7209643
194.1976422572818,27.79736521390179,0.02367034772390701,5.661069412806184e-05,17.700495,32.826893,48.30939,SER,2.7462647
194.682982176457,28.28265686789152,0.02546160218086291,2.122940331371046e-05,204.60883,406.8254,681.82947,SER,3.1690416
198.9676075543005,25.90739403295431,0.06428251554963077,3.699234608351269e-06,38.172188,59.65574,83.18814,SER,2.4961958
195.4442000305633,29.07599523178368,0.06148216058471961,1.604296540545187e-05,134.88582,195.31538,244.4351,SER,10.066839
195.7273873731566,28.50498555826222,0.02754358537480875,3.511019664545456e-06,10.37952,11.061185,10.094168,EXP,1.2126375
194.5246853256947,23.06895931672309,0.07492493243523642,1.713007186381812e-05,1.3946326,1.6495992,2.1947157,EXP,1.2239633
194.9796836133899,25.28818455868004,0.04948121645064599,2.050223196709591e-06,11.283745,15.190341,17.985058,EXP,1.2603011
194.2800818420239,27.9016254334255,0.06047914105469721,9.589239977497125e-06,0.8379132,1.0520405,1.3749204,REX,0.25223693
195.022279588849,27.9413619399591,0.02367359164396486,0.0001405265165361594,14.616255,27.97615,41.678665,SER,1.9072315
194.6929565971185,24.22994268555272,0.02236724950857405,7.459432863844962e-06,4.26969,4.552438,5.1156893,SER,3.3723269
194.6129364413791,25.39875815172282,0.0770405832265905,4.003379079623821e-06,5.8419547,7.7633915,9.335026,EXP,2.2192793
193.8711645235037,25.92318763491405,-4.721617511880046e-05,3.319262414238039e-06,0.45625755,0.6259216,1.2108867,REX,0.4916098
193.5855128189675,27.68967069690112,0.06792507498565341,2.666570345487211e-06,33.229416,50.002384,66.15178,REX,1.3550426
195.1429531927649,27.63922886787255,0.02518549075820997,1.388091848636601e-05,0,0,0,,0
194.2465136045962,25.2673787025381,0.07854406571912294,5.246058941858811e-06,42.793175,87.26495,142.91579,SER,1.4655013
195.6044101355161,25.12110580292252,0.0747909020203239,3.844101100753374e-06,18.936491,26.607212,32.477127,SER,1.6246767
192.3654927083415,27.26763441750871,0.02660542932071993,6.796838567627738e-06,340.5846,677.3365,1128.3615,DEV,6.7230177
193.0098910782004,27.80971056426081,0.0003116125288242211,4.687031707363025e-05,67.02232,84.956154,89.65033,PSF,0
193.6040078499494,29.34530879304442,0.02492946169369721,3.914685420021541e-05,0.39017957,0.060530756,0.1784499,PSF,0
194.9965088535414,26.85755158057421,0.07724773397324375,1.565520652596755e-05,1.0794721,1.2459023,1.4990668,EXP,1.3907763
195.5340980537804,27.3555057979263,0.06765659711840047,2.090681023199084e-05,74.93819,160.3117,275.7581,REX,1.0948982
194.3074582128096,24.69386755083488,0.0001134479018456073,5.884079734515476e-05,0.83771175,1.1627866,1.4140328,PSF,0
196.4315378536464,24.93960728808819,0.03850631390403759,2.008299004131851e-06,24.261515,35.11911,43.661224,REX,0.83220196
193.9344651305339,27.71662169955026,0.02388072550844928,1.844521723173491e-05,123.47483,255.7939,443.36127,SER,2.2291715
194.8531906908343,29.82063979312625,0.02453478439343816,6.96427241279737e-06,18.081478,25.725817,30.85212,SER,2.130954
194.9778943649328,24.35936305061328,0.07341106650852519,1.369241770079011e-05,56.942886,138.3145,278.32767,SER,3.7333333
196.1983785733007,24.80450439248996,0.07866173592277609,2.320156238495124e-05,127.278275,277.28156,491.95398,SER,4.6462045
193.5786235671945,26.53771913637577,0.07027463025797258,8.430271372322399e-06,11.370184,15.656163,19.006145,SER,3.9610102
195.1718437928276,27.89619180982858,0.06069418094714085,1.129111971341996e-05,2.2832131,2.735318,3.3499389,EXP,2.058918
195.6588062009303,27.99884022714549,0.02696525459968568,4.49543604129266e-05,12.206823,21.86946,30.177134,SER,4.1847196
194.142395281531,27.68735660951159,0.02300040304536057,1.160943737149466e-05,151.06003,316.53918,539.46796,SER,3.6260688
194.9280977159176,31.51086610381403,0.05060566632201275,8.389225721327689e-06,32.263004,46.453693,56.150726,SER,4.06217
196.1045437898784,31.89246317247418,0.02317962589067366,5.404022524619075e-06,38.233402,54.627922,68.141655,SER,2.1879086
194.0823014646916,32.65491011718983,0.02309348482381804,1.073810111435403e-06,140.90099,238.04758,331.63702,EXP,2.7558365
189.9556896478542,29.18368744778842,0.06564317458127168,2.142281202683701e-05,278.3524,632.0474,1155.3784,SER,3.7454443
194.4863588432024,27.44261535249511,0.02568965760853965,1.719948199240554e-06,83.49293,127.00775,163.33948,SER,4.1631
194.0796228728173,27.65621452657042,0.02769955533741621,2.475799719992927e-05,10.028045,16.270905,22.163445,SER,3.0459828
195.0853214736942,27.80477752473664,0.01996677382834848,7.02351633351435e-05,29.52185,53.11828,76.380356,SER,3.7838476
194.993382494504,23.99616739846429,0.07423910667569582,7.94125173100056e-06,0.57989836,0.38958833,0.5003357,REX,0.61254543
193.6482010636989,27.73314506778735,0.00246559317659212,1.032613256926612e-05,0.51581275,0.6178028,1.1031549,REX,0.35756895
195.8471250519582,24.13340225814732,2.098364133154029e-05,3.093300174323908e-05,32.122684,52.661186,65.32505,PSF,0
195.2165800866745,24.34180411480769,0.07601283900846412,8.357449848512219e-06,0,0,0,,0
191.3204400114802,27.75473530882484,0.02459058764776596,3.12913455383486e-06,5.016626,6.377954,7.411753,EXP,1.3192469
193.4500143829141,27.97367592232428,0.06148218521222419,1.970880421106367e-05,0.40116617,0.48055637,0.63531244,REX,0.3967538
195.1184061332397,27.76124231953737,0.02307819823933308,0.0001136060156609913,37.004757,71.08806,106.12056,SER,9.547586
195.867427363988,27.18680080598946,0.06064982429162839,1.819153167494181e-05,10.202769,14.276567,17.956873,SER,3.0375807
195.8630627795683,27.24492179586273,0.0226027216135283,4.431308695963252e-05,40.813637,76.70395,113.620285,SER,3.7040205
194.0484722130701,25.15009677933169,0.0700704056373828,3.758669814670646e-06,34.693302,50.566944,63.154724,SER,4.218296
194.5188325456612,24.99403342870362,0.07179959885291061,5.177030268140645e-06,54.781998,95.63728,152.61221,SER,3.5328028
196.5036355049904,24.9962557746272,0.05048300192030802,1.759237850704943e-05,19.454351,29.839594,38.288292,REX,2.6126168
194.1122702418171,27.67559551879716,0.02415723195527223,5.137416173735765e-05,11.973047,22.85177,33.62319,SER,1.9585664
194.2704484293354,27.67738759290774,0.02607169169036253,1.760156598095157e-05,63.14276,120.796265,188.61963,SER,4.4001036
194.2840748317649,27.80211287018908,0.02229922167334173,5.828751279018033e-05,21.85191,44.200344,73.032524,REX,1.7677163
194.3011869021328,28.09535386917254,0.0196368833207019,4.459481572751866e-05,55.737587,104.07428,156.82318,SER,4.5847616
190.4084899944054,30.91121843556277,0.06658311971629369,6.304113898210402e-06,0,0,0,,0
194.0795936852953,27.65622021656862,0.02769006539244135,1.561230964668296e-05,10.028045,16.270905,22.163445,SER,3.0459828
194.7017425966997,27.96387421508822,0.02650712484699197,6.800109390969063e-05,11.972427,23.026217,35.79429,SER,2.6885202
197.7098164473962,27.15090546621081,0.03430509190389352,1.817562230919172e-06,129.2201,203.1073,273.7568,SER,2.905189
195.0797837655223,28.19337415483915,0.02777484730109674,5.677401004517163e-05,0,0,0,,0
195.0175216106609,32.76463500343311,0.03724571072084401,3.895388522715467e-06,6.364949,8.338752,6.5817785,EXP,3.04329
194.9603446806047,25.88048137882447,0.06962607706957578,5.099496932559405e-06,39.423416,64.18734,85.21724,SER,9.0128
196.4173785028961,32.12568138257,0.07503509313467119,5.958104530115047e-06,60.39826,112.34695,179.19823,SER,1.9762588
194.7762346566026,24.10109723061737,0.07641635284437016,1.342616038507217e-05,3.5834615,5.4075437,6.1212964,EXP,1.5333537
194.0363728511932,25.36024699753824,0.07991377678180743,1.245459939555522e-05,0.5071171,0.6352497,0.559223,PSF,0
193.3533761797131,26.51829161345256,0.05969174788392476,1.017543496202818e-06,75.17124,152.34282,251.2524,SER,1.1516819
193.8436686389582,28.46740200777528,0.02356488809244513,2.166263528955036e-05,27.783094,52.333076,73.48542,EXP,8.553948
194.4855030067229,27.38227726328679,0.01747235535241646,4.120699445702093e-05,106.057724,207.20952,331.86783,REX,3.1115015
194.221426274665,27.92950781540971,0.02047916564017515,7.15082453353732e-06,445.42572,950.2206,1714.8945,SER,1.877535
195.9907376956149,27.59871147354765,-0.001047561808364529,4.839930997973888e-05,0.2882164,0.2010275,0.29909447,PSF,0
194.7504264982416,29.41674123478342,0.02443968244977914,1.214193017295464e-05,0.63202196,0.39563942,0.50849503,REX,0.44987684
194.540246164551,32.0281527245043,0.02669300501216852,1.857974233987881e-05,19.136839,32.54273,45.04497,SER,2.42959
195.0322204925949,23.47124611630592,0.07425259804037711,4.804172051065567e-06,23.267818,45.17798,75.763664,SER,1.6041627
194.7760786207067,23.98300845096495,0.07313729347876542,2.707586830177248e-06,15.677162,24.985369,34.44649,EXP,1.3222808
196.3911069954023,25.16362195800032,0.0731249315884161,9.333708717084141e-06,12.670024,20.636608,28.438692,SER,1.3095896
192.9883581716518,26.07401667625241,0.04583878913188288,2.824109045828344e-06,0.87364876,0.60411197,0.65969044,EXP,0.6597568
194.154717367836,23.52270676205512,0.07616471113085199,3.332377662352893e-06,6.6654673,10.111721,13.701793,SER,1.7789146
194.7564847734885,25.75611928696053,0.03039137857094454,1.772472519958004e-06,11.9370165,15.072071,18.666035,EXP,1.0161058
194.4027419845286,27.15634574955106,0.07010705885236987,5.152769304438474e-06,0,0,0,,0
194.3114915161287,31.28864881661739,0.05112377491180019,2.296161426081452e-06,9.169069,12.003002,13.712587,EXP,1.2622602
194.9805384080157,24.59465087248907,0.06908318877961858,2.439445886464457e-05,53.448105,120.434616,213.10728,SER,1.0917531
196.6465945430301,24.66432537679166,0.07981126548528586,6.743661964861244e-06,50.45789,119.187775,250.08337,SER,4.3288827
191.9227609420442,27.29330838269599,0.06148207780892807,6.962792113252145e-06,168.93011,369.00827,652.78033,SER,2.8387294
195.0261715647709,27.3007011636193,0.02627225758929215,7.819200856772145e-06,392.5722,761.9514,1242.6545,SER,7.7746415
194.5916552490887,27.89228853077446,0.02435928385214066,2.4592104154674e-05,181.39655,373.1104,636.26245,SER,5.449345
194.7673424489415,27.95915241711185,0.02345902385608736,1.100057626322578e-05,207.79514,442.86023,787.7761,SER,2.1678536
195.0182437387685,28.60349948987367,0.022736069465089,2.81953077049159e-05,507.4347,990.25073,1638.3962,SER,10.944679
195.8566347527227,29.1202367546554,0.0253169509360586,1.045389557626659e-05,3.9837012,4.9527764,5.9319224,EXP,1.3104377
192.3176928746274,26.88988542585767,0.06074756961360658,4.622751287837414e-06,5.915059,6.9066305,7.7248406,EXP,1.6613094
193.5792224173157,27.06803781257368,0.02781365988871344,2.70520215484631e-06,5968.879,12903.71,23318.602,SER,16.80952
194.1299640852546,26.46490498777634,-0.0006650529495249605,6.863899950332095e-05,1.4988966,1.776725,2.0092618,PSF,0
195.3920176614148,27.90956997182369,0.02148672916314257,4.426218514774705e-05,0,0,0,,0
195.4824854854348,24.02077910890694,0.07192575115423577,1.59990578983759e-06,5.905828,8.132788,8.249059,SER,0.91268945
193.4077957153238,27.78432924770676,0.01712852688625866,1.384618762749233e-05,0,0,0,DUP,0
193.676781271988,28.94199506859388,0.008832179162006147,7.908588991821272e-07,137.82524,219.13545,304.10086,SER,4.8208
194.2597523546719,27.32254223200412,0.06050134483789986,2.165292170409637e-06,29.885777,48.81109,67.40233,SER,1.3261454
195.0652627677654,27.4818022816608,0.02015000320354524,0.0001138108372851658,25.297752,46.867825,67.84986,SER,5.127553
194.6192628309258,28.52684871009611,0.06151291048955608,1.366015851135777e-05,368.7474,806.3998,1407.0381,SER,4.7752438
198.7487568156082,26.02033553288029,0.05700769005794093,1.430760743799409e-05,109.33956,212.02968,347.709,SER,4.72921
194.0813077357354,29.66635041028816,0.05724647980901016,7.70038830719684e-06,48.303642,82.62124,120.10529,SER,2.6437907
193.6834413376836,24.21101117762523,0.03128762950111157,3.941811638993622e-05,0.77316785,0.8608978,0.60909796,PSF,0
193.5100499618494,25.33111677235488,0.01367176905082224,3.644698360262101e-05,0.29400432,0.35130668,0.5465408,PSF,0
195.1464850824824,25.50177414629622,0.07510789111719439,7.756907708541557e-06,0.39668307,0.4529409,0.64820784,PSF,0
196.0332069216513,27.9649230530849,0.01981562741805296,7.082585717394065e-06,624.8272,1213.5321,2023.5707,SER,9.349611
195.8641553246822,28.56432093626228,0.01606688438479466,5.609029576057806e-06,0,0,0,,0
198.6996589862674,25.25486338685199,0.07981559381680688,2.663312311658182e-05,36.17803,76.26697,124.45578,SER,1.229083
193.4394970030794,27.24967686552793,0.02300114480008627,2.896326081517949e-05,173.25604,344.76315,550.9202,SER,7.076344
194.4041534575626,27.15504092777854,0.06940490116694822,5.708420599563298e-06,158.62524,340.04428,632.26984,SER,5.5678043
194.6380839131032,27.36435172277908,0.02328655371312768,9.809417206916994e-06,666.7631,1356.8889,2285.5693,SER,11.433696
195.8069489556711,27.36908617068738,0.0213089583079204,1.003089469049721e-05,372.61484,756.4372,1263.3829,SER,6.5847735
194.4402803016396,29.13000725594423,0.02491489806165762,5.325430654611925e-05,65.05521,108.14348,151.04712,SER,4.122558
194.5416752354333,24.34891661678301,0.0226410500526325,1.655474603020848e-06,0,0,0,DUP,0
197.4846137817498,24.49771646781595,0.02388918936701469,9.931019271176406e-06,36.739273,68.68647,98.82176,SER,4.097162
194.3290593046092,26.93762774332587,0.02563109056281394,2.562356330905721e-05,66.4977,128.46652,199.07242,SER,5.520677
194.1132349096467,27.55290606659894,0.02684208424493396,7.772819866342532e-05,4.883097,7.9635935,10.469197,REX,1.3057524
194.8107138686489,27.99163309396029,0.05765636710132362,2.553802336374292e-06,14.085546,20.788433,25.754118,SER,0.70182353
194.9821709200422,28.70135805425649,0.02426229823987965,1.264207924390155e-05,11.868332,18.082802,23.522406,SER,1.6613724
195.497218622456,28.70946888181147,0.02029754549719102,2.746897332383952e-05,64.62098,121.94929,193.01326,SER,2.4715657
194.9083074774447,28.00103867850799,0.01656732049903704,3.025342477193099e-05,128.55357,256.94965,423.94855,SER,4.200425
194.2782269955353,25.35070438564338,0.0765751582652757,3.661020947536174e-06,18.69129,25.893555,33.029766,SER,2.158058
194.7991166667193,31.34889636562382,0.05175750131685364,1.624782006857188e-05,177.67874,381.83322,648.7334,SER,4.8248043
197.6690740928755,32.29503925282399,0.03203508396976765,1.588837759982356e-06,1.9273758,2.2479744,2.146894,EXP,0.32237062
193.7054464577316,26.99790609007453,0.02518214201187109,5.086533338095011e-05,28.179037,52.800297,78.82891,SER,3.221096
193.7526523775285,27.48193785801636,0.02289444565636868,4.250416265666522e-05,0,0,0,,0
194.1574967309023,28.70332557157574,0.03464080051339147,2.833987795609367e-06,58.18539,99.13314,144.80537,SER,3.4113264
196.443312423874,28.90278465507749,0.01986989427412806,8.568699770678025e-06,3.46938,4.191616,4.3697424,REX,1.4999223
196.1469480075295,32.8066496320143,0.06686900246340188,2.459288590020871e-06,32.404743,54.402462,73.89507,SER,2.0657332
193.7912643209277,26.00520066425311,0.02547889974454397,1.831455854053541e-06,14.0437975,18.305984,20.798958,REX,0.8523893
194.4439631407355,25.98577028494693,0.07681256523828443,5.995694108034484e-06,12.012688,16.694118,21.42194,SER,0.7145187
194.3576721848383,27.54615769396126,0.01866709186457961,5.997030541512929e-06,734.58344,1519.3281,2677.457,SER,3.2405736
194.1586169474243,28.68680320829056,0.05952196483301809,2.432141433755257e-06,24.717426,44.809032,65.33899,SER,0.7860484
193.921358270636,25.84990303888481,-2.399933730704745e-05,5.376006533231253e-06,1.1526246,1.4474661,2.8841267,EXP,1.0585262
194.2186413508398,23.66663557693715,0.07372937747847585,1.400386280592214e-06,35.3963,60.68406,89.24956,SER,1.6080303
192.6523984285662,27.4194656402388,0.04030871997581641,6.447838144345791e-06,20.737743,19.736145,10.933181,REX,5.139643
194.3780562672351,26.17036778566613,0.07082891895072352,2.901733051565605e-05,0.91498184,1.1795238,1.7508608,REX,0.83882004
194.3963085556883,27.19225977013552,0.02110969506048977,8.516440006715094e-05,12.885907,23.80147,31.642567,SER,7.9162774
194.9821056613521,27.91773581324068,0.02220438557183389,3.995609607440797e-05,24.518541,50.29244,82.06116,REX,1.8233212
195.2330639933498,27.8985227466407,0.02002796899620619,3.067568934732047e-05,118.74026,230.51842,374.81302,SER,8.7994585
196.0878510330057,27.84191136329134,0.02336889240540822,5.826798094581539e-05,36.152298,66.96325,101.03726,SER,8.078846
199.1302185878366,26.95565356060624,0.07855749666034247,2.510794488203811e-05,0,0,0,DUP,0
195.0435585187257,28.62524628435521,0.02207454931117567,3.354981333245313e-06,42.220833,67.58997,92.63856,SER,2.8089685
196.1670118436754,24.96250218218108,0.07928978154535186,6.72010230948476e-06,10.645348,16.618885,22.576784,SER,1.6871973
193.9708262637068,27.57262981603397,0.02787238059115682,1.777390164521882e-06,48.333107,70.0686,90.853676,SER,3.2519794
193.376170578319,27.67521380659783,0.01983492280481134,7.594245228415969e-06,208.9345,427.90283,731.0231,SER,2.8951719
195.0842932831351,27.99379963299833,0.02280149730902965,5.509512230323937e-05,13.941548,26.053808,40.038204,REX,1.9843878
195.2692875444686,28.0391388864294,0.02707108435684979,5.486532625412063e-05,10.91954,21.331856,34.061226,REX,1.6562144
195.007644716427,28.43479791704335,0.02697692742926042,1.66811845873688e-05,146.09773,294.34726,470.5652,DEV,6.2627287
193.8016359881913,25.59370879897135,0.06104231119866621,6.117227744379109e-06,98.723785,169.43248,250.21547,SER,4.0358825
195.8949304868702,24.03443068747171,-0.0004143364050252221,3.292390723892507e-05,1.0303386,0.09355597,0.19554502,PSF,0
194.4207270876993,27.09291570683133,0.07957542094003836,3.580083630949301e-06,43.600983,88.59974,170.60336,SER,1.5975312
194.8526576617965,26.90141471959499,0.07841004912150798,6.096697290545538e-06,6.4482684,9.585891,12.593186,EXP,1.5996654
195.9447435560968,26.78650732164166,0.06049901989526577,6.174063250932562e-05,114.316956,247.9886,438.85266,SER,1.8405814
197.5711443620501,31.66275587140552,0.02303939355493911,1.59062785227264e-05,0.5640842,0.5956356,0.7660362,REX,0.6447932
194.7895852503597,23.02850300535155,0.0689150404340412,4.513692031476515e-06,14.556047,21.255465,27.435753,EXP,1.3802245
194.7647112817103,24.12306024411524,0.07260420302067797,4.980324838026267e-06,9.08861,13.720662,17.886099,SER,3.2829006
195.4937583227384,28.20410321560086,0.06223772444254537,1.625920159399139e-05,16.75876,24.11203,31.57128,EXP,3.2164617
195.8217728202719,32.2371457111399,0.06238518169046708,1.181374663583629e-05,23.93636,39.26708,54.67554,REX,1.8223735
195.1411452334543,24.08258995379463,0.06932423694103268,9.905328948722818e-06,0,0,0,,0
195.1406711158871,24.32560831227199,0.0730762674019277,3.212269915291548e-05,18.209824,36.893013,59.12527,SER,1.6477813
194.9780936589751,24.6078800505619,0.0691895558612055,3.658008474724843e-06,5.179922,8.24004,10.668257,REX,0.48369935
196.2311630941426,25.12164770523318,0.07402032215676373,4.397909207980562e-06,10.96322,15.95128,20.31209,SER,0.9593133
196.5625521337772,25.35622722407581,0.0665629169741733,3.865419057021878e-05,1.4703326,2.0146053,2.5341034,PSF,0
193.8296279232818,27.9250777839846,0.02150339427340862,1.902385189280766e-05,65.35135,124.079895,194.71147,SER,3.7674572
193.2812626234928,28.24301128426453,0.02364375367419978,8.771166971233746e-06,0,0,0,,0
193.4646921775392,28.9763947033999,0.02604863267228438,1.403533635356905e-06,0,0,0,,0
193.5137575244146,31.81114115556772,0.0234074896793872,1.056964167724492e-05,43.33128,66.57909,87.899765,SER,4.4593534
194.881669824513,28.10052674490434,0.02473435384129235,5.432475651960575e-05,41.14148,80.73734,128.38806,REX,2.3662934
195.5809329779955,28.9526729568094,0.03465785067077732,8.722896225236205e-06,308.60117,667.39056,1211.4454,SER,2.8245943
194.8215094298796,27.54437975094377,0.02135762677715038,5.598134006944818e-05,14.847423,27.669851,41.15579,SER,2.562329
194.7693519314938,27.91097895508984,0.02141578550972115,6.550249468378775e-06,410.80215,858.71277,1499.2489,SER,4.420867
196.5349112086186,26.16754523784784,0.07028882468749613,2.831967274001345e-05,30.952166,67.013596,113.90891,SER,1.4302386
194.7095380445493,28.00964645029133,0.02515413752762983,7.598977760527049e-05,30.806984,58.013973,87.856995,SER,4.116915
195.5522144344843,28.21603260738994,0.02722587166334291,1.098747933589934e-05,0,0,0,,0
194.6928251268287,24.77651316467155,0.06184443101286675,4.85729472723977e-05,0.9679866,1.0269105,0.9360965,PSF,0
193.7946466784109,31.81408361865525,0.01857688402146953,5.291209944162744e-06,19.896969,25.241243,28.778736,SER,2.165831
194.5548569159156,27.02048418561811,0.02672985878929761,3.304026995937001e-06,17.10614,28.256216,38.93732,EXP,2.2931905
194.6457726669262,28.08858643016939,0.06728847431796096,7.215971292230054e-06,14.023676,21.892485,29.104486,SER,2.68645
195.5371700440977,24.96833249440558,0.06572579949787048,8.614474836823379e-06,0.6705712,0.62863964,0.87537503,REX,0.67293584
194.1945536732637,25.49803845007531,0.07801273178159868,1.44104943845934e-05,368.55164,804.189,1526.4298,SER,7.7106953
193.8252628774077,25.91547888509051,0.06902576696767526,9.83495338022103e-06,15.183539,20.143053,25.749746,EXP,2.878611
193.9181227157536,27.89220455750463,0.0199416405529324,5.195833495594324e-05,22.240139,41.815018,64.323586,SER,1.9923941
193.8728125549761,29.49084080613749,0.06807498275475914,4.900347516861193e-06,28.891354,40.37181,53.030006,EXP,3.8206625
194.5176889843467,28.66479354104777,0.06774466907175371,9.538050272746924e-06,0,0,0,,0
194.5356609092049,31.23080978936673,0.05205776500695594,6.977150837197368e-06,18.372047,27.893147,35.72491,EXP,2.4634867
196.5213893317616,32.40661433155302,0.05173501706835728,2.879146198069834e-06,8.203904,11.410386,12.549875,SER,2.3052197
193.1221076439003,24.46500150782282,0.07068474723324582,1.514467709623752e-06,51.629116,72.313255,89.82834,SER,1.561616
192.9763520755758,25.79162059729397,0.003770409995326077,8.75157353605885e-05,0.7802352,1.0697238,2.7477388,REX,2.3056
196.0477881843091,24.17902584027127,0.06565059716420653,5.19850911097475e-06,81.686104,140.5894,208.61089,SER,4.502811
195.6966796156341,24.37157150037395,0.07422545147276265,8.385891229892371e-06,12.181642,18.889162,25.681171,REX,1.729028
193.944747250097,28.14397405217459,0.02028451133472235,4.369650880920209e-06,505.8794,1019.42035,1719.4436,SER,11.606747
196.386101008438,26.6324557891553,0.06059221686298801,3.252112923370234e-06,48.679024,71.12348,90.53217,SER,2.4222736
194.3011960132224,28.31628758416178,0.0227976247604707,4.504604895247586e-05,40.3237,73.97157,111.5579,SER,1.6956762
195.2197203199936,27.82569519490641,0.01663997576318037,6.323096740606673e-05,95.82805,175.09473,253.18967,SER,11.427302
193.9793665945472,23.74379028897051,0.07957672608865053,5.627159592958026e-06,29.168371,45.55109,62.91515,SER,3.297956
193.5772189621653,25.94742367350292,0.07208525800787484,4.505446693066102e-06,7.459342,10.722229,13.3701725,SER,1.7563732
193.6799326100047,27.12422836781668,0.07165440571545767,2.408471618177446e-06,0.40826273,0.3651969,0.29835483,REX,0.8286839
194.1808086779616,27.08798733681575,0.01718836957296204,6.485122493912044e-05,33.271023,60.889225,90.34428,EXP,3.68843
194.4005535059288,27.48482528194334,0.02414632182837941,1.273397005289046e-05,497.03796,1065.834,1936.6769,SER,3.4528172
194.8753689478337,27.82601794036382,0.02934326377094414,0.0001078543361271538,30.420425,58.071556,87.599396,SER,3.462086
196.9239764185958,24.81597713538694,0.02150901800470279,1.776415396232043e-06,19.627668,26.57417,24.301975,SER,3.3536
194.0184831344973,29.25798784056252,0.0674620189099463,1.003396143906739e-05,19.351763,26.572844,32.903393,SER,1.7083727
194.634462834518,26.24366019018369,0.06916521416187969,2.829988393452325e-05,0,0,0,DUP,0
195.5744149238261,27.65903231295158,0.06859428991197813,2.626041270448275e-06,61.7184,89.726105,114.87904,REX,3.3822873
196.4565068325007,27.73017936787847,0.008215388350377297,2.658091411295818e-06,102.75519,98.13335,86.41557,SER,8.1744
195.4826719801197,29.32212168146095,0.02372746370765189,2.083684544788153e-05,3.3204827,6.9034576,10.646947,SER,0.5262275
193.8855498695093,25.56820010844992,0.06017807566391599,8.56412678736148e-06,329.80167,694.26355,1308.1384,SER,6.699891
194.3295451285338,25.42346750202558,0.0782638490136048,8.136111771414765e-06,2.4474914,2.9599597,3.91911,EXP,1.9488316
193.9932975534877,28.40736596843841,0.0201117430940449,4.524092812681706e-05,190.99564,362.36728,556.60077,SER,8.348722
194.230758869317,26.9297089750698,0.02284516605588167,7.788236774111631e-06,36.61697,55.317883,68.62477,SER,2.8647199
194.8998531875069,27.80417827222396,0.02163851793179433,0.0001041734107699202,36.99302,70.743484,105.71292,SER,4.456874
194.9260775079738,27.85890483928928,0.05796735485156306,7.428972892930675e-06,76.25474,164.1861,308.08478,SER,2.5934887
195.0651739783938,29.4830450026176,0.008232376560571497,9.748828774272084e-06,78.460884,102.621574,116.09774,SER,6.048781
195.7484963128474,28.55890859054098,0.01851347995050375,3.918395656951399e-05,23.194191,43.249077,65.49425,SER,2.0503168
195.5173723801893,31.76314225238982,0.06737308210342235,6.410694367122299e-06,77.536835,120.47594,168.44768,SER,5.2381287
193.9755027885748,25.21666133679398,0.07767237004238745,4.204551623748453e-06,4.5897408,5.8320093,6.9309516,EXP,1.2847391
194.2009639741586,25.43440065005381,0.05991634110740516,7.535517885496164e-06,36.104614,51.21139,65.2662,SER,5.8628283
194.1128387821826,27.28840129776275,0.02485415991123231,1.384587324991915e-05,0,0,0,,0
194.7409045200955,27.83548874902418,0.02447175187401119,4.030101110646544e-05,0,0,0,,0
195.6465556286639,27.43940889948031,0.01810320199285748,2.55467392825853e-05,314.33243,543.4879,819.8749,DEV,11.407154
194.5130204493721,27.97059587895111,0.06864441152226189,1.451371632805092e-05,275.56903,635.47266,1207.1877,DEV,6.8425484
194.0090779599584,27.14651673621526,0.06195054619916778,2.122817026003707e-06,9.777488,12.92922,14.868429,REX,1.8577881
193.1334075120672,28.47756248551853,0.05930850674603748,1.908997439768037e-05,0.35605156,0.3674242,0.62553495,REX,0.2530146
190.5954800132563,29.08216225220089,0.0004815687601894534,6.162937070805654e-05,24.774227,29.672438,28.637108,PSF,0
194.4820025858555,27.4901148817263,0.02538746015778117,5.236291580260205e-05,22.944353,40.021328,54.5476,SER,4.8208
196.3503521865198,31.51383679452146,0.07601650469181005,1.203329925861601e-05,11.206784,18.930069,27.805035,SER,2.086324
194.8218861114649,32.6463070880977,0.03720099538447341,1.992490844398948e-06,168.72289,316.8548,489.6737,REX,1.8559926
194.2948076527098,27.40494862970832,0.02069023237067014,7.52617979614244e-06,0,0,0,DUP,0
194.8986505890753,28.55137050265574,0.02534928648030741,5.103226363828831e-06,557.0693,1148.0236,2003.7582,SER,4.301403
195.377249255587,23.87025230865843,0.07408810106208952,7.974505112810093e-06,3.9476547,5.5828075,7.050734,EXP,2.170105
194.0114243211906,28.04800785649865,0.02470173428740892,3.150648265521114e-05,134.61891,261.04596,404.93558,SER,4.2763696
194.803995676173,26.70507601062871,0.06378021975360736,6.497074694745642e-06,6.858936,8.803875,10.304844,EXP,2.07376
195.5532783925555,27.32424498272303,0.06806009856130345,8.187475116747807e-06,5.254312,8.479151,11.743379,SER,1.4760329
195.1429227131066,27.639166385213,0.02517819019575139,1.072527347276821e-05,0,0,0,,0
195.668590786982,32.18701767589722,0.05292292321091611,6.134633567169457e-06,22.59814,30.910368,36.44796,SER,2.818015
195.170352050226,23.88802182839715,0.07345834734350472,2.223930539017226e-06,7.2111607,10.415295,12.701611,EXP,2.004838
196.5511377867438,24.94928921771355,0.07878077987162928,8.348398590050452e-06,13.820548,18.597933,22.831493,EXP,2.4242039
193.9039354615882,26.91162992858858,0.01978306433032967,4.555490342216796e-05,132.23372,247.98018,376.55157,SER,6.9211483
193.3853841055331,27.33369852128828,0.03323422108273681,1.086517386661122e-05,2.915652,4.285221,5.270968,EXP,1.6364366
194.4192932850328,27.00362010911264,0.06770704265160679,9.856315965440268e-06,29.737179,49.08749,71.45891,EXP,4.5186715
194.2570799201944,27.37207899032072,0.02338552086260155,1.046088703207243e-05,441.2692,927.79565,1586.7483,SER,5.9320264
194.2660040927328,29.41118443279246,0.06836584853200599,4.133706403084583e-05,12.751976,26.986423,44.806206,SER,0.6728788
195.6450163227094,29.63926319478635,0.03098318206281876,2.240442081259351e-06,8.94456,9.878656,9.308795,SER,1.3052511
195.4474142094446,31.64580495090706,0.06289299248855626,2.860119057880116e-05,0.5148868,0.38685757,0.4200074,REX,0.91532
195.2823655428188,32.12873539978591,0.04570953073356266,1.230182268933232e-05,119.15213,231.68027,391.4823,SER,6.193857
193.5123850822498,25.7607466880905,0.02439559402317375,3.80023658146893e-05,74.881615,142.99744,218.80115,SER,4.754827
196.1983753075679,24.80451746612219,0.07867564016276711,2.116230875039076e-05,127.278275,277.28156,491.95398,SER,4.6462045
197.7562819296506,24.71671532560736,0.07153946583859032,4.639597778650503e-06,7.482245,10.024781,10.900725,SER,1.3097385
195.6356974837814,27.39343944611235,0.018210381317418,2.393726888055437e-06,100.543594,139.24437,171.74356,SER,2.552292
195.5754904877401,24.94452033531688,0.07473166481913657,8.710616101371814e-06,16.097685,25.44635,35.409485,EXP,2.3071334
192.8156412013689,27.92124470542927,0.06098622946096576,9.86424558855038e-07,66.65544,125.05026,198.93643,SER,3.8410282
194.548613646272,27.89365259223375,0.01936781967940053,3.720374693499442e-05,44.080456,91.00305,157.34586,SER,2.6219273
194.3448427581825,28.69508366002845,0.02315504890544899,4.950372683396098e-05,12.914002,23.714373,34.83686,SER,2.7166753
194.3542094734798,31.28962227437914,0.06875437114000785,1.298837230509163e-05,29.631687,46.32854,59.68066,SER,6.8035893
196.2779739131583,31.84622786384493,0.05038046322515505,1.742197864442467e-06,81.25514,102.76881,117.5376,SER,1.918813
195.201696393973,24.54315311205141,0.0745023725499673,2.349162356762386e-06,54.461918,96.37802,149.80037,SER,1.5440121
198.3789095988977,25.01797033315723,0.07237260631061683,4.580911053279693e-06,41.07455,57.159134,70.98291,EXP,3.355562
194.2740529461043,27.08905973996857,0.02504718792405751,0.0001200564587935746,30.642387,58.08434,89.19695,SER,4.065852
195.719785737457,27.86658815744583,0.02746495405518638,1.133227526617981e-05,0,0,0,DUP,0
195.3805432359495,23.91484835513872,0.06684640920927606,1.405475810664478e-05,0.8643767,1.0550227,1.2910036,REX,0.5841892
194.482952718339,24.50232298828671,0.07386787084899821,4.594337436409661e-06,31.546963,51.82542,72.90569,SER,1.5750135
195.6206369862623,24.69681500504293,0.03627022685383464,1.104185540168444e-05,102.20337,142.69418,177.87535,SER,7.004679
195.4927844714264,24.99505707931244,0.07387652020995933,4.742463619041718e-06,0.43019894,0.47093746,0.5478594,REX,0.42320317
194.0441463131424,25.36295624105667,0.0719543808069577,3.719355481303644e-06,32.063625,60.026413,97.95586,SER,0.77985156
196.3122826597964,24.45392420749079,0.0794598409468767,7.97190934353861e-06,3.3637145,3.8341122,4.564537,EXP,1.4219432
191.9836875830149,28.11308287098565,0.02428711275631673,2.021072613455082e-06,1.0096749,1.1559564,1.2910345,EXP,0.5485513
194.0853646971204,26.70402169099552,0.02197166062400415,5.115411944281589e-06,212.35425,424.40292,713.41644,SER,2.3142948
194.201634820257,27.30541621632295,0.06037708197022338,5.303279879293616e-06,11.358399,15.955712,18.639856,REX,1.3058579
196.2671809309491,31.59298522313442,0.06144429123251871,9.415508859790383e-06,26.517885,45.65794,65.367195,SER,2.2681131
195.6366944916289,24.07858822855939,-6.045487842259558e-05,0.000102549654236873,0.7441135,0.92012286,1.1327952,PSF,0
196.0894197532177,24.10392606086308,0.07474550898820859,9.788897823053926e-06,0,0,0,,0
193.200299209472,27.07038602431556,0.02633927631366792,5.605740165526251e-05,6.0970545,11.311496,16.279287,SER,1.746193
193.9261004828028,26.32812818345063,0.03556537181601842,6.920478226937953e-07,81.99992,107.38842,127.46209,SER,2.066971
193.4057310473586,27.61517226148806,0.02361526063270047,1.624333018284299e-05,0,0,0,DUP,0
193.8987908907341,27.7671491353436,0.02233705702878898,2.028850686707305e-05,276.0254,545.9257,897.4152,SER,6.2398343
194.1641664070848,27.80687018035521,0.02076945286159308,8.579999134542048e-05,18.554865,35.39154,54.06258,SER,2.469144
194.773053210997,27.84909944530086,0.06697227338261202,7.817905445845324e-07,50.809322,62.967865,69.10937,SER,1.9737349
195.3664685563823,28.0595617723871,0.02823973351023984,0.0001011864537152585,17.06742,29.862444,39.97765,SER,4.2453427
194.4639217246902,29.87458224357883,-8.17515660834982e-05,3.435792020065069e-05,66.162155,84.08798,87.330215,PSF,0
194.2054646435499,24.3917404519082,0.07433546691831436,2.943186407470025e-05,0.39148465,0.45565864,0.6339402,PSF,0
194.9994486511398,24.4908991608916,0.07247258413410056,4.831365176935187e-06,7.5180564,12.520815,17.989437,REX,0.52116567
194.0268859402638,27.6480592032509,0.02537909537125731,1.640116766318716e-05,366.306,707.8056,1137.2229,SER,5.3093104
194.9852756764791,27.20618322600174,0.06814318948751988,9.065369987625153e-06,0.6203124,0.72599053,1.0170509,EXP,0.64109826
194.8328250699794,28.08429979563239,0.01542197024533324,1.250250738395853e-05,2211.3223,4667.2944,8601.679,SER,6.5304418
193.6138026248914,24.01022659438755,0.02443439359465228,2.623281903231209e-05,0.78436697,0.89269215,1.0842278,EXP,1.0098314
193.7725220812281,28.81415454544979,0.07015916741848331,5.04720720099499e-05,0.43417138,0.4995673,0.6793611,REX,0.30197838
194.8324506140112,27.97291605103552,0.02438378641625808,5.859843898308442e-05,0,0,0,,0
193.7332881456441,25.13072962256557,0.06145573933447845,3.737373475163273e-05,0.6124987,0.7168197,0.7444249,PSF,0
193.341396949215,28.04038296985494,0.03322643356457661,1.676008013007716e-06,28.568983,33.82113,36.686653,REX,1.7304122
195.1845667794368,27.7887166329542,0.02647231985762826,9.864461399863428e-05,23.51659,33.301693,41.299995,SER,2.6821811
195.0592312503586,28.45811845225796,0.02621655788007032,6.633669005818535e-05,50.526997,95.7671,146.34317,SER,4.4710937
196.5396776867583,28.06444532102794,0.02573389928046819,2.2833445415028e-05,104.613,185.49576,276.60016,SER,3.3587856
194.6373398846511,28.62115127014803,0.06732968034271619,2.115696904697715e-06,16.541348,25.334908,34.109978,REX,0.761012
195.4493764652998,29.07503805129459,0.0231118941976991,6.213283941906398e-06,0,0,0,,0
194.209132469362,31.87274461100941,0.04287349076002292,1.544197696014813e-06,4.8530836,5.6963973,5.958325,REX,0.55814534
197.2102064689669,32.16498644765634,0.05000538713036422,6.944584211727686e-06,426.70303,1105.1368,2284.595,SER,5.900513
195.55758401324,27.50819042290527,0.02547763020008608,5.507607087151981e-05,13.885495,25.508286,36.09118,SER,2.198766
194.6437860324827,28.00981526329788,0.0217192125639909,0.0002192028838750876,15.620603,23.500612,29.775007,SER,3.5100064
194.8798461206926,27.95525558482693,0.02382640089429089,3.947767713808537e-05,0,0,0,,0
195.0257392535218,28.25280071185504,0.02113767144472825,2.336330718491076e-05,76.37986,112.04123,129.7033,REX,8.648146
196.3902795572942,27.67758277459847,-0.0005057327684803525,5.036378513490398e-05,1.0426037,0.95382416,0.6705992,PSF,0
198.1597768431969,26.79840006329464,0.02223067246145006,3.069502074546604e-06,82.8654,119.47942,150.32007,SER,7.5539937
194.7957404668998,29.44806983110433,0.02409281791940406,7.158332211534796e-06,18.448023,24.189995,28.287476,EXP,3.121365
194.8911196540105,25.34583071438923,0.06394543601434338,6.508135442083046e-06,11.135623,18.225883,25.191673,EXP,0.96621037
193.6030614757863,27.36395158870463,0.02610482773381217,3.109305356690328e-06,226.11858,437.3302,703.90955,SER,5.57411
194.1609244576575,26.87608123295787,0.02328988362017141,9.855934629131865e-05,16.079176,29.684185,45.252995,REX,3.3493278
195.0661637267885,27.10366266090096,0.06000986633503738,2.022940873464993e-06,33.108467,58.128265,84.76549,SER,1.2464432
194.5759340280108,27.84848270667831,0.02533295436673256,3.702554774205818e-05,128.90298,181.21202,227.59492,SER,5.311144
194.328018449654,25.47752073312735,0.07720996765337146,7.623913216958838e-06,229.4068,391.9171,611.4218,SER,5.8495193
195.6424032936491,25.11410363585204,0.07488889245240515,3.386705834075555e-06,12.314292,17.071754,20.805014,REX,1.0558536
195.9999641239566,25.03627884689546,0.0793005060440722,5.563209278373853e-06,20.305944,35.484684,52.910713,SER,1.3008074
193.5709092218347,28.81002720667288,0.06181481213118635,6.869738940645415e-06,112.675865,178.99182,243.76437,SER,8.068209
194.8345377507443,27.65059663885037,0.02301710572479431,6.561013224889921e-05,13.953623,26.570768,41.96126,REX,3.475123
193.3836617921932,24.33688547046864,0.07143851182551747,3.313584395010066e-06,58.893444,87.99211,115.52571,SER,3.3607042
195.7229789484254,24.51849871631822,0.0733054882841468,6.985240701457669e-06,121.403496,274.23196,502.69373,SER,3.0970497
193.87243631194,25.90013533893707,-2.804782596841315e-05,3.564085405308645e-06,0.38456133,0.4825304,0.66104054,REX,0.3994947
193.980162933044,26.90624475830059,0.07132987738559202,6.87958994376763e-06,0.5537759,0.6800818,1.0658748,REX,0.5088531
194.1328420771631,27.85483656768968,0.0222689450042115,3.571604628115403e-05,16.286715,31.192211,48.400284,REX,1.5798146
194.7929626390662,27.61990580962208,0.01918876772734562,1.841646074659449e-05,0,0,0,DUP,0
195.0614699475492,28.04132844648185,0.01915282941047271,1.452473986031771e-05,0,0,0,DUP,0
195.9305579721574,27.09084582937113,0.04492869580900771,8.809639548257757e-06,0.55825305,0.5049891,0.73805296,REX,0.34218886
194.0449406925966,29.64468006014818,0.06604442394002154,8.352410540881298e-06,16.135317,24.039354,31.19099,SER,3.543064
195.8437369355253,23.52017130502497,0.003692979259465087,6.853225097940111e-05,0.32320842,0.38617003,0.46365526,REX,0.26586643
195.1765448958046,26.88234304930676,0.07800705167284633,1.13097973973268e-05,3.2940571,4.7529893,5.920004,EXP,1.5750823
194.917258422107,28.63364163741906,0.01777193947993776,3.083916910295143e-06,14.614012,16.309734,12.805051,REX,2.784722
198.7258388637127,31.57162402089905,0.0676978998996312,1.568914075174457e-05,12.016345,21.431488,32.40352,SER,3.5481033
194.3488816878487,25.75450993397931,0.07787150637255652,6.910679084015206e-06,12.222595,17.558214,21.945961,SER,1.9800692
195.7165455978168,25.44055142779822,0.07102010437002278,1.243726609967555e-05,0.6768283,0.88232785,1.2734396,REX,0.55596125
194.9490944771037,28.09792634222312,0.02124549390260939,3.755564955147159e-05,46.352234,91.52013,145.84789,SER,2.3315568
195.3310542619206,29.17986307044656,0.0607776192722396,8.211349339259068e-06,1.671,1.7036837,2.35934,EXP,2.4529727
196.4008306111529,24.31281912512953,0.03465090889414178,4.753313338417679e-06,3.841914,5.4473996,6.227147,EXP,1.792944
196.5602017788814,25.17919785803037,0.07366092019400346,8.88420995623207e-06,17.219975,27.059969,35.887512,SER,2.674351
193.1547803561367,27.32518171190451,0.02623208394972899,3.070185270791719e-05,115.50473,228.72954,365.58377,SER,4.634372
196.1757700300625,25.51159175924368,0.02082998037395516,1.421933009732341e-05,31.902111,43.129303,50.534008,SER,4.506697
193.8925873028838,27.8395566400007,0.02386972031482583,6.6755483859706e-05,0,0,0,,0
194.0056044654202,29.25296367635906,0.06867805914580091,2.192061960145272e-06,5.3091693,8.95706,10.819256,PSF,0
194.9965845547806,27.31014694840036,0.06080366786084162,5.200666068340994e-06,26.732637,37.755356,48.29941,SER,3.3921883
195.081752520221,27.33785147205492,0.02089212777627864,6.012713944948403e-05,9.729329,17.824705,25.69035,SER,2.4741971
194.9204743428865,27.80689855124785,0.02165135691028854,7.72354626177286e-05,15.210426,28.569714,41.549763,REX,2.1869628
196.5217261489388,28.78745600689771,0.02314700116292084,5.585999620685284e-05,71.19871,137.70787,215.85207,SER,4.7378516
193.1427171341334,25.05237121434926,0.07327161562763075,2.629713514448025e-05,0,0,0,DUP,0
196.0481166727383,25.00829214489844,0.07962064099132038,3.966977753056902e-05,50.09543,94.20086,148.89253,EXP,3.8216398
194.3460182539363,26.21904659524151,0.05605814149995958,1.012835388072296e-05,10.330006,15.516105,20.114977,SER,2.8894393
195.1336789083005,26.97311105371087,0.07861865668347479,1.197625976793277e-05,459.452,1046.5757,1942.0416,SER,5.091446
195.1512007735541,27.09220557368616,0.06816251395695999,2.597628449375119e-05,141.6897,302.9688,522.1025,SER,9.339457
195.2853315131929,27.84672754515525,0.01952809763935485,5.646966958518635e-05,33.908318,63.645382,96.98819,SER,4.0512996
194.3441804904097,29.16642733394326,0.06824908334523738,6.796093537597558e-06,118.02215,238.64388,403.00134,SER,3.9748156
196.2269897680214,25.52168515240957,0.03555963852625046,2.598059406895659e-05,17.055632,22.574118,27.035894,EXP,3.8791187
193.9441801912266,25.93451596488966,-2.200654378249323e-05,6.622947267995603e-06,1.7998296,8.296744,25.055435,EXP,1.9823879
195.0709710267428,28.06393748292206,0.02055034271879205,1.663765110516808e-05,0,0,0,DUP,0
195.6730258499961,29.5737810047222,0.02273698677979269,7.750432972650472e-05,24.14892,42.69224,59.418003,SER,4.9310293
196.5507934461837,25.35698973381701,0.07985894624466565,7.063560083831167e-06,9.429346,15.505103,22.071054,SER,1.9238034
193.791162611129,27.66125080517717,0.02673705783496909,3.351765380554264e-05,36.695213,68.997475,102.34667,SER,1.6769222
196.205324038385,28.66114115548215,0.02621868961535518,1.558448664360246e-05,180.05066,330.02145,511.94717,SER,5.886816
197.7512714679181,32.18496891145125,0.04907403780521868,1.053666099535913e-05,19.599913,32.48262,44.81582,SER,2.0048187
194.0639328722724,24.38324131463744,0.07397181342261412,2.63874019124439e-06,3.0551996,3.914483,4.2344418,EXP,1.6158315
196.4459258118178,24.16226468014605,0.07967039280385471,2.820790808720475e-06,18.328484,30.791155,45.52623,EXP,1.176993
191.2734251746626,26.54673107428739,0.05872424473428785,2.684129235857084e-06,4.790983,7.3070335,9.323113,SER,1.2021575
192.9727894217398,27.97802935131654,0.02316855746135605,5.870788368398339e-06,99.95577,146.50537,185.71935,SER,4.34036
193.9725837453967,29.06587915834689,0.03295429710800782,4.31467761104299e-06,68.628,97.61797,125.2932,SER,6.274029
194.9356676205969,28.25651188246066,0.02639843885625666,8.68949378589795e-05,52.246204,97.30508,144.04665,SER,5.7084675
194.1391415198743,28.7730504905989,0.06767030115038615,7.133847738353468e-06,1.981352,2.393163,3.0636373,EXP,0.8843243
194.2288244158278,23.48878071928255,8.944400102512247e-05,2.1515421049279e-05,0.9752419,3.8567092,16.421848,DEV,0.865089
192.3422880162411,26.62962410424467,0.05881663167874247,2.485351993009221e-06,35.531574,75.45367,139.53851,SER,3.0490956
194.4170688785872,27.22512936271901,0.02389555744898948,4.413338339947306e-05,13.702979,26.01482,37.080635,SER,2.4146438
194.5690864541397,26.93630409520999,0.05799793186516237,5.509162406740499e-06,1.1377661,1.2856936,1.5581807,EXP,1.023443
194.3477648650585,27.76627580204811,0.03048899260533196,1.025352430596047e-05,501.3406,1021.98126,1788.3278,DEV,10.620133
195.0995915270053,27.28693952654601,0.02419179528230176,5.169788185796753e-05,48.174652,89.943985,133.44592,SER,4.8912616
194.4557920630747,29.04514308484137,0.022979521887518,3.251371489376077e-06,25.336641,31.469923,36.142178,SER,2.2804556
195.1981565914188,29.0672424909544,0.0248786363111221,6.826446795974703e-05,86.584045,143.37592,197.61208,REX,5.3840446
193.8684373029636,25.86983671987759,9.194560551375396e-06,3.320153910474714e-06,0.81085414,1.202667,2.6874638,REX,0.20526862
195.7829810727134,24.05963391787957,0.07323728945743183,2.771097831520161e-05,20.389257,43.209778,72.35273,SER,1.41765
195.0032417338405,27.73918092878415,0.07689049807748448,3.288305520397968e-05,1.4399154,1.7249672,2.0600755,REX,0.6232658
194.6898563117618,24.23394431465569,0.02266912021464452,1.026851859235206e-05,333.68005,520.55786,721.2342,SER,14.50455
196.4336712584563,24.80404755589382,0.0255480332847298,1.253532702975783e-05,22.068457,35.880688,35.5306,EXP,2.9419632
197.0044455995334,26.12000453814894,0.03575971814585405,9.340573322768865e-06,724.57056,1263.0896,1943.0446,SER,7.23072
194.9051206352863,27.8705481748489,0.02118706101455149,6.632314846292187e-05,20.032743,40.496754,65.11389,REX,1.5779057
195.3233362223477,27.80909566795241,0.02437643940993425,1.143821407505745e-05,0,0,0,DUP,0
193.3130802288682,24.24679406534147,0.07161183205835164,3.735504153842973e-06,8.743888,13.490249,18.163582,EXP,0.83758336
195.0222106530294,23.59358772877458,0.07411928258822557,6.983491682115015e-06,230.851,433.17847,683.82446,SER,4.3817215
195.1216573679952,25.04285376705831,0.07153332746667794,1.054917198098634e-05,1.0968748,1.3440583,1.8104584,EXP,1.0218861
194.2518947645334,25.82204252798756,0.07831789228764016,1.313168168069854e-05,42.590115,94.44971,165.70438,SER,0.868409
196.5523654452949,25.33960458468826,0.07790240611449858,2.91475167707778e-06,31.26069,44.951508,51.852444,EXP,6.4976
193.9510524655722,27.51104689124999,0.02408395606903785,5.549382306457967e-05,15.095091,26.548496,37.57871,SER,2.2076085
193.3754515788646,31.90362789537648,-0.000270680400845532,0.0001062354326213299,1.5077686,1.8923146,2.1454606,PSF,0
195.8555090792754,26.84373708038313,0.07654235891547968,4.254395333659187e-06,16.455019,24.388512,31.063797,SER,3.4234457
194.9076523088229,28.22811952885889,0.02034544805927595,5.499313112753973e-05,31.24547,46.45009,58.370937,SER,3.5283813
198.5078283542307,27.07921260290876,0.05942302110529503,2.300751667771084e-05,0,0,0,DUP,0
194.4340387899449,29.00243278335642,0.02293012204379244,2.320084116459672e-05,0,0,0,,0
195.1220031745621,32.36763046665958,0.03124399342179963,3.257601122320873e-06,62.215164,95.08582,125.25121,SER,6.3318377
193.5187070877583,25.53757082582488,0.07118026930415391,2.265376454086692e-06,252.26395,501.50308,835.3435,SER,5.175262
194.1045166401464,25.03687896517784,0.07292417690846428,2.436409062764069e-05,0.59447724,0.6775056,0.8679763,REX,0.42596942
194.2923393215931,25.34029393032128,0.07651580369399047,2.238940271722068e-06,10.359603,11.300221,10.600006,EXP,1.7464087
195.9989246627891,24.79754910733411,0.04517837462322867,5.364775103901191e-06,314.72324,627.0204,1100.9952,SER,5.4630704
192.1968551812607,28.36397574204623,0.07169047157292513,1.423286542072784e-06,23.13892,31.809,38.924656,SER,0.9236466
195.1139490162514,28.00929428555596,0.02103882022225939,5.833777818397672e-05,8.364527,18.19142,32.482597,REX,0.6633687
195.545273355085,28.67410930211308,0.02142040709871578,5.833733114308764e-05,1.0657178,1.0453867,1.3753114,REX,0.7993886
193.8567319444594,25.88944434241019,1.353480190712576e-05,4.68008208660593e-06,4.5258713,13.711361,24.73884,SER,0.66292506
194.2737103522639,25.45622648321675,0.07786270679139973,4.906076889633933e-06,7.69762,12.059913,16.279339,SER,0.94909215
195.1109898298546,25.47919865262826,-0.001962123308004164,6.5643641045467e-05,0.4852932,0.5980719,1.1500225,REX,0.52615064
195.4050762221107,27.01856178104982,0.05185413906729617,1.034829898767855e-05,35.260265,50.530594,64.45923,EXP,5.3378344
196.5229923064587,28.5929056247893,0.02640870786687448,8.725799513805291e-06,1095.5215,2347.0967,4344.8735,SER,5.8138914
194.6335023750737,32.77097440312177,0.000281426899052541,5.400086902624976e-05,7.4581165,11.295364,15.436752,DEV,0.21722263
193.882571111437,25.92612397544798,-4.293828166389021e-05,3.287729761118628e-06,0.36164078,0.3556593,0.67300737,REX,0.31585655
193.815505748995,28.2519482823932,0.02123386459232736,3.854967488119362e-05,46.066322,88.68539,138.81644,SER,4.217189
194.3086323664055,27.25371587883052,0.01747627957896781,2.681861081375224e-05,78.859695,154.71407,247.01346,SER,3.922241
195.4387402218333,28.30055496629951,0.02468773541019261,0.000105747176357304,24.104446,46.164833,73.27633,REX,2.6409917
196.1308759537164,28.91114063684581,0.01997932025673084,2.579747557263262e-05,4.7707443,6.6174235,7.986434,EXP,2.4616954
194.4850409455221,32.48166185769785,0.02339339040212973,9.965320932745283e-06,72.27568,117.21931,153.98509,EXP,5.7330365
193.8478795310172,25.82990778946457,-4.552088687219927e-05,1.052158539782126e-05,0.3908843,0.3733518,0.43611193,PSF,0
194.8269126923846,27.51351297913549,0.02012963594451253,3.661401904265494e-05,175.87088,329.49365,525.02203,DEV,14.184101
194.9341990871654,27.95842374235256,0.0230815965484722,1.236124190108635e-05,354.43164,718.63196,1233.6445,SER,4.6973658
194.1081771091717,28.98611925590913,0.03086035937432175,5.93851486461243e-06,5.4631195,7.916366,9.858245,EXP,2.0417805
196.3315839052791,29.04742292657683,0.01781195034452239,3.182709115534405e-06,16.38802,20.174335,21.61214,SER,1.3869798
193.8209249902229,25.85399071043427,-5.545859471931694e-05,8.240720490145719e-06,0.36406225,0.45734245,1.2729404,REX,0.20313047
194.78170242542,23.7668667537831,0.07707243223130254,3.771152466434305e-06,7.8406353,14.636253,22.699074,REX,0.4616624
194.5936896158883,27.5323957438166,0.01555119260438033,7.113158436067344e-05,26.708391,48.827908,72.04593,SER,4.692415
194.665215244416,27.54190548907892,0.02275688431829467,6.653592387544792e-05,23.613174,44.272587,64.12399,SER,3.521541
195.7467733570326,27.24328862874085,0.07681779226642278,3.54690406449013e-05,0,0,0,DUP,0
192.6190067701066,27.43662451141496,0.02124944468713031,3.652559287870946e-05,8.597974,12.779117,14.447472,PSF,0
193.8333326948714,27.86667939143435,0.02331054174290931,1.635568169111219e-05,566.75336,1140.2122,1901.2856,SER,7.6996245
192.4026326993933,30.84068206779877,0.02740363991485129,6.702054258435414e-06,0,0,0,,0
195.2307638811977,27.79339238553724,0.0261220899625422,2.492304523813611e-06,122.283905,157.32376,161.93788,EXP,7.1264
194.523456326217,28.2424699937331,0.02408434932712847,2.603299577833667e-06,1885.4513,3642.3079,6314.2837,SER,13.661892
197.81332211397,26.29037126967411,0.0769358453665466,1.587786259017962e-05,101.78884,231.90369,405.61276,SER,1.730887
194.872538922612,31.28959222671789,0.05197250522738164,2.988302607635268e-05,36.18263,76.14698,128.26842,DEV,0.9331261
195.0851876509582,24.33962479116365,0.02387211178785621,3.833569442826027e-06,7.5358663,9.460574,10.206968,SER,1.1004888
195.4936947425633,24.99389437875692,0.07408218616304657,8.742244328396288e-06,9.501733,13.5913925,17.429039,EXP,3.3867714
196.3779633063127,24.41733757498068,0.03475622235614034,5.949364807476437e-06,53.331367,79.67219,103.6925,SER,6.2493587
194.5700795779824,27.17142802737533,0.06166864514485187,8.304274470892214e-06,0,0,0,,0
196.0422411410051,28.24786608956341,0.01984209871566391,9.520498423503942e-06,1130.0851,2393.4866,4361.174,SER,7.2515693
194.9786141029514,27.79601454672927,0.02752001812541764,1.427886338510982e-05,174.92874,360.32538,600.0386,SER,2.6180742
194.8808798038306,27.90869526884439,0.02453636236151845,5.92588242856215e-05,4.422984,7.9965587,11.876031,REX,1.2288395
196.3231516274644,28.58276849793857,0.02619200739499636,5.548625381112427e-05,95.00529,177.28043,272.73196,SER,7.5641894
196.0943176610908,28.81195757815939,0.02645385266493976,6.20874613872416e-07,21.761982,22.446087,12.855703,PSF,0
194.8556583023646,23.42797997456556,0.07441376922452451,1.446961431141906e-05,252.47398,446.25824,690.7496,SER,9.814813
195.8722033426855,25.43961887336314,0.07423089223365845,1.871913814398468e-05,347.38492,803.8686,1509.6094,SER,4.8936677
194.8302219218947,26.93614868061583,0.02813442293634795,5.442500359798192e-06,0.37518203,0.2658388,0.3346331,PSF,0
194.9849407745558,27.19716281314262,0.06018332686427499,1.982236329328738e-05,36.045734,74.839165,128.18198,SER,1.4044342
195.3087244946786,27.25564186536636,0.0610064749368679,8.737736522471976e-06,15.926396,24.361557,31.574255,SER,2.5716095
195.9601315337889,28.05626712295354,0.02077412130291908,9.083994813108034e-05,0,0,0,,0
195.3305767488248,28.9719459423302,0.02632280370113203,5.10452344445919e-05,31.920681,58.094517,83.326004,SER,3.227157
195.843631821905,24.30837511635519,0.06184758783011127,1.102350305612279e-05,4.699331,6.734573,7.842663,REX,1.3577511
194.005907174781,27.28978936573153,0.02545042111693946,1.859624813752421e-05,46.34139,91.524506,150.47054,SER,3.12498
194.9378990239443,25.94295705392987,0.06965551773755309,7.044425883324565e-06,298.91522,632.46216,1129.0988,DEV,10.175748
194.4747723705631,28.4998353303751,0.02441378830580649,6.709899046885788e-06,486.49908,1011.53064,1748.4512,SER,3.10288
195.0773280164293,28.09712006329607,0.02600507404081826,3.575194273899639e-05,86.902565,172.47714,280.608,SER,4.19077
196.2439680440908,24.12262623697712,0.03893432470103615,1.754635368177568e-06,19.345182,23.81687,22.710495,SER,1.6970108
194.4172417081204,27.54102566053327,0.02431760629903235,4.375704753329523e-05,30.469442,57.898296,88.75489,SER,2.3318765
195.0754275534021,27.38867869868228,0.03700821006930115,4.048966062744945e-06,0,0,0,,0
194.3180907349421,28.28572845796902,0.02387810729319342,5.397178222615737e-05,10.567389,19.568977,27.695631,SER,3.4897757
195.3333411886931,27.96103909465392,0.0262291778588712,3.975974842362807e-05,60.03624,116.7371,183.27515,SER,3.0315108
197.0882559302754,32.26063817784667,0.06183075172561891,1.764888789116047e-05,22.890089,51.46814,98.77866,SER,3.3991241
193.0972343639722,27.91129321413844,0.06057946706792509,1.181700267726895e-05,0,0,0,,0
193.8919814010162,27.84170903049933,0.02337669068595413,1.387047272468237e-05,0,0,0,DUP,0
195.0706703373951,27.90448112233198,0.03028675484338501,6.14695042412643e-05,7.134488,13.157776,18.28643,SER,1.1302593
194.8056108360965,31.35782342141798,0.05313837869989996,1.66895759392927e-05,0,0,0,DUP,0
196.3521677997735,32.76999140319516,0.0767608594280152,4.805658571123953e-06,35.161343,58.50523,80.75948,SER,2.6305048
193.7085929395568,25.55105100872237,0.06429927353253534,1.069973047127533e-06,19.885378,27.16717,32.922077,SER,1.2144691
195.952073392693,26.08930916238052,0.03754688527789681,4.680179416366537e-06,1013.0459,1657.8708,2477.7224,SER,12.709809
194.2570872460707,27.372069572777,0.02336739315103516,5.242589464900122e-06,0,0,0,DUP,0
196.2459818226583,24.12258504749499,0.03963003174242916,1.630475215062514e-06,22.26983,25.736753,19.743011,SER,1.7065343
195.620654731369,24.69682101877256,0.03627310490246499,9.240531147828702e-06,102.20337,142.69418,177.87535,SER,7.004679
194.4527894947246,28.18043243129154,0.02417103098468583,1.589045486676904e-05,0,0,0,DUP,0
194.7478398189362,27.934523544416,0.01924272060162259,3.277155325111353e-05,106.88464,212.26881,345.7671,SER,4.462265
199.8438832393292,27.53981016202509,-0.0007946270680498516,1.766609842191058e-05,70.558014,102.410645,116.09906,PSF,0
193.574249196648,25.53718453490585,0.07212817899217269,1.991558564657472e-06,9.666627,14.111994,21.511566,SER,1.3850238
197.2584302814953,26.1581661323928,0.07231912993448388,1.838397201774489e-05,27.661615,42.534557,57.17994,EXP,2.9999433
194.4106311010762,27.60010019171911,0.0690168990944281,4.564964439062989e-06,7.858421,12.452469,16.809324,SER,1.6509715
194.6434349686492,28.37958976543196,0.0001836196680220114,1.09284572176271e-05,175.09953,218.01015,223.97075,PSF,0
195.0737338582614,27.95526437878723,0.02307020858462426,1.08183813246203e-05,1820.3041,3875.0105,6954.16,SER,6.007823
196.0915850143153,28.76486473603029,0.01842832632533142,6.679571778966009e-07,33.03528,31.858685,25.43196,DEV,12.1568
193.9220242436901,27.25073681657227,0.02362621448680842,1.39431755864551e-05,0,0,0,DUP,0
193.4646526191079,28.97941400522149,0.02649460585596453,2.013132773314756e-06,664.44855,1181.92,1880.8464,SER,8.609961
195.4628365875384,27.41189834340241,0.02014498220862804,6.002936874950457e-05,63.6363,116.7124,171.30434,SER,10.40563
195.5522418199145,28.2160406303116,0.02722000422488783,5.728961227538791e-06,0,0,0,,0
196.1155133811218,27.30634978782639,0.01863837680738312,3.494083372979785e-06,21.391878,22.627504,21.719395,EXP,4.851438
197.6030398886999,26.26504868023858,0.06055564374552443,1.322642497898248e-05,272.94458,616.50946,1144.6868,SER,3.3838396
194.5611593884723,32.67026111577256,0.02250365942216677,1.16708848530544e-05,0,0,0,,0
195.3575936371981,23.952772917975,0.07396891650286828,1.76928778368796e-05,31.480585,51.680794,72.936775,SER,4.0586834
193.4109257739472,27.78671524355319,0.0167156824379049,5.026113488968546e-06,21.288723,28.557835,33.264526,EXP,1.5368214
193.7461333421988,29.26868154525819,0.06206924785207071,1.922515131704004e-06,26.676243,40.234055,51.064983,REX,1.0743314
196.658496571814,27.91184088630946,0.0316244734295278,5.835938875803798e-05,3.1870298,4.684757,5.349665,PSF,0
194.6841399007303,23.74359081180681,0.07451696198945831,1.478737737698751e-05,38.110996,82.69903,143.26233,SER,0.88651574
194.3205099509335,24.54506488515899,0.07393925600040538,1.528042829613756e-06,47.520866,60.53233,72.06159,SER,2.1132731
193.6608282938365,28.94525072439413,0.008257115689370053,8.73154241866661e-07,56.068016,64.43582,42.177967,SER,7.336
194.5146834953215,27.81494156911959,0.02383279946031574,1.584518907899207e-05,0,0,0,DUP,0
194.9801676618436,27.44846743359651,0.02092167714084299,6.443939800116734e-05,39.2085,73.02532,113.02859,SER,5.322056
194.3460540184908,23.41867543996723,0.07516758241672802,2.066722947593099e-05,0.88301545,1.110982,1.7167526,EXP,1.4412842
193.4729272204954,28.18483506561041,0.02600052957426242,1.623532857690241e-05,0,0,0,,0
195.3425659605383,23.79592333313321,0.0311786766315845,1.183371163712444e-05,0,0,0,,0
194.6504253782948,27.87292280928498,0.02366016464082018,6.809600715092839e-05,84.23558,158.45055,246.865,SER,9.347769
194.8476135349595,27.91955071787809,0.02314086878555689,1.364167536553267e-05,39.162685,79.23746,127.64119,PSF,0
193.9665217006706,25.8681508420013,-5.106243132945801e-06,8.584246656424836e-06,0.5251345,0.6412862,1.0557678,REX,0.531786
194.3598660022042,23.86765920942803,0.03782607813602975,2.765746821999408e-06,0.6034803,0.5784467,0.7319018,REX,0.36736098
194.5486678877379,27.54243962223138,0.02368379096691801,3.967058590384284e-05,45.58101,88.47098,143.71835,SER,4.7377815
194.7401526614508,27.78544097459445,0.02316647126395476,1.123782911541888e-05,285.77374,572.0547,924.7517,SER,6.1224394
198.8785091887762,26.28376050222973,0.07277169515950355,6.475339545741703e-06,36.052094,65.1023,99.133354,SER,2.5610125
196.1931816019087,29.06489120790124,0.01961914277197752,7.116745791452209e-06,8.770608,11.490823,13.423421,REX,0.50387853
195.6840597662055,25.89387732711533,0.06596028440300614,1.29046998751595e-05,20.063091,29.61823,38.466778,EXP,3.0256464
194.9255085816909,27.94324828156707,0.0187490068932616,6.161172532602974e-05,18.4954,35.28624,47.606163,SER,3.9907675
194.1242091072417,29.16277279899493,0.0662683205634967,4.910910166515057e-06,31.180943,43.775867,53.99965,REX,2.9247568
194.5759990622699,29.12875783691974,0.02627875572894733,6.796522398062841e-06,1393.9882,2764.2192,4717.0205,SER,17.053335
194.4098355050182,32.52699195093329,0.03678575676509737,7.309847431583704e-06,19.494862,26.819302,30.973324,SER,3.1075432
194.3545293983192,27.15110509524197,0.07937791784905492,7.219374296820514e-06,17.476007,25.682112,33.043037,SER,2.0993474
194.6204812609965,32.43842886088277,0.05314056894801296,3.386921025490968e-06,15.325173,22.42539,26.087465,SER,1.3189173
196.3410884397191,24.06531903854795,0.0733061661210384,2.878933471887296e-06,11.325236,22.779892,38.226147,SER,0.6784785
196.2789322748147,27.48699877529173,0.06351358479417477,6.332365332508157e-06,5.64422,7.942065,9.794803,EXP,1.868444
194.3801997702629,28.85412476524087,0.05710710933269224,1.472172228250118e-05,8.330459,13.670611,17.890404,SER,1.7441689
194.7531766756434,28.83805568937803,0.01818134514555651,1.257687135137826e-05,3.8711662,5.1685166,6.268775,EXP,1.4153446
193.2201480925543,28.36766704758422,0.02439412058354014,1.88002116154623e-06,163.57607,191.1652,203.12816,EXP,5.8688
195.7716713915949,27.78415113158678,0.02561743890618916,1.461451794056668e-05,0,0,0,DUP,0
194.8628568911337,29.7191398532796,0.02453201331933075,3.067104041105435e-06,10.954688,15.741963,19.09938,REX,0.82003474
195.5428382836546,32.51856934487195,0.06394789775031609,7.998404467602904e-06,17.907822,26.599293,33.054718,REX,1.8724507
193.9681355632085,25.18284134709678,0.02299166955940742,7.473653422237495e-07,237.39313,368.83127,497.4075,SER,1.8922282
197.9140549488659,26.31524735436566,0.03437280525498112,4.4456502955137e-06,14.704805,23.220182,30.70512,EXP,1.7562723
194.5762384549184,29.1250469743597,0.06165845649370755,3.441703605637482e-06,551.9377,930.9224,1371.1971,SER,11.869872
195.8795403689871,24.14665752644324,0.0004314023540761855,9.034747559487221e-05,1.5086387,2.3239348,2.6643105,PSF,0
194.7217875350888,26.20780052137205,0.06409396487245364,1.528098836351157e-05,13.109174,19.795332,25.357735,EXP,3.1303024
196.5461824969883,27.26487354500917,0.06050900538797634,1.964918330486625e-05,10.547535,16.325949,20.62458,SER,4.2252507
193.54160582781,28.09247748389663,0.02111904390379954,5.473761624869796e-06,1119.0623,2376.2434,4271.577,SER,8.701816
194.4012825322752,27.15768128978998,0.07006537191822255,2.723546133645467e-05,0,0,0,,0
194.0613421037118,27.50442680723065,0.02515228869015865,6.372944162747053e-05,0,0,0,,0
194.7788651288554,28.36105136044898,0.05783079176007039,1.737015246211555e-05,0.2924515,0.16176261,0.20542602,PSF,0
198.8381523519624,25.92927016525006,3.915837221884747e-05,2.081630014299912e-05,83.084984,118.770004,130.64592,PSF,0
198.434596896793,26.41734041720184,0.05712070370463724,1.511451799007459e-06,23.441591,35.32533,43.932465,DEV,0.6388752
195.8823916346914,23.56555084950217,0.07059226607218463,3.556100115901697e-06,3.2293062,3.8282876,4.6736164,EXP,2.904347
194.6106584483485,24.59960403961281,0.07149684170018057,8.370069430796681e-06,37.71688,76.40228,129.61668,SER,1.6112814
194.5290392621076,25.15443668486168,0.07702178738514681,3.022765885236947e-05,52.157795,124.110954,227.73152,SER,1.5250744
192.0305478487094,27.19230359250345,0.006302138905824232,1.739854219503132e-05,104.51779,153.63286,196.40958,SER,10.455662
193.9962544145003,32.21948617258887,0.04621395165862081,4.893135641260263e-06,12.570973,18.338032,23.578068,REX,0.58106726
196.5640762848504,26.1738038890447,0.07044951816982115,1.507522357119543e-05,251.48773,564.5274,1048.508,DEV,7.831758
194.9464939510377,27.71030752871569,0.02809010127118921,5.078312167712129e-06,1296.8019,2664.762,4620.5415,SER,5.441532
193.9034566548296,25.36916314962745,0.06534147450061115,3.04540488638755e-05,0.88636464,1.0213201,1.4049544,EXP,0.91476965
194.2936465911692,24.27892677245779,0.07360707056180997,4.239958050688942e-06,36.160984,57.669964,80.72082,EXP,1.4715348
195.7951813155371,25.64601323903292,0.06548657158727704,1.801982223591563e-05,43.157127,92.627335,157.58386,SER,1.4769906
194.1335186585003,27.05558283855811,0.02044750454121744,5.564485855353313e-06,640.05035,1277.772,2226.2136,SER,3.1635787
194.2533669563734,26.92115527844713,0.02261661457631059,6.972835867059935e-05,21.179947,36.200943,49.383995,SER,2.318231
194.8618298533402,27.41164964655476,0.01850963335483672,4.407158097535832e-05,23.087297,43.12205,66.01285,REX,1.2754
196.4609150452818,27.73153766072588,0.00811382488126647,2.369991557444875e-05,0,0,0,,0
193.4765067809968,24.40917690228624,0.07444252487806031,7.838536601489427e-06,7.0877075,14.342172,23.570402,REX,0.62138027
194.6910107077385,28.54301617992795,0.02136777103376611,8.395165707156532e-07,64.91674,79.80811,85.54833,SER,2.9395611
195.2250178225502,27.83630966371377,0.06424194644263193,4.518523033822931e-06,7.861493,11.579825,14.79584,REX,0.5771349
196.0202563916333,32.09706548535478,0.07590001186673055,4.585679836796004e-06,3.25961,3.959575,5.126291,SER,1.3040304
194.2256736088495,24.77692615850282,0.07373334830690083,3.950340598341683e-06,7.9390326,10.6821375,12.822658,EXP,1.4155492
194.0021833402673,29.25273547360027,0.06860259741470613,3.944598932031933e-05,0,0,0,,0
195.5854718528416,27.37849474628277,0.03572685568166951,1.94540703017231e-06,27.410421,43.150913,58.22825,SER,1.2905747
194.844277738162,27.896890398762,0.01724773254711727,2.214517023501782e-05,0,0,0,DUP,0
193.1038633942835,25.20677570994742,0.06012443053929436,4.665174586088848e-06,282.61053,533.80804,916.52136,DEV,12.387082
194.029213206614,27.24057226405653,0.029465962276855,4.93811076998579e-05,20.666716,38.589493,57.581627,EXP,2.1308503
193.8500287124423,28.08888954627671,0.05595736832554753,1.941557554699009e-06,7.5250335,11.008881,13.487356,REX,0.76261336
195.6155785170374,25.0136345285477,0.07973274743501328,2.732474282042336e-06,21.124643,30.67568,40.07678,EXP,1.4504256
194.5299064391277,26.05427665720592,0.0757533048251812,4.038494927464805e-06,1.1365097,1.2895833,1.530202,DEV,0.6993995
195.3034062775866,27.28814923264332,0.06123891888228489,2.169085819202124e-05,3.3577487,4.908909,5.4476852,EXP,2.8761404
195.3968735051554,28.14694574095035,0.01763966572370501,2.038260630837172e-05,95.63861,171.71704,261.3386,SER,3.707987
197.7064209314652,26.27569249230233,0.07226054724293948,1.495099605798079e-05,0,0,0,,0
196.7766074522892,25.90202914048337,0.03391429585723348,8.412825920592602e-06,19.346685,31.313633,44.892376,REX,3.0468671
195.2947683323438,27.24646595356384,0.02065195860983796,2.243929201353796e-05,139.56447,262.60452,410.40167,REX,5.064994
194.8676253105872,28.49049459236082,0.02307902788485121,1.269860968996269e-06,29.165384,36.77417,42.028034,REX,1.8449141
195.3825371236202,27.8475123411464,0.01825459693695375,6.624886672808603e-06,2113.7087,4424.996,7972.6353,SER,7.914811
195.1521067703945,31.27403354380234,0.05320488007989684,6.147548401891729e-06,83.7079,189.54272,383.38632,SER,7.384076
195.8540572246746,23.59723767540905,0.06308692745417668,3.906359402648943e-06,4.825047,7.7277274,10.288141,SER,2.2590735
196.4177341860227,25.17988939756516,0.0735870464569106,5.351494559772381e-06,7.862913,9.57379,10.431371,EXP,1.3382049
196.511309531592,25.22390528836081,0.07828439453780785,1.665382972402433e-05,52.031685,113.74284,200.83505,SER,1.8227836
198.5541671940339,25.30045552312646,-0.0001537879366358181,2.51826149792747e-05,71.20975,94.96455,100.52347,PSF,0
194.2661046836,27.78557471413448,0.02368886662303927,5.903022259157674e-05,10.633627,20.306738,31.29632,REX,1.3337804
195.0973965374378,27.65044082894624,0.02534248653268306,9.532379197474323e-05,55.82182,105.19791,167.33493,SER,8.748685
195.2525614263918,27.90614690758784,0.01926114893459693,2.446768963398224e-05,30.756315,47.06882,61.847443,SER,4.68237
195.4031217309066,28.46134633778049,0.0002007656859019594,2.502125627920594e-05,27.522339,37.281925,40.506626,PSF,0
194.6632371483279,29.34224386677561,0.02531630192945704,3.889017888403777e-05,8.315378,14.030026,18.555387,SER,1.6777295
195.8325132727286,28.61724244689023,0.01994072949412263,1.013717121028056e-05,215.12384,428.57645,721.4088,SER,4.9338827
193.3295054098045,24.61633814884095,0.06059645882975054,6.971192077279292e-06,14.321741,23.873787,34.3699,EXP,3.0335279
194.8673594548139,23.78579161431675,0.07464752451353567,1.898000665575314e-06,22.657673,33.364487,43.44225,SER,0.72830385
194.2981134351314,27.49186752769355,0.068015502970507,7.396858417176836e-06,10.048493,21.945984,40.031948,SER,1.9683194
194.8970093649873,29.17434600842583,0.06235843417617259,9.792055855162365e-06,0,0,0,,0
195.433203156568,28.99949478590251,0.02153061538359001,1.465893214989589e-05,596.625,1171.4169,1956.5062,SER,8.465876
194.874470679815,31.33562106912686,0.02517678724864389,6.890019902199267e-06,807.65356,1529.2139,2366.5513,SER,3.8185139
194.1506104205913,32.5971635839514,0.06028284392370871,2.438442707440071e-05,0.3537865,0.3847646,0.48308083,REX,0.29671147
194.0500508370412,23.46222400354117,0.07582386106820864,9.586957087671477e-06,49.613277,76.54393,104.94935,REX,2.7824006
196.016385773284,25.58877058265134,0.02510560775587592,5.884397183545346e-06,125.56555,189.54941,253.6437,SER,5.162402
195.4873556356171,26.2237167543787,0.03406368276122942,3.436908371715916e-05,0.83828276,0.9318119,1.212823,PSF,0
195.0960500657397,27.07000930443911,0.0781149029507985,3.937563736009013e-06,7.1795444,9.810522,12.039375,REX,0.57787466
196.0553505629321,26.66771903384456,0.03568540809076826,3.193603811278867e-06,35.196,57.316376,79.1332,SER,2.751415
195.4719111978247,27.76671542891069,0.02115913603356646,3.392837398910367e-05,24.6998,47.11024,73.54422,REX,1.4138556
196.4824906050488,28.88425829809025,-2.446834979578684e-05,2.350811092799613e-05,42.049355,56.38096,59.43532,PSF,0
193.763313688479,23.46511086078835,0.0791910346912972,9.105638040189239e-06,0.43666363,0.51466984,0.77948415,REX,0.34342033
194.1061072629959,23.34863038471546,0.07420805031172852,3.31142341910816e-06,99.0328,263.54727,593.66486,SER,2.4284842
194.912018819061,24.55228676685234,0.07443464417454168,5.265694535574911e-06,32.42199,51.812336,70.41655,SER,4.20175
194.3405669978996,27.88046642495778,0.0248120224112322,1.374125168137573e-05,0,0,0,DUP,0
195.8799572721588,28.34873904693463,0.04708651064261075,8.183171402576668e-06,0.98850346,1.1456621,1.3892448,REX,0.43725953
196.0933513462342,24.10296409394372,0.07387207694610487,7.627723148349202e-06,0,0,0,,0
193.9999699595623,29.11079499556499,0.03670476903229544,4.146985814893716e-06,20.938118,31.889896,40.88737,SER,2.1135979
194.4215035888136,26.90635241705456,0.06923840810658245,6.683244520958408e-06,14.588712,28.653877,45.164623,SER,0.69550353
195.4061672476868,26.73596451706068,0.07830400512799267,9.537793580505533e-06,12.120289,16.59459,19.710114,EXP,1.681484
195.7476818318946,28.27532417516935,0.02394439990689652,1.166502036557892e-05,120.68611,243.18407,409.7402,SER,1.9474005
195.1448490793774,29.67450786128783,0.0006453077758254557,5.270323431546511e-05,1.1047446,1.9379274,2.31578,PSF,0
191.3621055444249,27.7675986290166,-3.653211243329985e-06,9.073803694418589e-06,325.468,493.36057,484.7121,PSF,0
192.9324155966068,27.96280964577667,0.02315350827203329,3.840981908360118e-06,0,0,0,DUP,0
193.2888904160443,29.00752737465202,0.06164596535522305,1.901038022292958e-05,34.374104,52.602024,66.29035,SER,9.125515
194.3775477168919,26.70857468475134,0.0696273280900495,2.062789867654435e-06,0.29392296,0.30888724,0.10319553,REX,0.28651235
195.1857286854633,27.89686542398162,0.02065843132997162,5.829592100154613e-05,19.74456,37.50927,55.750305,SER,4.630101
194.3620386071018,28.70955512000274,0.02601874785202627,6.838622951637523e-05,7.0818186,11.888993,15.998238,SER,1.551224
195.1984385694385,29.2008036929959,0.0310678438857872,1.089108867243877e-05,153.64081,320.79123,535.93353,SER,2.8241224
196.3409476323794,24.88918108774164,0.07365491156995421,1.327874039437759e-05,9.212804,15.91935,23.783419,EXP,1.2998524
195.9287652809738,25.45153705725488,0.07480916826795858,2.189996932824452e-06,0.5177859,0.33142927,0.45964968,REX,0.3144067
194.4131252230698,27.79034874813404,0.02613641133748579,6.538205831429288e-05,9.626448,17.782766,27.149075,REX,1.2026492
195.6364584595009,27.29554860487338,0.02538569729210752,1.32026588865458e-05,263.4695,521.6936,860.96594,SER,7.086299
193.7627546711403,25.27053526924485,0.06984166380820017,3.067516739452716e-06,18.797802,28.067701,36.401722,REX,1.2994194
194.3948257179329,25.49239703212149,0.07702503958225404,9.251306799187148e-06,35.097244,56.045647,76.911995,EXP,2.3046396
194.9616276819769,25.88155428750737,0.06967845442568706,1.219632861298261e-05,135.91547,247.96642,387.48633,REX,3.631568
195.5169274446857,28.18157436729408,0.000311684179082641,2.721396155510934e-05,59.02257,140.47226,212.91788,PSF,0
194.5357625831834,28.90389500014505,0.02389385827068051,9.797898551418243e-05,27.229883,45.212364,63.378197,SER,6.2679396
195.2151455209741,23.75705438273917,-4.762779205345267e-05,1.055445074604613e-05,14.12734,12.6005335,19.329687,PSF,0
193.2431799300846,26.40057585311736,0.01982624323029765,5.074447588032031e-05,13.154479,23.44128,32.533833,EXP,2.2520223
194.6194281525645,27.56134481241378,0.02563512130721494,4.383586617756686e-05,0,0,0,,0
195.4103421040436,24.21933539314965,-0.000646802879901853,0.0001102697361156598,1.1049619,1.5685011,1.6974922,PSF,0
194.6225580380496,25.26480267568684,0.04955851041461171,2.574737568341021e-06,61.922012,95.472595,129.35239,SER,3.148605
194.6203302431464,25.40405082617314,0.07890105473216132,6.620039121996834e-06,15.055432,23.234776,30.854706,REX,1.2325791
193.0070295962539,27.58710265942017,0.02714427692811044,6.983942901780618e-05,6.330595,12.872338,22.178442,REX,0.24076158
193.210840091381,27.7458578453053,0.02010773327230992,3.717756875173515e-05,72.86254,143.90427,235.1197,REX,3.00138
195.8736881996155,26.38139339251936,0.01954282144325179,4.19134094890485e-06,52.16943,68.93348,80.29993,SER,2.3690844
194.5626654583534,28.12591281888929,0.02487947488881518,1.267937233195959e-05,0,0,0,DUP,0
195.0168706473125,28.00848539250081,0.02145654640303833,6.106322060042537e-05,12.1068945,23.809393,36.63066,REX,1.3785182
196.2835397068103,28.53659634124033,0.02374813521332391,5.038076329162941e-05,20.271358,35.89431,50.781033,SER,4.8477015
195.5866431124595,32.49991129555296,0.07622888412537698,3.944890862667875e-06,24.385254,43.440567,60.996117,SER,1.460468
195.1188918473122,27.48369578736756,0.02637259619138611,0.0001043981995790202,10.612359,19.394493,27.09864,REX,2.252839
195.2424186151667,27.68580329553297,0.07711512545943898,3.188123158739429e-06,5.955844,7.815533,9.528408,REX,0.87497294
194.8321563532508,32.17216272656018,0.06693728113143622,3.388989973808213e-05,1.6628481,2.3815935,3.423416,EXP,1.128143
195.7911293947193,32.08330884892181,0.04602898712111149,3.12947748442059e-06,11.597221,14.187884,16.107475,EXP,0.91446245
197.872477371459,30.78336040888072,0.03445933430193545,1.38948752973213e-05,1.0132401,1.1953835,1.5341076,EXP,0.9035605
196.1985082264274,24.80534723602095,0.0790062023397072,9.076138467827246e-06,0.8126802,0.9498763,1.3427066,EXP,0.7783656
193.3024915982938,26.82842853780598,0.05876548866736431,2.250111429372788e-06,74.49771,145.45119,244.2315,SER,5.10711
194.9151307963889,27.57810123322015,0.01663810597205361,1.115984295595076e-05,0,0,0,,0
195.2082598209405,28.14836784329158,0.02125208210864224,5.110236758584671e-05,13.052354,24.216496,35.144287,REX,1.0919207
195.7754608362334,27.26699508649404,0.07749803354652572,6.407373189846017e-06,20.533262,42.835537,83.99313,SER,3.3327847
194.4277027616465,29.00510709924375,0.02338846022359741,1.505158688040158e-05,0,0,0,,0
194.7404401768651,31.25709035023313,0.05187052707135587,1.527401586354704e-05,0,0,0,DUP,0
193.8257226103703,25.84567883671189,0.06875829632577873,8.835810380365458e-06,252.03665,546.543,947.0087,SER,4.3963246
195.8354849949565,23.38021239219951,0.07279383613529648,6.228958415948681e-06,9.268503,11.835751,14.001011,SER,2.039111
193.8963172792821,27.76832406004288,0.02270169172317453,7.239477656868844e-05,0,0,0,,0
194.6611980536866,26.62540189328662,0.06900231680924863,7.885006070042492e-06,69.48444,153.91335,288.89136,SER,3.0194187
194.82065916975,27.10513889464338,0.02843915477676543,2.278683695342497e-06,0,0,0,,0
194.6317285100797,27.67356716385414,0.0231739258277938,1.37316369762581e-05,0,0,0,DUP,0
194.5853281841037,27.90532601104564,0.02096482528166178,6.849661829745999e-05,10.066009,18.657787,26.997953,REX,1.3649719
195.0296932495968,27.9309756434285,0.026002195019606,3.39230087916206e-05,38.005543,75.430405,118.62751,SER,1.252543
196.5271481355367,28.72735401855973,0.02215593263017191,3.007110565737554e-05,24.010128,32.92085,41.50265,SER,6.3047395
196.5631522526405,28.71233424837419,0.0193938370549928,4.212228980594355e-05,110.5695,192.45963,274.21497,SER,6.643395
196.1718963713046,32.51499558188868,0.05015547269262588,3.310096211281794e-06,26.665152,34.193016,36.615902,SER,3.1915095
194.1478803013358,27.24178024137639,0.01975405071515414,3.4720584772125e-05,32.50642,61.563828,92.96478,SER,3.9521585
195.1778801361921,27.50486560148054,0.01839139045208166,3.687002497662372e-05,7.65981,13.679056,18.998589,REX,1.1010398
195.536101561449,28.38713609386343,0.02523033312737522,8.315995948410053e-06,0,0,0,DUP,0
196.3723092297616,23.16495751979969,2.492112164814874e-06,4.806595457873381e-06,25.457056,34.704063,157.26326,PSF,0
192.7014475775784,27.87989950659171,0.02375572835706317,4.771660432418525e-05,8.459371,15.509334,22.30055,EXP,1.3464324
194.6317115173317,27.67350902149619,0.02312543333017605,1.198608226347978e-05,304.93094,628.01215,1083.4514,SER,2.4186366
194.2800473930002,29.06271588386675,0.02504253907509374,5.94628187743305e-05,59.192463,105.07638,153.04692,SER,7.021121
199.3123771963898,30.99994865335491,0.02323504030273027,1.819815556409838e-05,3.274246,4.682321,5.3526673,REX,1.0159737
195.5562798134827,24.08212360128169,0.06357147422440575,5.045553991579205e-06,39.316353,58.732857,77.6983,EXP,4.000566
197.481196507851,24.26953594813589,0.07218439746248283,5.276260573304958e-06,5.77216,9.2386875,12.698292,EXP,1.0781376
193.7963926855972,26.95504425068509,0.06076979841233873,8.102090074134942e-06,73.197975,149.40318,247.16954,SER,2.46374
195.0960580529838,27.46393281718283,0.02850785962075706,6.733893677230708e-05,8.000752,13.155897,18.825146,EXP,3.0903451
195.145621349565,27.6407503350648,0.02500025927905897,2.448404212654867e-05,0,0,0,,0
197.7733298291508,25.46594901016117,-0.0003942762707490175,5.717166737595095e-05,21.910055,29.52741,31.335634,PSF,0
194.0345376539802,24.94351232963425,0.07338191067091446,2.337145069806402e-05,38.186783,82.08384,142.41486,SER,1.2046742
194.8755066468445,23.40822369361019,0.07633473589881917,9.753150731933e-06,3.959341,5.043776,6.270111,EXP,1.5848243
197.8406963912666,25.22160030094784,0.07168250900240913,1.818969408802519e-05,10.892803,15.828126,18.942055,SER,2.970819
193.7364931139082,28.12624511805548,0.02107074219755774,1.408576885389992e-05,179.77768,357.04968,580.3287,SER,5.0866804
195.2893379139275,28.03313712554006,0.0234429394578601,2.044839027492387e-05,201.42345,413.50198,700.67236,SER,2.4238555
195.2002090475362,28.09924596734355,0.0203630943893346,7.06902275323183e-05,19.669254,38.565617,60.557777,REX,2.034575
194.1197371545212,29.13707565614277,0.03168479581477076,6.204891094485482e-06,182.72095,265.95044,353.0566,SER,7.271954
195.4355891267641,23.44358648419659,0.0006062299841434949,1.504625157112171e-05,53.704784,80.1666,94.76411,PSF,0
195.9007105616006,24.51986229429922,0.002665875242154694,1.336467941141725e-05,0,0,0,,0
196.3705242498121,24.42335280094842,0.03467034527476284,1.644736028277757e-06,71.63347,105.80047,141.0141,SER,1.2382787
193.5928285033975,27.08419543938451,0.02820972442163262,1.618723909239207e-05,0,0,0,DUP,0
194.0989443387987,27.2339681540347,0.02018441427040378,3.852296102567418e-05,159.38074,297.47287,464.35068,SER,6.835116
195.0260967532885,27.68530670246399,0.02521025965154729,6.792659019195507e-06,397.9533,814.3351,1427.7888,SER,3.508699
195.1629165300365,28.00991816998313,0.01943073371503915,9.103451892052437e-05,25.25123,38.8005,54.08497,REX,1.8794245
196.5229219592168,28.59298392329108,0.02651791317580636,1.562622803033828e-05,0,0,0,DUP,0
196.0654893826702,28.77699494040809,0.06992880241631477,1.140205681753337e-05,1.0894655,1.4402672,2.2125473,EXP,0.75333655
194.2008880606396,25.43309295549566,0.05966733701348946,1.355634888600506e-05,0,0,0,,0
195.9049404604136,24.52964216717179,0.002890783736096243,2.638255914288936e-06,0,0,0,,0
197.4776702742145,24.24537125262381,0.07199965009335331,2.981457345838079e-06,196.38757,311.9569,441.5813,SER,3.5842292
193.917515063476,27.81711071688981,0.02230992698757019,5.060741011421161e-05,31.23914,60.533592,95.06552,SER,1.8714062
194.3749792291131,28.18803391513991,0.02321761762271336,6.379197339809573e-06,1251.2054,2589.4717,4575.3433,SER,11.329583
198.0062073581222,25.83115039674326,0.06412478717847177,1.3610358191572e-05,353.16376,820.5351,1559.1703,SER,4.4161334
193.6828857773382,25.84102079023749,0.06881963612361622,6.223515153856959e-06,0,0,0,,0
195.3949461056408,23.48480871391777,0.06519305325160991,3.716685968173844e-06,7.4259257,11.176294,14.509008,REX,0.6259134
194.199195773954,27.13119626195236,0.02575241069780668,7.694549303365347e-05,17.994606,33.874805,49.34596,EXP,3.1555817
196.0590890479245,26.05160860438769,0.0645932851025303,4.168925058475634e-06,159.91698,266.14972,381.78308,SER,5.4973936
195.2484323670647,27.79516118365679,0.02946284146091682,8.00451064164436e-05,39.516594,76.61809,119.34036,SER,2.714853
194.9429560118826,31.35166598389365,0.04788810921686598,2.437729475493468e-06,62.943157,90.00152,109.91102,SER,2.7281103
194.7241980416093,26.5521886682895,0.07902379231153725,3.192036538100401e-05,64.05536,148.06085,266.66168,SER,2.052585
194.5649263926723,27.08719665631014,0.02572694893059956,5.145119718733946e-05,149.89828,282.77478,439.0228,SER,7.8070745
194.7332943702388,27.83338312234574,0.02495525761190105,1.085349484980788e-05,1265.1155,2456.9978,4295.7617,SER,11.853065
195.3399853553032,27.13816027430629,0.0519889998285096,1.250717932972226e-05,0.73510593,0.8910886,1.103679,REX,0.35130787
195.8242052369019,28.02893789781844,0.02084702931423646,2.900501793878243e-05,0,0,0,,0
194.9389146358207,32.04497061823022,0.02270778515557755,1.218090664781064e-06,1570.4519,2645.4138,4031.5552,SER,14.033568
195.4101736247359,23.90893819413217,0.06067933882458181,2.230964336439687e-05,0.52977127,0.6600272,0.89411795,EXP,0.6080414
194.2790777088949,25.15575005844014,0.07209010385622117,1.725919467046033e-05,324.04272,797.3279,1559.7812,SER,5.0194883
194.4607000461548,27.64375524409137,0.02273009926930393,3.392735998242414e-05,86.406815,167.14738,266.7805,SER,2.7146575
194.9586693759666,27.73551977467126,0.06092872746152545,2.587486903866887e-05,28.982025,40.152927,49.544983,EXP,5.915795
198.1015976868628,26.42570605672213,0.06020619099490836,2.955913977618601e-06,11.882131,18.696733,24.750072,REX,0.5746746
194.7992730897824,24.01772186638469,0.07282061422083395,7.508048457508281e-06,23.267183,43.747395,71.22514,DEV,2.4314008
192.9517670765822,28.50243194954539,-8.663341297044587e-05,2.283107088915454e-05,128.72731,174.75003,187.52284,PSF,0
194.5294941601477,26.78713206195396,0.02401569202074405,2.430358391909673e-06,119.48589,234.99966,390.65247,SER,1.3019308
195.1098907719733,27.0282242899481,0.07811650508061371,1.109093171799567e-05,203.44945,464.86356,837.2776,SER,3.007515
194.7030208050602,27.81049672894634,0.01979913243889465,9.058305118796963e-06,1353.6791,2865.1545,5108.9053,SER,5.108002
195.4323593424123,27.79620629789263,0.03564320461513985,1.387250755849749e-05,5.218645,7.0925555,9.236278,DEV,2.7143452
195.0568109953549,27.86721452213501,0.02470906513734335,2.040443671364233e-05,195.06067,399.28085,669.8637,SER,9.598004
195.3651461275347,27.89358564443175,0.01852511673570304,7.023301632105421e-06,26.633741,44.884804,52.784557,REX,5.4496
195.9584219092594,27.44976998273601,0.03577785359054234,9.809280642502752e-06,4.944548,6.850338,8.53549,EXP,2.1070678
195.0761141749662,24.77448571375467,0.07185417289113427,1.771568380069224e-05,0.39552164,0.49168742,0.8543376,PSF,0
195.0639954375656,25.74945138815681,0.06017998181451669,3.096432217710004e-06,12.0356455,14.352313,15.497056,SER,2.602691
190.5932842842677,26.84960353770778,0.0004222444892233983,1.766085863394481e-05,60.043865,94.53288,115.60709,PSF,0
194.5103453490849,27.80721009984582,0.01886474705949367,4.470933653180777e-05,40.3048,77.24134,120.55315,SER,2.5434194
194.5162052104226,28.66840653491515,0.0689103080708109,4.712452593433296e-06,0,0,0,,0
195.2879380192105,28.79617737344239,0.03473207482500924,5.187518685000832e-06,17.35538,22.887821,26.50416,SER,2.7684839
195.2139174905033,29.71699690538352,0.0001293949118114707,5.134762485308062e-06,6.844626,20.146791,71.065216,PSF,0
193.3720376850281,25.54745710002535,0.06424475345415201,3.489871361314643e-06,43.78704,56.239235,66.514534,SER,4.2307973
195.1692042364062,25.21217996396012,0.06559867156484735,3.343768293201161e-05,31.633947,68.7792,120.444565,SER,1.3199631
191.8222288715629,26.52096187901923,0.05801595200539966,6.170733596068112e-06,5.988034,7.5304637,8.353006,EXP,1.6538272
194.8560057013427,27.20960384637018,0.003604888221993663,5.404102240769307e-05,0.33421788,0.3434631,0.49429458,PSF,0
194.090732115061,28.56653918047568,0.06412193777785047,1.24494359870798e-05,13.871563,18.470648,23.088835,EXP,4.354484
194.8966517364685,27.93482428929413,0.01506483779996905,3.007128340107239e-05,42.176666,80.80147,123.106705,REX,2.17361
194.2358799225442,29.42372269933482,0.02630391284425441,4.563630334780248e-05,55.195847,98.21659,138.72166,SER,6.8915887
195.6868040169305,23.61083514912614,0.02424969309019512,1.349078086767451e-06,41.450462,63.929344,82.558914,SER,2.182179
195.7163694785238,24.54452681875898,0.07277482834815803,7.465069092326611e-06,30.033648,67.13267,124.19577,SER,2.34763
193.5792357182831,27.06804203012847,0.02783245498974798,6.587510419681872e-06,5968.879,12903.71,23318.602,SER,16.80952
193.6543194675121,27.31754995821069,0.0250495281701532,3.235088045720211e-05,49.857334,97.99782,157.0552,SER,2.4133897
194.8832761333224,25.82197330273998,0.06954405514127791,3.772491646448283e-06,9.293029,15.734529,22.320417,SER,0.93701035
195.0049937004317,27.4174441190316,0.06113334244504912,1.154265145880665e-05,5.206445,7.2065306,9.018444,SER,1.5020477
195.1152641219821,27.62521890265739,0.01965849637354178,2.545688773790762e-05,119.56341,232.58105,384.09055,SER,3.3157501
195.0042690009439,28.08208949446387,0.02599412142465875,6.690069983866665e-05,55.6877,77.28539,94.120926,SER,3.9778779
194.7237357614349,28.61741392379766,0.03465362525445842,2.525274634797342e-06,14.49831,21.249298,26.82492,SER,1.1388935
194.8887434553371,32.29126675576482,0.03143074255221092,3.835268208077785e-06,262.55896,396.60312,532.63324,SER,6.7517867
194.7974896612512,24.0222497478124,0.07339070453924358,1.807668622776795e-05,279.98248,642.39026,1169.7633,SER,3.5539238
195.0932624993177,23.84018720495859,0.07414042375778514,1.141027510524565e-05,2.9898798,4.0895863,5.206809,EXP,1.8497884
194.642037234684,26.89983985388863,0.0270237146032223,3.161771724379884e-05,26.189651,47.73921,68.81556,SER,1.9506435
194.4080557568878,28.21353995536012,0.02435669640608339,6.50467376851265e-05,35.675297,66.443115,96.85007,SER,4.3548717
195.9857458372016,27.97429742741635,0.02122400749489959,5.980356984870626e-05,50.8995,87.21562,121.46678,SER,10.194791
196.1858506103092,28.18738478534119,0.0255168742479452,1.200784790249457e-05,14.565388,20.771946,25.690289,SER,2.6550608
194.003565022846,25.68648688108004,0.05967051523770702,1.207856608009769e-06,62.83333,90.18184,108.501366,EXP,1.5144881
194.4137768873327,23.67392974418906,0.07408886219414852,3.088757300772152e-05,11.97072,25.512497,43.020218,REX,0.40315595
196.9932838936859,25.26381859015359,0.072781849995128,1.167794205364181e-05,18.201736,33.046932,51.293736,EXP,3.9068692
193.1391430561998,26.47008137618585,0.02388603337023654,9.71424325852261e-06,11.025151,16.842402,21.646646,EXP,2.5043876
193.8446425787315,28.9606623209208,0.02409213390110492,5.45460518400451e-06,9.60608,12.381617,14.323911,SER,1.276147
195.8802767793238,27.95739316858404,0.02459964897769348,0.0001000387082502857,49.205753,90.82491,136.77461,SER,10.360939
194.2722307251527,28.98139568620442,0.06771554542131096,2.520905628120937e-05,321.1074,786.9342,1497.1201,SER,2.7865074
196.3243607320462,31.08107870448265,0.07970382347867269,3.890208708406891e-05,22.85142,49.973656,86.68285,REX,0.44454083
194.6330194620905,24.99847083893597,0.0761000084133659,1.055274085597934e-05,19.057362,39.54966,66.910675,SER,1.7534994
192.3341597548687,27.2891126578445,-6.106691760970509e-05,0.0001008491535004581,21.594423,27.655424,28.657976,PSF,0
193.9698188336345,26.98291846889921,0.02742726306137084,4.586573684580981e-05,11.252989,20.977009,31.127138,SER,2.4378974
193.5747906073931,28.38450407439181,0.05742859345786698,6.289895156170293e-06,11.656286,18.142675,22.877369,SER,3.2360559
194.570852646286,27.11371212958786,0.02484195039115406,0.0001253029162856805,34.605194,63.965313,96.8291,SER,5.087316
194.1340411123142,27.82762365163216,0.02233461940186414,7.110516171020738e-05,9.749814,18.438984,27.768145,SER,1.582087
194.2702611958205,28.20964467779733,0.0171848853607657,5.609215462761117e-06,78.832466,105.458305,126.365135,SER,6.014007
194.5386455165683,28.42457215138911,0.0291561146673557,0.0001489489492203427,15.378668,28.683882,46.65965,SER,2.8503284
195.1784873071252,27.96316505988299,0.02815269173698328,1.937819985114194e-05,0,0,0,DUP,0
193.2641470091157,24.21437154090592,0.0707349604608966,6.231146095530969e-06,15.700298,27.714758,40.89913,SER,1.4258721
194.3308535405781,23.64322471988835,0.07459783457569259,1.48739901031822e-05,2.9278142,4.6741295,6.295467,EXP,1.2680897
197.0107051646532,25.30632993341964,0.07285129382890433,1.855811435999265e-05,0,0,0,DUP,0
193.4555692696688,26.53179158222793,0.04506352159893177,1.303724200717017e-06,11.576073,13.951725,15.613064,SER,1.2503214
194.1160439244587,26.98739754909932,0.02146071749687464,1.270356809441321e-05,0,0,0,DUP,0
194.5575649603961,28.18257274718343,0.02404885045758538,2.693607061978127e-05,0,0,0,DUP,0
195.2451295039062,28.02683739262592,0.02546252014081991,5.32372182211933e-05,36.339092,71.13932,110.76776,SER,3.239061
196.4855869373711,28.12992958514945,0.05122231540787273,4.885318802948159e-06,0,0,0,,0
195.0910127299655,31.34187111367984,0.05400252526531216,4.725704303073889e-05,15.641418,30.684074,47.21351,SER,0.8676464
194.1702503033526,32.68318815837696,0.04200904928605995,1.968686232165352e-06,75.813484,118.36788,153.98244,SER,1.9014934
195.8951031068619,24.68294770616897,0.06141239942906416,1.32115214451205e-06,6.347316,8.240605,9.681429,REX,0.433336
194.0245940468985,27.64894618845709,0.02580569920044845,2.859247023476943e-05,0,0,0,,0
193.4323148735593,28.36512954002539,0.05959842510654079,7.771551149909395e-06,0.43535304,0.49496254,0.6521251,REX,0.20893465
194.9861378882537,27.9300844319966,0.02579256730658533,2.55083983681144e-05,0,0,0,DUP,0
198.0074905667776,26.53573983073749,0.05790536960644341,5.423861349816789e-06,26.382414,65.45163,136.72762,SER,2.1752198
194.2506362604123,28.90368261518757,0.06809363995200174,2.359961308439632e-05,246.46153,578.5919,1058.3579,SER,3.2930331
195.8685298753546,28.56394894002409,0.01573601262346829,2.387278557883335e-05,0,0,0,,0
194.8901133207789,31.00713804737022,0.07988012639640292,8.570965830081877e-06,22.718376,37.85245,54.28087,SER,2.3473763
192.9510517368049,25.78908092371996,0.004228926972886658,8.23615141850697e-07,78.55658,105.42506,118.53581,EXP,13.8336
193.7069922964251,25.54375747933459,0.06427396668335984,5.541201283175745e-06,114.88348,191.90446,289.02063,SER,8.01036
195.2950414848589,23.79870323968805,0.03884755929291468,1.397057558938624e-05,241.47429,508.16058,891.1699,SER,1.7029673
195.8873817694425,24.88711330835769,0.0612302318721286,7.772387337106897e-07,23.11037,25.28826,24.844812,DEV,2.136194
194.165389956747,26.83940302488532,0.01973122145278336,4.930719607299665e-05,10.78648,20.116512,29.323029,REX,1.5712714
194.0457392984611,28.16319161747818,0.0290091884681558,3.472962739779798e-06,319.70093,658.5144,1195.9556,SER,3.421964
194.3342965173063,25.47551824193463,0.07712695816969467,2.984152211489558e-05,79.85718,200.35976,398.60464,SER,3.5518627
193.4427909795161,27.36534915505305,0.01760805967996191,5.386837771429262e-06,36.03083,51.702156,64.9374,REX,1.7723166
194.8725046039857,27.85014828789006,0.02272866034272066,1.251427084974139e-05,0,0,0,DUP,0
195.5328474493747,27.64833767772102,0.02306597097138673,1.274574183975292e-06,1058.875,1853.7356,2759.8577,SER,7.3515973
195.2170361294386,28.36611035369104,0.02554408541433015,4.082726830692609e-06,1865.5952,3918.549,6900.8657,SER,7.21699
195.7258875242518,28.5044240370655,0.0274441613761502,1.693980884241717e-06,40.586594,43.806637,43.801952,SER,2.6034782
195.4449787822437,23.88216867729221,0.03874587715978609,2.959824773632329e-05,1.8267435,2.267709,2.9196296,EXP,1.4688915
198.0014425281562,24.98154880013425,0.07149812363799939,5.952777250492531e-06,89.40811,195.54662,407.00168,SER,10.589464
191.7080823961702,27.90201692303864,0.06732076639930828,3.762035120534848e-06,12.416505,18.668266,23.949068,SER,1.8672016
195.4286252075249,27.04681316236271,0.02516042349602632,1.257633492915973e-05,7.7690725,10.935831,13.727546,EXP,2.796574
194.0723158054687,27.33490254455211,0.06187475846375361,5.167077090633578e-06,5.579978,8.138993,10.019353,REX,1.7834312
194.2496993844127,27.55698300614236,0.0685982498335105,1.411433403552385e-05,12.804263,19.73517,27.211847,SER,4.0773053
195.1049499653309,27.55222924037081,0.02425869271416649,2.320065550429685e-05,157.01024,308.50638,502.97794,SER,4.204225
195.1121958141887,27.55099478617484,0.02416576560598649,8.004574854380456e-05,1.056292,1.021089,1.3242571,EXP,1.9129703
195.6601861233662,28.11454803992859,0.02489950642676386,9.095044674291617e-06,1082.3533,2140.2466,3760.1511,DEV,23.105846
194.4196098838413,23.77106269918196,0.03715454265344328,1.599199903417127e-05,15.508121,22.778334,29.730232,EXP,4.047918
192.3633393897682,27.39742685196586,0.02763162298598087,1.267526949272755e-05,12.714021,21.565561,29.136559,SER,2.8909013
195.3035811147049,27.60255692928389,0.02573899770629457,5.589997339429608e-05,0,0,0,,0
195.0903040733316,27.89857684022865,0.01628460273825545,3.104222619224709e-05,98.36565,194.7093,314.00168,SER,3.092632
195.2930255700401,28.69973623289435,0.02906128141809803,7.916253621160484e-06,12.644908,16.662514,20.405697,EXP,3.7151022
196.7346515375729,24.76753548513648,0.02248610995981065,3.428486466366261e-06,67.540215,86.110374,99.4668,SER,3.0117886
190.5182308984448,27.39633477635533,0.05740448195111118,1.481872983992746e-05,336.9015,657.30994,1038.8556,SER,2.9554923
194.289230241063,27.46642953700729,0.02490938620474738,9.98646103902171e-06,0,0,0,DUP,0
198.567577571079,25.64892389210169,0.01505633229877279,2.136473806432292e-05,14.367655,18.003662,20.099098,EXP,4.822132
197.573688250027,26.25920434912945,0.06011489836945278,1.327772407197823e-05,9.975395,17.741116,25.593334,SER,2.1042159
195.9128560325535,28.46682468185816,0.02472513777620891,5.830414868774332e-06,9.350295,11.949121,14.039199,EXP,3.0389576
193.5981161342602,25.49746864386013,0.07101672514295784,1.591681920116495e-05,180.3008,409.95068,794.2503,SER,5.812494
195.983789190635,23.85028972258755,0.06226721269376891,5.120556780241337e-06,102.0077,205.01785,351.7908,REX,1.8442395
196.3615984450649,25.19124941412744,0.02366520327288588,5.07435456968045e-06,191.3216,355.80878,603.7408,SER,13.611429
194.0260770842673,27.67617042003794,0.01627126879988683,5.983820734531325e-05,0,0,0,,0
195.2343404667386,27.53089931264962,0.02587003911874104,5.402889682165363e-05,23.721556,43.231544,62.367023,SER,4.3901362
196.0406031161706,28.27875667013699,0.02520231188227677,3.528037769740923e-06,24.131372,32.249664,38.866837,SER,1.9180984
195.6421939955853,25.78466250135864,0.07692532177371628,4.197983799535259e-06,25.433659,40.094852,55.992958,SER,1.2392858
195.0453004448796,27.96089100908975,0.02183266120453004,4.503611172676461e-05,0,0,0,,0
195.3686175473356,27.92656683738567,0.02511511266551323,2.029422454445745e-05,90.82212,179.00409,291.90643,SER,2.5183663
197.2099636756611,27.44418750537487,0.0391372927225116,3.949815773726585e-06,17.759491,22.553123,26.064522,SER,2.033906
194.2495712090007,29.06843938073955,0.02528164850334199,2.550303001687054e-05,111.72121,194.08936,279.70184,SER,3.3670537
194.6800991483817,28.91008259334222,0.02784009684796905,1.834811409165084e-06,752.45044,1343.2534,2027.5475,SER,9.188852
193.6559703422056,27.69200352343417,0.02824770715006653,1.833707306027729e-05,165.16753,332.9692,551.9607,SER,3.2123904
194.4925554316924,27.6750459654498,0.01785515785543819,5.168193126035354e-05,27.048689,51.21749,78.00208,SER,2.2968223
194.1242017500144,27.94001189672035,0.02218802520370769,1.64865633306996e-05,0,0,0,DUP,0
195.0333491828071,28.07855751805575,0.0241904349962245,1.148054615780017e-05,699.38074,1514.8112,2782.185,SER,2.5267658
194.2040711691985,28.92648990967849,0.06830816201476983,1.598190014141244e-05,12.481449,23.841948,37.098083,SER,0.9037938
192.4958081914538,27.15267853953554,0.02619289443610418,7.518851605633322e-06,214.33238,436.5752,728.62244,SER,4.425988
193.9733158933308,27.02190640601553,0.0198747436759472,2.583194005505474e-05,17.39145,32.64892,49.344357,REX,1.2615949
194.339552925916,27.02300281567079,0.02679093490924559,2.62754300872384e-05,166.86617,314.469,485.4728,SER,4.819803
195.4778471526181,27.85092364762617,0.02702049750803531,3.475857825905264e-05,7.6564794,14.097464,20.30575,REX,1.2271528
197.9592847831078,27.21221538768706,0.05937080354415156,4.718892961176561e-05,22.600437,35.26713,46.31203,REX,4.786913
194.5974817809354,24.09412968021695,0.07536425842368567,8.061960187919076e-06,13.14197,19.310165,24.612312,SER,2.2911403
195.6750753796198,24.34372173699484,0.07341082634564174,4.057214199790796e-05,33.215992,72.03608,125.27733,DEV,1.2907386
195.535773231671,24.96899512967865,0.06559159207530481,9.94108898012961e-06,50.779396,74.19442,94.50087,SER,5.7189336
194.6119635707556,27.8463680876716,0.02335441102139015,5.668912824930735e-05,5.395845,9.837684,14.805911,EXP,1.2533461
196.1430297360978,27.12395456596902,0.07604095275693408,1.889825650897965e-06,8.527982,10.728819,12.774837,SER,0.6590194
195.8555076875923,28.01403880952276,0.02656425175826047,2.405804625945332e-05,0,0,0,DUP,0
194.1196929507405,29.13849575967028,0.03139889343948601,2.662710960109936e-06,0,0,0,,0
194.8509575361882,29.84738759602778,0.04612034367261036,3.284425484818684e-06,0.3532695,0.21078297,0.2801153,REX,0.20149522
195.5850201005918,23.97090673382729,0.07480717739442731,4.971954855129811e-05,8.354667,16.786009,28.08463,SER,0.63938147
195.2170665566074,24.3434407805354,0.0759827196953906,1.874816414232231e-05,0,0,0,,0
192.2604765605237,26.893124212541,0.02462269537550183,3.031211230709976e-06,718.7377,1493.3923,2632.029,SER,5.18443
194.0797018362798,26.72545342449262,0.07889051641173322,1.001350942617491e-05,94.831985,157.05101,228.15451,SER,3.9546883
194.8869518526656,27.98388831148389,0.01939434482687766,1.424237639148187e-05,0,0,0,,0
193.8682107021134,23.79829582922477,0.0745953918951498,1.633334361648123e-06,0.81557244,0.84882617,0.2209299,PSF,0
195.0147030689052,26.89808456427691,0.01978804382164588,1.233002404529334e-05,0,0,0,DUP,0
194.9934198265048,27.19955450442785,0.06088111373095167,2.350657992890679e-05,0,0,0,DUP,0
195.1884379905806,27.74702568534103,0.03112431446855327,8.191117985702509e-05,65.0824,113.04466,147.00352,SER,7.4251204
195.0274156212139,27.97660504408135,0.02162454105617865,5.733733171488634e-05,0,0,0,,0
195.0079146264457,28.31665985112474,0.0676865369298771,6.395056707190248e-06,23.57934,33.89136,43.909225,SER,2.3573003
194.017299835219,25.49035628439734,0.07994220822790275,2.356748558019851e-06,31.368515,42.415985,51.810726,SER,2.7743604
194.0666809640034,24.98789381305745,0.07337677053183118,5.325050801249137e-06,48.172913,91.73658,153.09253,DEV,1.1925995
196.081466030776,24.86183748965989,0.07359799035517191,7.596469151227014e-06,112.80468,216.7331,379.04706,SER,4.0779862
193.8366367551141,27.14967511172772,0.02089820398377919,2.189705257270743e-05,83.86287,164.89207,268.04507,DEV,4.8465543
194.8070809605476,26.70642140812351,0.06392466255995587,5.308467680818027e-06,3.9426317,4.7547364,5.6886554,SER,1.3293154
194.0671145700994,27.91244244879815,0.02284226142111903,5.102000445015545e-05,21.579048,38.122646,53.769955,EXP,3.4167144
194.947691097976,27.70620889017476,0.02871554277520427,5.730837377804663e-05,130.01122,233.86502,367.76834,SER,6.3030314
194.2061939485043,31.49874940236804,0.02291546177417979,4.351863920852668e-06,65.759094,94.2913,117.067924,SER,5.395969
195.522590562227,23.9992932123869,0.0738469100255036,1.273770238713862e-05,83.67222,193.08453,352.96396,SER,2.1322427
194.9370817895825,26.95467945325398,0.03425793763170507,1.297408518723201e-06,102.136185,177.10147,268.575,SER,3.1533997
194.0611501876476,28.0186229660981,0.06025886734154246,2.026797436087043e-05,3.427491,4.8441954,6.009261,EXP,1.7521657
194.4387712032071,27.90596088211806,0.02698503851338884,5.033107568824498e-05,66.1883,103.498924,140.9936,SER,3.050848
194.7831152357105,27.85492253305075,0.02208177138565386,9.658320436277916e-06,0,0,0,DUP,0
195.8500739042461,32.79916896470468,0.06664995187819042,5.122188563296158e-06,55.719463,99.9385,149.48459,SER,4.824381
189.760935103948,28.3996365412847,7.640856627860535e-05,5.603941604334781e-05,24.31714,32.321968,34.41227,PSF,0
194.3552028432737,27.40462059416122,0.01612800396394574,2.820780893240377e-06,0,0,0,DUP,0
196.617464450126,32.20920491396446,0.06212123489074163,1.095165252943975e-05,164.49704,358.40778,667.1295,SER,4.981751
194.4374117959412,25.25567658865695,0.06500828190856192,2.525299408948288e-06,14.726173,20.047375,24.760399,SER,1.3908615
192.2218949562957,26.65959951712959,0.04483115528044997,1.693056940891018e-06,108.38404,154.66718,196.3824,SER,7.395813
194.1011608829801,27.50679632146077,0.02126927703848521,6.196167510181784e-05,10.49473,19.287453,27.175224,EXP,2.164188
195.9899496786115,31.51793470696855,0.06792990360377597,8.828412854700308e-06,63.07213,97.070206,133.1262,SER,7.658607
196.3058972884139,31.99364093253992,0.05084147353199531,5.23586481108602e-06,41.5056,49.701824,49.55924,REX,3.3536
193.9766228380953,23.80474918944614,0.01932974471842958,7.450876226027523e-06,0,0,0,,0
195.067245521955,24.3539981976556,0.0724268749754455,6.286627169918423e-06,0,0,0,,0
196.0886122504153,24.43023193627381,0.02512813396976126,2.610561487356198e-06,155.97173,214.02838,264.5946,SER,9.312601
193.4777117374155,28.3937210228077,0.04856920416146723,5.6536614653247e-05,0,0,0,,0
194.3786030511378,26.76110984413909,0.07278737536613453,4.323760472091627e-06,40.65221,56.21947,70.89904,SER,3.9331748
194.4423265956902,27.75705169457589,0.02050054325793468,5.057315586234758e-06,638.4284,1299.9004,2239.924,SER,11.570471
195.8667019831527,28.75819815122449,0.02776727318122884,5.748337521955765e-05,26.577396,47.603775,69.49022,SER,2.3793626
195.3418231894063,23.7948113726283,0.03137008863745969,4.546874218156837e-06,64.158676,97.39361,132.09584,SER,5.61881
196.4336751156127,24.80402532738118,0.02557157235242335,1.235921780186728e-05,22.068457,35.880688,35.5306,EXP,2.9419632
195.6297362307982,25.91221706090203,0.0001969951210894755,9.229281307144294e-05,1.9288342,2.7016714,2.7077465,PSF,0
194.273742188607,27.62139419685132,0.06866153350320504,1.067490002305198e-05,27.278263,45.967396,65.39843,SER,2.512309
194.7788747861503,29.06057463667335,0.06150393488201074,1.604479566410395e-06,22.464956,29.291689,33.49431,SER,3.0815058
195.8830750077967,32.09271495822488,0.0761741182397553,3.4035971413888e-06,12.277339,14.358455,15.898585,SER,1.754677
194.1356605916778,26.02968658291982,0.02119337375639643,0.0001621408754036132,13.977794,25.790812,37.481903,REX,1.2153438
194.9076569485258,27.77681129329746,0.02269172100374945,2.469086717718033e-05,280.2467,557.8678,893.8553,SER,12.524883
194.7769408012834,28.81177384074968,0.003296253958316829,1.889004265409649e-05,138.8074,198.72498,244.6383,SER,5.8987446
196.017285976634,29.19720822886786,0.0204169273452004,3.686099388250583e-05,22.09759,40.849155,60.687046,SER,1.823952
195.0666901246589,25.74802898362274,0.07607638341223313,1.495754917460133e-06,60.089554,83.72929,106.43409,REX,1.6302176
196.3931547997731,24.58792853041127,0.0784497295265109,1.102880916965855e-05,14.366645,19.408104,23.506071,SER,4.5785594
193.5530312440453,25.54033702150164,0.06940775642805357,3.898458353046841e-06,9.653985,14.143713,18.324966,DEV,0.6960635
196.5530943336867,25.34247104776236,0.07858553241867258,1.377094667410463e-05,597.80115,1209.4905,2177.562,DEV,18.151037
193.8576990805115,25.90305422403783,-2.872775843227995e-05,4.196142504390849e-06,1.5259656,1.5703325,1.7560925,PSF,0
194.5986605131295,26.69380587672822,0.07831921719917202,2.326054381444387e-05,0.45497805,0.5143063,0.87815654,REX,0.3864889
193.8016636838406,25.11515918252212,0.07070359714927306,2.768906661624709e-06,4.65162,7.5180078,10.36955,REX,0.42279485
193.3928506789154,25.58770094475349,0.06384276970886178,3.250932211392323e-06,25.111122,38.53524,51.824562,EXP,2.239058
193.5130106688187,27.74322622038365,0.06724274641181012,7.89112872805911e-06,0,0,0,,0
194.7538514016684,27.87291386314158,0.01748211939221746,0.0001018213652850595,30.711014,57.970097,87.13209,SER,3.8203316
195.0736646789766,27.98787689125847,0.01996064635557975,5.071313642890946e-05,0,0,0,,0
197.3027492083502,31.43110989510748,0.06197144238229529,1.961875258234073e-06,22.907803,30.678135,36.059067,SER,0.61491954
193.6683376218324,25.1271519680675,0.06082073692792869,7.004428357710767e-06,3.793258,5.6116676,7.6451693,REX,1.7205851
195.4076890663921,27.36393578686688,0.06099752910042797,1.39505610084962e-05,25.4392,36.61453,44.570942,EXP,4.3631377
194.732968352487,23.95741436130695,0.07503868949907516,7.604879445905554e-05,19.744896,35.09681,50.48092,SER,3.3336103
194.15501829135,25.52796157873817,0.07755210268677898,1.131831319795054e-05,5.4303436,9.091984,11.64559,EXP,2.332018
193.0581257983238,28.40419357286781,0.05630105284459009,2.985248359491149e-05,11.0464735,22.673056,37.231117,EXP,2.9644115
194.8183104416269,27.10706106123686,0.02746706973165113,1.655495198603925e-06,0,0,0,,0
195.5896433515441,28.23083420756317,0.0186208325908453,1.354999355969402e-05,0,0,0,DUP,0
196.2637323923694,27.53701495384631,0.02183408940479774,5.00992970485178e-05,240.46126,416.76062,596.66766,SER,13.382944
195.6068782460261,28.85808668247725,0.02235478241361386,7.815328570303663e-07,198.71268,254.46906,289.03848,SER,3.5532715
195.498093151566,29.14823576568847,0.02313650669983485,8.18939219315396e-06,118.62017,183.47101,244.7453,SER,7.6450443
195.8820828694012,25.45767220680437,0.07326941428138731,6.579273344186367e-06,16.621023,32.93783,56.15212,SER,2.410483
193.5698614102175,28.07655270316653,0.02283343420366695,2.01453637565191e-05,291.9896,571.18805,930.9143,SER,5.9103975
194.5856007918496,27.42939090463343,0.02515997452943479,2.315017681821526e-06,111.49399,204.77795,313.00333,SER,3.6743317
194.3405829607409,27.88044678170962,0.02481923402032794,8.468027380761096e-06,390.0914,715.24884,1104.6932,SER,3.368071
198.5715399677024,25.69896380264107,0.06935507498829808,5.888529651239891e-06,15.226059,27.752567,45.683403,SER,1.7750092
195.1370134406859,23.67988236218464,0.07419159556468477,4.542926289112843e-06,44.62861,68.14844,93.82169,SER,4.7515583
197.0009046806811,24.70931806495766,0.07142352887348583,4.317642006940011e-06,7.383241,10.716216,13.917979,REX,1.1855315
194.4904598890732,28.06188069189985,0.02713637689763793,2.573601660889991e-06,8.740945,12.3496895,16.91626,PSF,0
195.8193360025097,27.33432152584687,0.03535446796318081,3.50812264764606e-06,0,0,0,,0
196.2608968147595,24.89277395665021,0.0247664873828929,6.022303631615958e-06,0.7307839,0.7965287,0.97670966,REX,0.45529044
194.0301116460173,27.46576853274075,0.04316499528996568,3.936094011795487e-06,10.014466,15.0860405,19.142212,EXP,2.034874
193.9012333688822,27.7659500640458,0.02197162290443902,7.671563441652744e-05,0,0,0,,0
194.7842330638023,27.78412229346706,0.02356561178043424,8.22716066934363e-06,1341.8937,2893.5608,5266.584,SER,5.4564905
196.0945488104654,28.81076920337717,0.02649199757499135,1.42804607439548e-06,828.4613,1154.4894,1429.5182,SER,7.9844756
194.8827459552845,31.28956208222786,0.05154833419021111,1.645740237449932e-05,0.6596934,0.8173857,1.1256065,REX,0.65461695
193.5149127229919,27.74275883052123,0.0676819483626186,1.054084136777211e-05,39.41793,84.55312,165.16168,SER,5.687925
195.0260921237766,27.68529683600189,0.02521047497354846,1.740981352977632e-05,0,0,0,DUP,0
194.4842956333091,27.99140103113095,0.01535957006795312,1.2031976779679e-05,32.563972,41.33135,70.44196,SER,9.2224
196.2801455390461,27.85903892556318,0.02470937040377907,6.909933013373804e-05,52.669952,93.31018,133.13214,SER,9.995311
195.8441273718058,28.79649700946968,0.02637154070921565,1.737785866870237e-05,61.85646,114.04954,169.98473,SER,1.4649667
195.9548410580509,28.81475018861335,0.005535852215529768,6.613410089095137e-05,0.97063094,1.9919827,3.2728763,PSF,0
195.7409366282606,29.18005781643508,0.02452847521175309,1.224612905107834e-05,7.439771,10.303197,11.831033,EXP,1.9045134
193.7546462083644,23.61213021512488,0.07981787154075569,5.570401251253319e-06,54.958862,95.54335,142.13782,SER,3.1642895
194.7092569193094,24.38052363465433,0.07589320422242349,4.131773514360681e-06,0,0,0,,0
195.2861871920539,24.03087791606549,0.07332667940981463,6.19756373110575e-06,11.967593,22.1096,33.550907,SER,1.2411889
195.8001295638121,26.38660299312274,0.05933047013901881,5.300536631370973e-06,24.971287,37.18051,47.634293,SER,2.1408696
194.2214130568175,27.92950264827072,0.02050280755369232,3.064160294167311e-06,445.42572,950.2206,1714.8945,SER,1.877535
194.6614299692077,29.65676412970318,0.0224935924121386,6.620105576600313e-05,17.457241,31.403896,43.95761,SER,3.509981
194.6146081839072,27.66387965650282,0.06828437568104498,2.831091702773711e-05,8.435745,15.751552,24.222326,REX,0.9860705
194.7785877615877,27.77249726044203,0.02083438953536501,2.068636802141104e-05,100.302635,205.06877,332.749,SER,2.5116525
195.0922967530585,28.04699132927461,0.02736241546315595,1.243185309211445e-05,954.98096,2005.421,3507.998,SER,6.868582
198.3574596329097,26.43956129708959,0.07072778357854796,3.386228912948208e-05,22.789097,44.95214,74.09355,SER,0.8690139
195.0556829636441,32.37949311110117,-2.912831718652833e-05,8.293608168715022e-05,9.20194,13.427461,0.8665878,PSF,0
194.8923878226151,23.93372432341869,0.07427077084417484,2.586390287200808e-05,28.320024,62.713547,110.63566,SER,1.438124
193.9062091795602,27.24894416267584,0.02206252572424148,5.22099865310396e-05,35.925278,65.65011,97.829384,SER,6.1783743
193.0903033452796,28.45861946693276,0.06082201167628711,1.412421020005073e-05,0.4017133,0.42412263,0.60140514,REX,0.31418383
194.8960723371156,27.64147479074914,0.02833418402142553,7.574668184767588e-05,24.223331,45.766937,69.339386,SER,4.451376
195.1389143192628,27.98037605580014,0.0172452119734052,9.005114476456253e-05,22.61794,43.93059,69.8947,REX,2.7222896
198.6006962757863,27.19219717226456,-2.529575064311684e-05,2.140516993919479e-06,5024.715,9061.658,4796.114,PSF,0
195.4817381395912,24.02012183580176,0.07141954112902496,6.619684099679457e-06,276.46518,554.02386,967.4052,SER,13.8336
195.2353392095829,25.67204076256899,0.06670545339277041,1.159971999418898e-05,0.35345045,0.3586232,0.44874525,PSF,0
194.2591226370258,27.13111455571044,0.02604412920032333,6.569906831068923e-05,14.637736,26.783752,38.75373,REX,2.4090478
195.0062590609587,29.41277065979374,-0.0001056839249911094,5.12313460123864e-05,1.7717831,1.5704964,2.7737706,PSF,0
196.4919754902639,32.42033238766636,0.05156797080282274,1.787648653220508e-06,27.595518,42.879375,55.36709,SER,2.1026924
193.4277543149776,24.59076065349143,0.0705936034518947,9.774666646917676e-06,3.016295,3.6433756,4.5901613,EXP,2.6411111
192.3800775834699,28.08111480944005,0.03661489719667764,5.672727505523685e-05,0.43640822,0.60691166,0.75378984,PSF,0
194.462105159917,27.53474085893276,0.01914087328341732,5.179629129389366e-05,22.765602,40.201714,57.82997,SER,4.3191586
194.617326413044,27.55729546341672,0.0249526320991039,5.748309974286533e-05,0,0,0,,0
194.5203160515155,28.24589656714162,0.02357159199850654,7.356794493805058e-07,193.10866,260.43237,298.92587,EXP,8.1744
195.0260443942063,28.25034087005299,0.02113057592161294,1.383912851259236e-05,66.22339,121.56946,192.9489,SER,6.0302286
196.4885534869042,25.08415407557087,0.0004879260738139962,5.916087721913944e-05,0.85959476,1.4781588,1.8319697,PSF,0
193.8857305954156,27.58752541399795,0.05215027716294149,1.512166323684243e-05,48.342964,77.762215,105.79174,SER,3.6476796
194.8272912552654,27.593591378202,0.01741624483081242,3.535164500125395e-06,166.77533,234.46227,290.5531,SER,8.115442
194.4866597047908,27.99168046290088,0.01522810985605152,1.40818713715448e-06,156.88927,195.12643,210.87364,SER,4.623772
193.7726395331146,25.30320108014626,0.06528852092153319,1.163384084952084e-05,127.557556,289.34494,520.62054,SER,2.8256223
194.0162781894326,25.49955405165145,0.07963375961708676,3.815411639304675e-06,7.8605328,11.086841,13.928036,EXP,0.8568562
195.3846535238257,25.65421802229527,0.06006857155950498,7.386243396975481e-06,11.096703,15.674065,19.033852,SER,2.131932
192.4037493084554,28.32878701530315,0.05536945301780498,6.306045511269439e-07,5.809116,8.326835,10.065254,EXP,0.28573677
195.0197967751797,23.9618414221944,0.03118552105930355,7.185743808786582e-06,43.301323,61.898,76.225876,REX,2.6766915
194.0659652900177,25.36180806147951,0.07148790773062162,7.741556079311402e-06,0,0,0,,0
194.2819771213415,25.34650921958082,0.07827312963914942,7.202554637007364e-06,12.742349,19.351297,25.447266,EXP,2.2481909
193.5616646701637,27.19950950107794,0.0002852683523050574,2.743744106830744e-05,18.953913,31.128145,39.37693,PSF,0
195.0934746195044,27.62216807184994,0.02518893516358015,7.147463317130865e-05,0,0,0,,0
195.2269521872461,28.0076235767339,0.01671037948955243,1.098431835398354e-05,2952.7336,6289.5786,11573.549,SER,14.388678
194.8961971681163,29.1683079686723,0.06113670411511306,4.492326685506934e-06,0,0,0,,0
199.134963915949,31.2660582591857,0.06788399040713403,3.75487657860293e-05,40.5665,88.03163,149.92828,SER,1.8484974
195.2300719133214,27.12156587497978,0.02140626103095917,4.603291398068957e-05,60.952847,111.7465,166.10718,SER,8.00154
194.8725262807217,27.85013947915787,0.02284949966109801,9.881577255332885e-06,838.6291,1845.4183,3383.6375,SER,4.0450306
195.8773727139516,28.04595674650023,0.02210576289562649,5.102760291977812e-05,37.652756,64.170006,91.89814,SER,4.389596
196.3679884947987,30.84714641048598,0.05603822056131208,4.755956919532836e-06,0.66476536,0.69047016,0.42099747,EXP,0.8923766
195.5041589633934,31.65795932167006,0.04752159642412992,1.648656157206701e-05,13.246993,20.546633,27.93987,SER,0.851679
193.2912758619391,24.15427139644218,0.07095267791064945,8.087893583729833e-06,66.65512,123.517296,207.81924,SER,13.2218485
194.4374797652142,27.15545217871381,0.02541645015223805,7.07401308040804e-05,27.808125,52.175724,77.161224,SER,3.6645741
195.8565683477023,26.06819076463945,0.07495664371173939,3.686996146014042e-05,19.829144,31.224682,43.936237,SER,4.8100815
195.335945360789,27.22076520587256,0.02530342724391042,0.0001206291606488236,20.228573,29.048534,35.684666,SER,2.8318253
194.5232369237482,28.24260004943908,0.02399886800662379,2.310492828464319e-06,0,0,0,DUP,0
195.0228806909681,28.08031229541976,0.01711018337123326,7.018471811719134e-05,21.062624,39.605038,58.65133,SER,3.0453598
195.056010008135,28.05330646714301,0.02703322259069774,4.78981782820263e-05,72.38215,122.97182,178.02818,SER,7.6671286
197.5853408059027,25.90201024101324,0.07992247663960238,2.990324561616342e-06,6.98677,10.870884,12.564185,PSF,0
199.4342967832822,28.09175344010594,-0.0001895540935927657,2.06822335158677e-05,77.94651,112.32737,128.35374,PSF,0
193.5249211473555,27.01890838919196,0.02844180077607467,1.919677530491237e-05,139.16481,280.36804,463.7496,SER,2.7426133
197.2390507642823,32.18708553042101,0.05021907528070972,6.553516893634879e-06,5.0626006,7.8703723,11.114109,EXP,1.6962018
193.2443302948286,24.89491819271434,0.07038195371697724,7.78238970381103e-06,22.099266,31.965425,40.34057,SER,2.727841
194.8276279820604,23.46977183409518,0.07515516684187737,5.609454075765948e-06,12.429342,19.415361,25.344019,SER,1.9000324
196.499495543224,25.24320159026095,0.0781363519203896,1.997175820400862e-06,10.781667,14.591788,17.626034,SER,0.9994681
194.153254952178,27.21332479949098,0.02529088962121363,3.988952503364529e-05,34.52834,65.41599,98.37184,REX,3.404076
196.1036381637017,27.6737370847058,0.02322437646291746,5.544134852430303e-05,11.062686,20.202173,29.878817,REX,2.7968726
195.9258428319297,28.90553033926032,0.02237846199543563,1.895144131688251e-05,0,0,0,DUP,0
195.5670458341054,23.82800088663759,0.0004540256983788161,3.208388031173444e-05,0.70218295,0.29125497,0.9059511,PSF,0
198.0349063484011,24.82901413221619,0.07167263076572583,1.746539456947729e-05,198.22249,422.70963,752.019,DEV,4.8871317
193.8543973045528,27.79804577008488,0.024571784173786,6.242626085903011e-06,1373.2987,2998.2908,5612.8667,DEV,10.965413
194.3528405591767,27.90103568521113,0.01928703387744776,8.422453786227306e-05,11.437444,18.366596,24.016895,EXP,1.6624813
194.6600645123993,27.54411782554055,0.01997173968353184,2.074247901597088e-05,0,0,0,DUP,0
195.8625375382785,27.09414424120359,0.0768358108102945,8.739766504385304e-06,12.543237,20.910213,29.609915,SER,2.7866132
193.8820594522159,25.87944613525916,1.185210069064002e-05,3.831902879753626e-06,0.49521446,0.45739964,0.96000636,REX,0.36590952
194.5629787308364,23.3782392330519,0.06303899999999645,6.047578875771975e-06,5.3350515,7.7160535,10.0849495,EXP,2.2416372
194.7424489592173,23.71799659237584,0.02266235919885061,2.769212487891054e-06,31.988266,47.875717,63.221195,SER,5.064434
195.0629954244463,24.36901806682005,0.07137831488372937,4.966838174114735e-05,9.008448,19.31698,32.91979,SER,1.2691798
195.7107755918722,24.39312339297918,0.07355879650965008,5.34019108884906e-06,39.668808,74.1021,124.188385,EXP,3.0905113
196.0907153111912,27.64398135023075,0.06350084795375317,3.816428141112802e-06,7.588084,10.089102,11.891106,REX,0.43105257
194.3728505749624,28.8607770401472,0.06731156903847557,2.18647718351805e-06,38.998238,60.966,82.82897,SER,3.4801664
195.6556572949341,27.17612937854274,0.01835972038682446,9.152725635618846e-06,496.17612,1039.0073,1826.193,SER,2.0251293
196.6102219556274,28.36485877792931,0.03920403517559505,1.109731942865927e-05,75.04166,113.341354,155.59708,REX,4.745672
195.9908599012208,32.78291375475542,0.04436805649372812,3.788324138554743e-06,70.578445,108.8635,140.73822,SER,3.9954405
193.6215750804254,27.29273136505809,0.02584444486908716,5.185298477737025e-05,38.230213,71.744774,112.64089,SER,5.043432
193.4442402991137,27.38586359151882,0.02766237923658097,1.784288141574835e-06,141.19624,284.42877,510.589,SER,7.0368204
194.1800958569203,27.03316899234945,0.01850766549968443,4.183948689664523e-05,0,0,0,,0
194.5502980030057,28.15907000356937,0.02437541240997004,5.056884048879876e-05,21.484924,43.078426,71.33055,REX,2.020753
196.7096753035105,27.15558132921679,0.07619961265696712,4.396648016786678e-06,35.40435,65.15427,104.94293,SER,2.0847096
194.1975218821964,27.29226635184856,0.02615304013103029,1.877169724182038e-05,212.5224,397.72128,620.76074,DEV,13.359217
193.8623314195014,27.42253524365638,0.02397636714889246,9.518664680034929e-06,70.69744,143.36621,235.47838,DEV,2.832645
194.980464562984,27.19028913052539,0.06167530513925636,8.18614534495555e-05,13.88885,26.908209,42.246685,SER,2.331325
195.344764849349,24.05492093973815,0.0730142356618223,7.765567753602711e-06,8.910248,13.810178,18.275627,EXP,2.2043798
194.2643973172495,25.19855997129158,-0.001055446382367287,5.916132300794171e-05,0.87337965,1.3431469,1.6972957,PSF,0
192.768640282398,27.43927390393058,0.02499817040432782,7.195245831953653e-05,10.868929,19.273993,26.568502,EXP,2.0823948
193.8600248690867,29.38194964712951,0.0664950337154551,3.046994309628632e-06,19.158543,28.114601,36.647724,SER,1.5880163
195.0706350020658,28.44878541777001,0.01907471821506359,4.290522054831547e-05,30.020811,58.33696,93.49066,SER,1.713276
196.531163814402,28.24211158789837,0.02448930708364196,7.572063499950499e-05,41.11641,72.34332,100.840775,SER,6.7346783
195.8901099048875,32.04435842489588,0.0262372506193678,1.119326486585986e-05,14.894003,22.672338,27.887424,EXP,1.8279611
196.2187351902147,32.33765758435419,0.07515992717791008,1.066355998130906e-05,7.8582153,11.997718,15.897155,SER,1.1862562
195.7546994820684,32.77509121986363,0.06678618616055529,8.066218835513624e-06,90.75789,144.61623,181.26329,EXP,8.436286
195.6989056769562,24.48572026675426,0.06920060291121899,3.213341619334251e-06,9.892536,15.98252,21.74545,REX,1.0901765
193.9220789921088,27.25075290206121,0.02369296572922656,7.077248203635181e-06,1821.2809,3882.0718,6956.799,SER,6.21501
193.8961154207745,28.81856839662008,0.04369975900253032,1.487777760462527e-05,0.85728675,1.0514516,1.4529616,DEV,1.274089
194.8195112580054,27.10614334984306,0.02804970112868863,3.698342271214194e-06,192.78621,416.85388,783.911,SER,3.5086298
195.253492659783,27.0235122914768,0.07827445652796555,8.0473524753826e-05,0,0,0,,0
195.5428709552966,28.19181621003891,0.01917927800422205,1.424032286832724e-05,230.88782,477.9574,879.5161,DEV,4.5949364
198.5465731214855,26.16632515089987,0.05708434718617935,1.021038904782624e-05,696.07745,1491.8557,2699.8962,SER,6.5617046
193.1368283003544,24.826327792094,-0.0001096545922099959,6.342179958169904e-06,126.92921,349.88046,727.1968,PSF,0
194.7226926900059,24.18625105927073,0.07418759493303749,5.292319216623618e-06,36.468582,61.725727,93.937004,SER,2.2224967
195.347440267665,23.91840883344129,0.07310440143042829,1.490864171469518e-05,10.254274,21.787422,37.35305,SER,1.8410842
193.556813312945,27.46532856482801,0.05860475888341217,3.263028074142473e-06,6.538378,8.818195,10.495197,REX,0.5337093
193.9426951331711,29.65560297636438,0.07268599698827455,3.846735080258123e-05,0.35437143,0.33244193,0.41866538,PSF,0
195.4978463449626,27.53159656946189,0.0668589709411923,1.346443019994755e-05,165.17453,297.4722,459.12567,REX,5.119285
195.0691742762742,27.96778614185499,0.01568854640144572,8.670916759341695e-06,0,0,0,,0
194.9127438344497,25.40912290104444,0.03821609458285032,3.310893337351371e-06,0.8800514,0.9473091,1.1478788,REX,0.32772747
194.9391192413923,25.85357691653709,0.06966780383465841,2.320854177930302e-06,33.085094,57.825153,89.44944,SER,0.8120466
194.9917875686067,32.43742859634607,0.06487817693845675,4.379054344047717e-06,11.429725,16.498373,20.789448,REX,0.6659783
193.9545772590993,25.58715727565609,0.0692840872685756,2.29266579094805e-05,0,0,0,DUP,0
194.1288464284644,25.08099939917358,0.02168311545877838,1.637628225675405e-06,7.033096,8.001304,8.168275,SER,1.3724838
193.9747637306953,29.06624189562671,0.03270714639433362,8.689323089761269e-06,0,0,0,,0
194.6128266799454,27.02346609130372,0.02517576979720409,1.15694670763368e-06,92.31547,127.66341,149.46568,SER,2.2671607
194.1424864110332,27.53897720662533,0.0237307797185516,4.298110352209864e-06,825.1424,1761.6151,3213.257,SER,5.135575
194.1109432929093,27.83069837562191,0.02096444523739192,9.278571625841056e-06,0,0,0,DUP,0
195.1986443845975,28.09277200986853,0.02255674451610699,6.015741882671144e-05,6.881969,14.639669,25.20464,REX,0.46404046
195.9607202965766,28.05246726094652,0.02123886811347535,4.348078711369015e-05,0,0,0,,0
196.2075741590151,28.66019156799523,0.02644348236523522,5.080949291356765e-05,0,0,0,,0
197.8951476147369,31.83844573180426,0.07448946156516881,5.785198766804888e-06,0.6352052,0.5942705,0.8408925,EXP,0.7951669
194.3223587895658,26.24070179705134,0.07867282944944437,2.188738467541864e-05,20.867075,32.986347,44.285675,SER,3.6460035
195.0607606726754,26.26656073057268,0.05226861334012736,3.820133322145765e-06,8.557882,11.313178,13.227449,SER,1.1001431
194.9152415735387,27.95391987136145,0.02686338648883975,1.735212113647114e-05,0,0,0,DUP,0
194.5999698708952,29.11510853997608,0.03119975877353156,2.031285751790097e-06,21.908083,38.005928,56.081844,SER,1.5615864
194.9651642516877,32.09472396143817,0.01869817651146213,2.298181664269039e-06,35.76138,47.99457,55.32794,SER,4.8979936
193.3585096888904,24.20438997339594,0.07072293648303844,1.895090017239051e-05,69.564735,150.61357,260.24338,SER,3.0957398
197.1775634799504,24.1544450313737,0.06487105868287635,1.508523718013218e-05,17.788082,27.754343,38.71436,EXP,2.7430263
195.9991538729229,26.33201501875947,0.07010167785057528,1.950357644777849e-06,264.51904,529.10333,884.2985,SER,13.8336
194.6589674408928,27.8224518189187,0.01780609683254093,4.694024940082969e-05,92.7383,141.48807,181.82304,SER,6.05186
194.1311514019889,28.57410283369584,0.02476748632942296,0.000119102053380215,10.742026,20.020926,29.000935,SER,2.43232
195.9773137412411,28.18631306203418,0.02310091306185843,4.922876263026341e-05,0,0,0,,0
194.5596640463183,25.58891607786526,0.0608149800531902,9.389750213558954e-06,2.8223603,4.1488743,5.3919,EXP,1.6360185
195.7738606786602,25.47379573579539,0.02400790088118522,7.526092834466784e-06,0,0,0,,0
193.7707790889326,28.06256879215877,0.02091907386834486,2.827926975793592e-05,54.21187,105.10675,162.56598,SER,1.3250115
194.1705747453046,27.44777314508654,0.02446798216707997,1.286287309739398e-05,54.070843,106.754295,170.89276,SER,2.6129193
199.1541734873335,25.83187500647136,-0.0004354157781009887,4.856444742671436e-05,24.055223,30.20349,31.212658,PSF,0
194.5562614619939,28.95087070515887,0.02507729280895392,1.303126132997649e-05,90.06238,172.44585,278.53683,SER,4.122018
194.7874092803903,23.71456965278023,0.0747493382792335,2.212761356955206e-05,2.7911055,4.2356105,5.4819856,EXP,1.6883622
193.8295707012619,25.89924384781037,-6.421368075027203e-05,4.87998816417334e-06,0.93404245,4.56145,16.282124,DEV,1.2281944
194.6515041714083,28.11373661110844,0.02269218029323582,9.05773507275006e-06,1112.327,2352.789,4272.4644,SER,6.241621
195.0760736363729,28.20974127722114,0.02578394313791112,7.938878856730131e-05,36.026703,63.874157,94.565865,SER,4.2800455
195.6331803525129,28.43930047430976,0.01996868965018998,1.530262912167129e-05,348.50436,701.96027,1175.0393,SER,8.4788685
194.4629787233063,29.66481811973617,-0.0003542329721941748,5.568141008022439e-05,22.20262,30.771229,33.73021,PSF,0
195.0883313338155,29.33612881177531,0.05738561656659105,1.884086966130814e-06,12.159236,13.85089,10.616781,SER,1.9237753
195.8893245323911,29.06046295926481,0.02518329691851671,3.982006777873511e-05,103.08134,187.04817,282.77707,SER,6.016668
196.7820461380213,24.5473559146003,-0.0006046887824196114,5.342456353004075e-05,20.66512,28.639505,31.463682,PSF,0
195.198950174411,28.40617498592445,0.06193067048135923,7.96350215100025e-06,91.99655,153.43716,221.56465,SER,2.9836798
196.4467621125411,32.02879535710021,0.04248212779337057,7.896135993996133e-05,0.5310482,1.3254637,2.9272318,PSF,0
195.0780143579821,25.43478046616616,-0.000346349235992418,6.295877288748457e-05,0.8479051,1.3088704,1.4471858,PSF,0
193.5168317949694,27.74230296812155,0.06814857251731812,6.393686857321476e-06,0,0,0,,0
193.370112173734,28.94562381267542,0.03600913232003856,1.979313684106782e-05,0.5755852,0.5746889,0.7078928,REX,0.4270371
194.1601991557217,27.57096403988621,0.02533665887800955,1.756940289889674e-05,59.340977,113.27137,173.84186,SER,3.3572936
194.4173295483259,28.25587468985115,0.03664746849182505,1.888628082798684e-06,14.012865,16.550753,18.404274,REX,0.5776518
195.0225183380462,28.02446177547347,0.01971672381256708,1.915373096957108e-05,338.58643,665.39795,1088.5776,SER,6.551151
195.2670556871676,28.70978417211138,0.0003885491224387704,5.471266938017203e-06,110.57217,171.8383,209.92297,PSF,0
194.7693231013623,27.91102122139122,0.02146106012888887,1.705289657491879e-05,0,0,0,DUP,0
194.8573431936295,28.08143222398621,0.02576254367761681,7.997939846033652e-05,29.827436,60.14007,95.61201,REX,2.2299237
195.4813816830087,28.83456280394541,0.02481956821767432,9.42078156537291e-05,20.662565,33.680664,45.494926,SER,2.4705653
195.7243439025224,23.61643948277157,0.0737096911749489,2.416462670171236e-06,0.5369213,0.63503736,0.66413736,DEV,0.33453292
194.1511022004363,27.57772422924382,0.02353434666688764,4.329127221866313e-05,29.581247,55.837437,85.534424,SER,2.860709
195.4235970936281,29.38031575751459,0.05753722042119037,2.296185057246515e-05,2.6380825,2.5728915,3.6551414,SER,1.2356117
195.8464196759164,28.86416216293723,0.0219395269825768,7.845987688541677e-06,410.6209,837.8741,1444.7296,SER,6.068014
195.0301243345091,32.78663288066967,0.06360499069315792,1.482605845612462e-05,22.410143,52.604675,102.35688,SER,1.5945402
193.6796780299136,28.63026682599414,0.03466781345519104,5.678839498641183e-06,10.2127,13.590366,16.044767,SER,2.72426
195.6199769905501,27.45549355060458,0.03566478336206734,2.413910951628223e-06,29.48498,45.19593,59.87084,SER,1.251502
196.2439338878146,27.56751103057907,0.05994710168674629,1.069120735028571e-05,2.9331245,4.3839636,6.0440636,REX,1.4253235
196.5036307467873,24.99625385647993,0.050497511395325,1.022019134618145e-05,19.454351,29.839594,38.288292,REX,2.6126168
194.4022397914505,27.03135450240313,0.02455717420531039,8.970458664053338e-06,644.9057,1391.1315,2473.209,SER,6.1418223
194.206906611146,27.09389920677757,0.02315565489358698,4.911993117005721e-06,746.6528,1683.2761,3206.583,SER,9.910919
194.6610341119896,28.13088583835826,0.02724252614177108,6.664328151620582e-05,54.61828,104.692566,165.24434,SER,3.3936238
195.3077735092062,28.46933051803263,0.02117526452449144,4.470532609218757e-05,16.97721,31.464703,47.217625,REX,1.8509002
196.4481905569533,27.73411573235868,0.008388057645476552,4.519808397635469e-06,3923.9329,6157.2314,8667.1875,SER,16.150106
194.0843943697796,29.30009081470871,0.02220929489053034,2.540428279325272e-05,656.1853,1320.4846,2206.8665,SER,13.8336
194.727304989969,32.09414635098166,0.0517394615888165,5.440998437429216e-05,13.310474,26.107843,40.81594,SER,1.9212484
193.7139170809719,27.49447750150649,0.02354404649303867,2.266132358913448e-05,47.705944,88.44426,135.08003,SER,3.4824069
194.2488744403179,28.26133125710291,0.06488805460255367,1.25327415254388e-05,4.3566146,6.1071568,6.5851607,DEV,3.9951556
195.1615556261158,28.01452885626588,0.02535035430885087,9.157735426994768e-06,819.73627,1695.4445,2978.3308,SER,11.920898
195.6328567638691,27.93552539341461,0.02209980581095505,7.5343190363868e-06,224.67479,429.44275,710.3405,SER,4.3130474
196.0468926480061,27.49045058920061,0.01777528037107254,1.573041438656828e-06,560.98364,1125.8861,1960.2637,SER,8.685729
197.5999745714626,26.22049567782897,0.07078818369373888,7.609770190972411e-06,11.897045,18.323725,24.178066,SER,2.086376
193.4046346494217,24.41424102694693,0.07012109590233734,4.739715606033545e-06,28.695572,41.167744,51.20077,REX,2.1756144
193.0313728793265,24.78148046018772,0.07374260611939358,9.091627072120302e-06,47.279385,78.31108,116.79289,SER,8.224283
195.0975674487157,24.21863744287778,0.0741564792797811,1.45969334500926e-05,229.36531,528.91656,975.4171,DEV,4.97982
193.4694767138184,28.9238897484356,0.07930069849263442,3.680218603612633e-06,5.9262614,7.7088513,9.146998,REX,0.65235895
195.0754277999665,27.95657375503804,0.0213279890066088,1.13712165941267e-05,557.1479,1221.955,2216.1555,SER,3.4695058
198.8892422578044,31.56250195308202,0.04726474968750367,4.817149980425695e-06,27.716461,58.5313,98.58291,SER,0.43817157
193.7308871013869,29.01235938161784,0.02145035209014897,1.339825289198158e-05,295.85428,589.2513,1006.75903,SER,6.300119
194.0637303088093,27.31978801341651,0.01818476895940458,3.88084290698112e-05,32.67105,61.2791,93.611885,SER,2.6908412
194.5404337855366,27.54947461760871,0.02333664715510668,1.637148865892845e-05,148.37082,303.9789,516.85144,SER,2.8404725
194.2315885852522,32.44764517015258,0.04475958029442816,1.384634167684753e-06,56.617058,69.19939,62.49309,PSF,0
194.9988221488908,23.33568640611403,0.03130871772982527,7.548522781192097e-06,3.7832007,5.1363935,5.5575914,EXP,1.7381122
194.3929973516351,25.20169500400264,0.07693480554673744,6.121534876272535e-06,20.02313,33.429024,47.020428,EXP,2.2704673
197.4454401214384,25.22842418613848,0.04503651748792616,5.316719866658726e-06,10.194164,14.184919,17.232573,SER,2.296516
194.7469701276132,29.41484566404851,0.02417567872542759,1.524922149782091e-05,0.7172029,0.9195189,1.6165559,EXP,0.69620657
195.3789603889746,24.62975574140145,0.02538207293009445,5.823386293058712e-06,192.19699,271.25574,330.67856,SER,9.031246
192.9194947407711,28.05308784324299,0.02070782759189709,3.672158045894598e-05,129.65228,245.16115,382.7072,SER,3.9687629
194.4292833898693,26.85240620221659,0.02124322172758946,6.42221990816573e-06,815.4591,1627.2491,2747.166,SER,4.902469
194.9795466789656,28.12836779079454,0.02524893448138748,1.066586957499593e-05,474.74823,1004.42993,1790.5604,SER,3.660227
194.8986651093683,28.55135882105363,0.02535539924706451,1.11975753095719e-05,0,0,0,DUP,0
193.9749828391534,23.80050320947711,0.01886587678391429,8.403306021138032e-06,0,0,0,,0
193.6559476939568,25.07852323579209,0.07011342424434076,5.934135629603456e-06,10.519731,17.005198,23.362215,EXP,1.9568819
195.0523323883551,24.38395070725555,0.07097670753255382,6.07467900639182e-06,15.627517,25.978096,36.53591,SER,1.7680807
194.7451603940559,27.59809546506458,0.06104291565664745,2.013708000885938e-05,15.166947,23.218369,29.790495,EXP,4.283382
194.7586661555092,28.11560056668607,0.03142168153752833,1.511447127630553e-06,602.6308,934.7004,1369.3627,SER,4.573631
194.4051022720562,31.49670123881068,0.06744818100369576,8.02851168727692e-06,10.144964,15.833152,20.732899,SER,1.8469993
195.0319115955947,31.48979523335643,0.05173091411928369,2.202234246075556e-05,5.8171887,6.8228993,7.2855177,SER,1.7323277
193.4035899814272,24.41442802299002,0.0702565236325189,1.038711491197526e-05,0.9425272,0.94216776,1.0954087,REX,0.9615671
193.7490334503217,25.33118436361383,0.0657073199100976,2.355808780712887e-05,18.078556,28.450071,40.52898,REX,4.7969584
194.9738612147803,24.3921525796956,0.06935603371412927,3.213468509856104e-05,5.02552,9.023155,14.216497,EXP,0.912335
196.3418579345946,24.32354365899282,0.03481278729162646,6.908521873883682e-06,5.7936897,7.895579,9.968126,EXP,1.1382577
194.0149814252948,28.43474318355116,0.02280717309004081,9.5264370572299e-06,265.1478,515.2816,816.47876,SER,2.6679492
194.4592849357111,28.17038582538835,0.02307675110494921,1.749944739905928e-06,163.42503,196.94328,222.63841,SER,5.3604717
194.9146039365385,27.85449371327439,0.03130166160996302,4.269680140322446e-05,58.547943,120.65186,190.76317,SER,3.5720942
195.0840719377838,27.84351183420574,0.02617225273956486,2.376150543240284e-05,110.08705,216.39282,344.84125,SER,3.9657495
195.8555377318246,28.01396870677257,0.02657710909011522,1.071846594110118e-05,641.725,1252.786,2049.3718,SER,8.954721
193.2500501738024,24.39977529184984,0.06998819044344236,4.846587283700222e-06,0,0,0,,0
198.3906045227037,25.13805506539699,0.07199303169690495,1.553861018534061e-05,182.06377,418.1722,780.7692,SER,2.525234
193.3548970734612,28.51137215563435,0.07909346483133983,1.962537495383823e-06,11.26928,16.87795,21.392893,SER,1.1065259
194.3368217018517,25.97629821218597,0.07833296487505408,7.686038354113323e-06,4.3037395,6.106393,7.2256174,EXP,2.071029
194.7766850164999,27.56090948094923,0.02587373051962815,7.403269508120016e-05,37.187428,70.61213,108.35929,SER,4.968129
195.605233211483,23.85767316428388,0.07331963115184752,1.454267494761393e-05,3.2969682,5.8670387,8.732083,REX,1.125234
191.1903908605094,27.50021523446036,0.03136303899943198,4.424690148678339e-06,479.2864,849.8664,1331.0745,SER,6.4632173
195.4023833108474,27.7097452373686,0.02665911237415946,5.979060400609658e-05,0,0,0,,0
195.2736254926725,28.06202680369251,0.02478547043266939,3.485652262080466e-05,72.073715,120.86858,171.65683,SER,3.2664306
197.8460927749559,27.39811306666134,0.06508073522566989,8.180398404288782e-06,25.783623,39.708946,53.291286,REX,1.7604512
193.8207463294261,27.96053739257061,0.02006440736954562,5.509964216914182e-05,22.373224,42.3138,64.07087,SER,3.3749218
194.6921342808179,27.86089902588779,0.02929217457260732,6.536717654224527e-05,56.64814,110.626595,171.96336,SER,3.57956
195.4512099501566,27.728481139433,0.01837885482764632,2.878259797436143e-05,60.94518,114.74306,177.10179,SER,3.4437163
194.8656434332187,28.3975468788477,0.0658763517647424,1.058879231915269e-05,6.2521596,8.784861,10.773705,EXP,0.8362674
195.560290864729,28.10348474998071,0.01999039345076465,0.0001544570941423357,0,0,0,,0
194.9397967422454,24.21964411456436,0.0313950737375021,3.756228628264141e-06,2.2043738,2.6605968,3.2761965,EXP,1.1245651
194.1578727228982,27.33204680188828,0.01661582001035094,6.4857236674385e-05,27.49558,47.958687,66.46296,SER,4.5751667
196.3232711141969,27.40354382767764,0.06208255370543276,1.521480574447153e-05,19.907238,28.972076,37.40743,SER,3.706453
194.2108722363869,28.81157519347266,0.06773332723543732,5.283823333291598e-06,11.050511,20.56502,32.54923,EXP,0.9082028
195.5152553271707,29.25792405514691,0.02529311145996928,6.23956950302836e-05,0,0,0,,0
196.3442499606242,32.03379611067421,0.0671170830686693,4.703431969288242e-06,16.963037,21.699385,25.070118,SER,2.0673153
191.797729255451,26.93714205672792,9.882654366950623e-06,1.323219539765605e-05,119.576195,181.56725,210.54402,PSF,0
193.8522716534376,26.85994550687683,0.01974380032970191,8.389295774292247e-06,0.4323834,0.4908211,0.67363226,EXP,0.7068513
192.1349982200853,28.11117107297562,0.06432726947611109,7.430515681253353e-06,0.43071684,0.46368006,0.6785444,REX,0.3250224
194.025366749148,27.6780132270591,0.01644456063709578,3.011056940996887e-07,577.1828,869.4352,1101.3804,SER,3.886889
194.0784709085722,27.86733248464266,0.0240522111398761,5.37536471685322e-05,23.515669,37.191013,49.911846,REX,0.9585032
194.9165296794376,27.57505857090864,0.01681642259648591,5.984630440331384e-05,0,0,0,,0
196.1246844368497,27.6864934209228,0.01916674739193067,3.87629480490697e-05,14.839317,27.246712,38.501278,SER,2.9599729
195.415011281262,29.33721248924196,0.07831215137177347,1.671555756549103e-05,105.81717,247.5397,451.54675,SER,2.0038097
197.6958501001177,25.07888673085318,0.02349138883714799,2.779109752978863e-06,84.2959,120.597145,162.9617,SER,4.119875
194.2155042783123,26.41370150374741,0.07854751442084026,2.672717751952534e-06,166.3763,261.35095,371.0823,SER,4.62475
198.2616930998719,26.2207986093296,0.07266941782928603,4.830904791229339e-06,41.559914,56.186977,68.981064,SER,4.8678246
194.2382575236265,25.29029148425993,0.07279311831853172,3.416903707838783e-06,28.75132,38.270645,45.157413,REX,2.7454393
194.9464837438167,27.60555062984683,0.02500198012517977,9.61215279149562e-05,27.699623,52.75148,77.78399,REX,3.3167722
197.8914216127364,27.38465094056475,0.05617864323056001,4.143119990462814e-06,20.042217,28.82005,36.05878,SER,2.4585016
196.3749203590714,32.12592184666639,0.05174315320058208,2.853796677263086e-06,1.5825866,1.7941879,2.2141438,EXP,1.2375342
196.0496821637612,23.54560756734444,0.06320382458143681,4.44486386824477e-06,11.698677,16.71073,20.973814,SER,3.4625049
195.1234032503313,25.62298160541924,0.04515299206515232,1.011054857120257e-05,67.1031,117.93171,171.32112,SER,3.7952077
197.0988540874632,24.66886566557284,-0.0002161101973670838,7.132961851354437e-05,0.6554155,1.2253903,1.8094885,PSF,0
193.6841241876667,26.33761275463645,0.07746433278162257,5.498420456332706e-06,40.092327,90.48256,165.35849,SER,2.291084
194.0874130702877,26.94351842400504,0.07125428506017982,8.870352990746694e-06,4.5278287,5.82125,6.719815,SER,1.8615826
194.6476754176454,27.77503502097775,0.01989620201896042,5.042897016984244e-05,16.509619,30.625954,45.866684,REX,1.624232
195.3417862622616,27.69517221280985,0.0593538650573569,4.015068582573903e-06,14.569663,21.850447,27.675116,EXP,1.1927483
195.4915043361237,27.82990491620955,0.02401487949976738,6.234370722554806e-05,14.215702,26.612099,39.235706,SER,3.6858203
195.8675543532534,27.16943700984259,0.000514519737323192,0.0001674853375752716,0.72218746,0.9806219,1.5466914,PSF,0
197.3548095972423,26.64748532245223,0.05957966299308491,3.482258592632932e-06,57.978443,93.6902,136.62973,SER,4.0300007
195.9917551132783,29.22113215698804,0.02521540399601611,1.341142490078078e-05,23.288612,28.8977,32.335403,EXP,4.4587
194.5504364850858,31.77844675178238,0.0670982875794272,1.88389689826159e-05,71.25447,165.84666,319.60043,SER,2.6753926
193.7987153787002,24.80087564708181,0.07040941453975716,7.678040137808941e-06,16.37879,36.05048,68.19166,SER,1.9156965
193.8554606508853,25.85264207727756,-3.585752335908925e-05,6.216314262479519e-06,0.30131152,0.33076468,0.4630344,PSF,0
195.5417558353854,25.64527078607222,0.02543604737381227,4.095547110623955e-06,40.438457,52.636158,61.69154,SER,2.9507093
193.302498235503,28.00397438720028,0.02021350832976335,3.581887925021631e-05,50.01982,94.94333,143.25072,SER,4.108682
195.4040231513962,25.78948846971044,0.06620521418470526,1.657624770937121e-05,50.863037,113.263374,198.58519,SER,0.99194574
194.5476590442728,27.93996678646207,0.02840716809456209,1.285877090632849e-05,191.02118,390.42126,646.3265,SER,2.615304
194.9900878628987,28.06508897625384,0.0194679937542034,4.680300407606543e-05,129.6823,255.03526,406.57507,SER,4.0272326
194.6160280688878,28.974089581646,0.02382606044752683,1.561129558559549e-05,470.55112,972.9188,1665.0564,SER,3.4578867
194.6552241685006,29.26723784653456,0.02549229309068148,9.328842738389479e-05,21.074434,36.558243,50.83067,EXP,3.5929809
194.8872883825538,24.33832650829865,0.02251536173280329,2.009531950931734e-05,10.026413,14.814375,17.811256,EXP,4.474711
195.0641765491072,25.745104149917,0.0763723138176753,1.756278687841895e-06,12.745449,15.360185,16.765306,SER,1.3670999
195.8194700251248,25.89078410427859,0.03549608454898767,4.687161121827295e-06,14.337085,17.31143,18.567154,SER,1.9669123
195.0448162092123,27.99109732225883,0.07672152103318029,1.593494881903773e-06,23.82879,35.16885,46.39955,SER,1.3099312
195.0953814824835,27.84788537568738,0.0286073317740744,5.082132437056035e-05,19.520721,37.10981,57.97512,REX,2.1609776
198.738329997758,26.10953128487071,0.0723816770071316,3.747049503819501e-06,194.10098,346.49222,550.90247,SER,3.1407936
198.1804418962593,27.05857919948705,0.06121409332215492,2.132013452685953e-06,18.233566,27.562326,36.12027,SER,1.4099462
195.1498946055684,24.22893478075598,0.0727747383427177,5.918401404471702e-06,26.431927,50.53109,85.45122,SER,4.56745
194.6989948340168,25.14220470903642,0.0639061747905863,1.898607349541069e-06,23.138952,35.802044,47.986275,SER,0.8520726
194.4291768026628,25.81277034893565,0.06935157050633008,3.227755817079163e-05,6.5481462,9.201155,11.931063,EXP,3.2781038
193.3412952678125,28.12201925770258,0.02423330075875609,6.403653342446623e-05,12.264351,23.391563,33.670452,SER,4.7452283
195.4429937766897,27.60465680442865,0.01925812992214746,3.870502321892177e-05,17.736422,31.917356,45.526073,SER,3.9237356
198.1219108983195,27.021570014167,0.07785813976689844,7.615809317398442e-06,27.293673,41.022663,63.29009,SER,3.915765
195.7905726038966,28.5835107855122,0.02285382149607191,6.048608030506967e-06,1253.7996,2626.5923,4630.8184,SER,8.019107
194.5745227512318,25.03253847662552,0.07616474685714941,2.489866799565731e-05,166.42494,375.26038,662.4684,SER,3.1253338
197.4689980643918,24.56044560777429,0.02349804385304425,8.189012312509687e-06,593.8275,1212.0057,2036.4454,SER,4.043468
194.1466200647124,28.27549609446125,0.02436906320343329,1.126600444987829e-05,0,0,0,DUP,0
194.945601885881,27.99195368099642,0.02799489421892866,4.858170927371416e-05,55.074318,108.27811,171.42044,SER,3.047228
196.6483272318757,27.16869050049509,0.02575097468510308,6.667309798610429e-06,887.7794,1724.5585,2812.2017,SER,8.079355
194.2950609525282,29.56656825841948,0.06172658864517357,6.865611845594769e-06,16.538855,22.815971,27.46893,EXP,4.114021
195.981246567834,29.15307377728867,0.06070585572254028,4.570246536503012e-05,59.03091,128.571,229.60358,SER,1.109706
195.0336316502962,31.10039315154722,0.03738119057425494,1.438912074383466e-06,52.47822,99.81285,151.04578,SER,0.96736574
196.2329913195374,30.94287078847645,0.07735615610165496,4.405011070640713e-06,0.49967188,0.42444748,0.3193869,PSF,0
193.017803972254,24.52977449126696,-1.546090611394678e-05,7.943768769151757e-06,135.51538,171.8692,182.37132,PSF,0
193.998677145554,27.17171933781812,0.01869555827705399,5.648382704328774e-05,14.471978,25.910046,37.732655,REX,1.9787526
194.8143919900679,26.18809852540442,0.0766440505001225,9.548507354705175e-06,0.49088368,0.6084388,1.0425589,PSF,0
195.6961180117191,28.13024647575154,0.022339388201232,3.776014026218125e-05,15.865695,28.216509,40.462784,SER,1.3055557
195.017171218203,28.71064889077693,-0.0007052163257339356,2.459792280639139e-05,21.505878,27.38483,28.580349,PSF,0
195.1187775592917,29.12954276804268,0.06129819586132998,6.530738761882032e-06,3.0331492,4.149062,5.051837,EXP,1.722128
195.1546836766944,28.06294808467711,0.02534314061235664,4.974220054461133e-05,0,0,0,,0
195.2166553478426,28.31478640613048,0.01868260496366704,4.147092109914494e-05,83.86599,152.72752,230.9754,SER,3.8528752
194.9157981002427,28.92662159145503,0.02014119945236354,5.566998618902271e-06,1501.0859,3066.6155,5323.457,SER,9.429261
195.3084743357184,23.93245167704519,0.05360671583991581,1.234322527481088e-05,0.6937143,0.7843834,0.9241061,REX,0.64323646
195.0688628208093,27.9675172487152,0.01553443335898744,8.382639061663543e-06,692.0661,1374.4402,2321.7612,SER,7.2865844
193.5661240580719,24.72366175176965,0.07018293394384027,2.802576771043903e-06,0.6448443,0.7299265,0.95826346,REX,0.3306805
191.7577964834956,27.98845915552819,0.02212658180566225,5.618685972387704e-06,21.513586,28.492641,33.15522,EXP,4.565263
192.8023726867103,28.70352387515342,3.500416919402173e-05,2.179441104768649e-05,63.71595,95.46638,114.02099,PSF,0
193.6477929111584,28.6505486968076,0.03699529025932529,6.51792101487296e-06,23.592611,33.16709,40.703415,SER,2.2243068
194.2131856042354,26.89885105364716,0.02074658134778719,6.113653737032468e-06,1040.7362,1930.9222,3067.5632,SER,6.429606
197.0384825384722,26.01413546337424,0.07145940086866134,7.151159834812273e-06,39.262604,80.41145,146.71455,EXP,4.639461
195.2885784244739,31.84256171651234,0.0003175742668571115,3.436130794854404e-05,21.611547,29.81819,32.318417,PSF,0
193.7189172277082,27.24252916495286,0.04010264342921945,2.178390530870956e-05,16.749134,25.206076,32.934734,EXP,2.2847939
193.8315163591612,27.86852812669696,0.02306085183107392,4.923982965515186e-05,0,0,0,,0
196.2922759577154,26.19782394818941,0.01970708454380489,7.456381948170997e-06,7.6529713,10.009498,11.431198,EXP,1.0909103
195.2033957455733,28.15831326838268,0.01939045348031842,1.068168432287622e-05,2910.3179,5980.335,10909.796,SER,26.101353
194.5528901497551,26.39689836327567,0.01970552136586763,1.209605633647256e-05,3894.589,8374.157,15435.442,SER,14.481816
195.2335858349929,27.79091180329587,0.02656933782031988,1.381309796627691e-05,0,0,0,DUP,0
194.6762782565746,27.97218545987535,0.02128415411995021,3.840663551155173e-05,22.81105,43.322166,65.97194,SER,3.3296428
194.9948154692792,28.09776626000739,0.02765523766133003,5.676274707401513e-05,19.353394,37.747284,57.338135,REX,1.305184
195.2687432129842,28.21061296666365,0.02136867948902095,5.431712204702895e-05,12.107689,22.337519,32.42065,REX,2.2567253
194.4574098853971,28.62433727945859,0.02500175191595558,1.988414061024938e-06,88.13479,129.47707,161.09032,SER,3.7344983
195.5673496974046,24.69410101653965,0.06949340015024726,1.081478120358058e-05,3.7154715,4.887631,6.10522,EXP,1.9947101
196.3840315680837,24.68722817680665,0.07860184770529895,5.000350016051752e-06,30.290764,62.14432,104.81236,SER,0.74495435
194.4995359563853,27.85253243651907,0.02385275902370919,5.537148130628503e-05,42.52365,80.49133,123.50665,SER,3.3355758
196.2316947028197,29.01218964602995,0.06135035461270513,1.642039421045373e-05,1.4932293,1.972416,3.0727265,REX,0.9553277
195.7305042627231,29.36469709762504,0.0484937225567403,2.864613345618127e-06,28.558308,49.54212,74.21712,SER,1.8982776
196.2624508791918,24.27744809716938,0.06058262494932814,2.002742612479121e-05,3.4483109,4.9082565,6.225904,EXP,2.136145
194.7579204908043,27.86511261910475,0.02577370177493819,7.766304171906407e-05,10.418629,19.984364,28.995783,SER,2.443662
194.7793185992211,28.36265174152222,0.05739857390063405,5.435881624037326e-06,18.102013,35.416935,61.807014,SER,2.55013
196.6188153017176,24.65610430789679,0.07908001296056669,1.061576259013634e-06,14.859854,18.890574,21.681826,REX,0.46611875
194.2570556682836,27.3720752749325,0.02339582216931995,2.037561180334548e-05,0,0,0,DUP,0
194.0818774642812,27.44839543615397,0.02533138323531091,0.0001054932543013898,10.621193,19.536263,28.572756,SER,2.2951849
198.4883129534815,26.35263146979609,0.04479083634675494,2.861066094162547e-06,11.2879715,16.678272,19.618427,SER,1.310033
195.3803363983239,28.79220395492507,0.06215416707395138,7.553300992215589e-06,17.899887,22.932102,27.12392,REX,1.5930873
194.333687503744,24.8478940782454,0.07910272458539487,3.679094724034535e-06,3.6009028,4.5323644,6.017701,EXP,1.9797627
192.457708567462,28.49392648187369,0.05578863543070265,2.979469045258249e-06,138.845,204.78026,269.79343,SER,8.454407
194.1209847342511,27.89372573091974,0.02233241777749525,6.599460408519326e-05,39.680977,76.34023,121.075775,SER,3.4523246
194.28192141959,28.23557941090965,0.02167933665122313,5.765909905683139e-05,39.7908,72.69721,110.41609,SER,4.177786
196.0139447654067,28.31031248222367,0.002494781489462311,1.895907827843497e-05,0,0,0,,0
197.6214846435848,25.86400568002759,0.02089172855039394,5.704751510272016e-05,0.8687177,1.514553,2.9601307,PSF,0
195.3156397216482,28.8721959926953,0.02375694072309911,1.797350933064301e-05,189.28094,369.93127,605.8441,SER,5.695403
195.9594115854539,23.6337768528508,0.02463345704304434,2.23725642501289e-06,144.68272,189.40698,228.37529,SER,11.899064
193.7112971713566,27.00012935078745,0.07175655993806065,3.35721451516089e-06,8.231148,11.953605,15.152941,SER,2.2543023
194.2891685810868,26.21715846379146,0.0763018941356878,4.494745385897409e-06,15.124739,24.777504,34.380684,SER,0.8764789
194.8396402379328,26.68449190109769,0.07369909695478337,3.620723169843776e-05,0.44001532,0.329009,0.82358307,REX,0.41259766
194.7601519365692,28.00594150589449,0.02709920615668808,7.446525937138074e-05,12.562879,24.176804,36.672966,SER,1.6236686
195.6624721412259,29.1244688972819,0.02258127794958059,7.459541344916477e-05,14.430371,26.627752,39.09713,REX,2.1863768
195.8397864633951,24.38354877048525,0.0728899994896836,1.906921157007492e-05,60.51007,134.86519,237.30444,DEV,1.3790056
196.8660363885551,24.74326343315579,0.07905307427132743,5.679214292399853e-06,82.296036,155.1236,254.24327,SER,2.083379
196.2362561435237,25.13751314583688,0.07394187842980646,2.973375995182827e-06,14.452198,19.594076,23.699823,SER,1.4146658
193.7643703839328,29.60421957072147,0.07009385330022037,4.259277698616797e-06,9.545296,13.682599,16.090143,EXP,1.1088946
195.1208446907049,27.81011878467923,0.02186917604038774,8.071429726230524e-05,20.156534,38.094337,58.238182,SER,3.0783622
194.5575518530068,28.18256127606819,0.02401421923032558,1.260152112060272e-05,794.6807,1578.6261,2670.2373,SER,12.996337
195.7599240656842,27.24983565010107,0.07853999920171786,8.735895525342691e-05,0,0,0,DUP,0
197.9583323889528,25.8456408886287,0.07314642300873549,7.717001764235695e-06,91.78992,182.23077,307.98,SER,3.2164087
194.8418679507764,31.2040276282769,0.0004708479316387632,0.0001343488017660449,12.612736,17.107433,16.211426,PSF,0
194.7542353731973,24.09083632551078,0.07639641251142253,9.217926963367821e-06,2.8131044,4.261445,5.137804,EXP,1.497821
193.8775425911609,27.54427294500462,0.02348303144190947,1.621746059181031e-05,436.47354,880.1572,1462.7996,SER,8.450933
193.2297178916706,28.51518616835167,0.07111199127622424,3.505952564086316e-05,0.6020742,0.482199,0.74703586,REX,0.42147753
194.2998475653694,27.10336493002868,0.02452110303601933,1.299559084686085e-05,190.62338,377.5346,617.6785,SER,6.585505
196.3559188701854,26.15445720174762,0.07204412367168955,4.099977190651268e-06,28.935238,38.303135,45.978836,SER,1.7066969
194.5650675578138,27.72455055683033,0.06880104301235938,2.236264040950741e-05,0,0,0,,0
195.5597430498865,28.1015646134022,0.01988514853599147,2.272786273778225e-05,242.05875,434.04428,653.23553,SER,5.1085567
196.4581085853249,27.73271333537118,0.008123149155933977,1.018783969272525e-05,96.90936,102.73199,78.19433,SER,13.498212
194.5943532509143,29.76648527741398,3.059807142829169e-05,2.105382439400208e-05,60.088257,90.110756,101.822464,PSF,0
196.1979057445294,31.00733502195532,-0.0001868379345658771,1.035123111494455e-05,40.094204,101.80283,194.97931,PSF,0
193.5721728008015,24.51184787345561,0.06429454687474075,8.100146957717178e-06,0.6922082,0.9376044,1.6459979,REX,0.36234793
195.8189273955894,23.80776129568325,0.002295049404048794,7.071993892340121e-05,0.35733318,0.4189196,0.7413859,PSF,0
195.575478096838,24.94448026850861,0.07471757699670732,9.570798155460152e-06,16.097685,25.44635,35.409485,EXP,2.3071334
195.8724690951387,24.43714424492348,0.06525848706979198,7.261314184193421e-06,0,0,0,,0
194.3869499197644,25.86847302934714,0.02195989042824917,4.850209259213546e-05,8.363305,14.159727,19.39361,EXP,2.2800076
194.4893225539823,25.97826162883907,0.01905013974478646,5.075749159110315e-05,42.255302,75.45087,107.49373,SER,4.681111
194.8809253233453,27.71614901653894,0.02818948083360869,7.005153433669004e-05,19.612423,36.15296,55.813454,SER,3.5819185
194.8777151955103,27.79144331737387,0.02593935290172899,1.384593582980816e-05,0,0,0,DUP,0
194.4692734657167,28.05023260377611,0.02668450883778002,4.510448223471811e-05,30.534565,58.11827,87.684296,SER,2.8017502
197.8030197628982,26.81401761934815,0.02123604954752188,2.045802713466525e-06,173.46107,368.1761,670.12616,SER,3.336733
193.9358498292397,25.41262313333213,0.06998219996682944,6.338125384134401e-06,8.69299,13.304254,17.821184,SER,1.484963
195.230830563096,24.83229671819475,0.07472427394237245,1.352286038230643e-06,24.23657,35.521667,45.50593,REX,0.5199229
193.6725899881156,28.93994124381314,0.008692152416979253,2.131170388578473e-06,24.551315,35.940277,42.33206,SER,0.6213236
194.0506470268324,27.74549715320805,0.02306040983076929,6.183529918293307e-06,5684.568,12255.447,22738.973,SER,33.348843
195.9725231580908,28.92222774661665,0.06951322209117373,7.866711619533012e-06,4.0128446,4.5845103,5.635672,SER,2.3804917
195.8016458638922,24.79153715190082,0.0005248459609234556,8.588094482609851e-05,0.4404076,0.47690696,0.5659601,PSF,0
195.4341257966333,28.21445367104441,0.02608785662247131,2.204661113212253e-05,0,0,0,DUP,0
195.6475944023534,23.85427318657242,0.07027817298933063,9.456667277769639e-06,16.586672,23.539896,30.225273,REX,1.8864245
193.8600930405437,29.5324808313632,0.02163861956943126,8.53806100417393e-05,43.82183,83.352844,125.01558,SER,3.35667
195.7592719710165,27.26592193129692,0.07780929136948178,7.871519945427404e-06,22.405014,37.490795,53.628212,SER,1.482878
195.868503151162,28.56395350268265,0.01574347588764812,1.944831057084464e-05,0,0,0,,0
193.8958359194536,23.50294735261581,0.07650182638963156,4.324241240076958e-06,9.915621,14.038217,17.566156,SER,1.9687563
194.048487280422,25.14855067302477,0.06996849018504518,2.463148511047296e-06,0.6181922,0.7203824,0.91085327,EXP,0.778095
195.0653416567028,24.43650080992621,0.07280010324637537,1.778969820259717e-05,320.85797,723.45685,1316.2903,SER,2.7703223
195.0049390531306,26.95608235514372,0.02389436811392946,2.72638848046843e-05,110.67581,179.60336,250.01317,SER,4.846038
195.0376986479578,27.97805528501393,0.02166512608962635,4.375574641033948e-05,0,0,0,,0
196.425806421176,28.81288225995771,0.02055808289690005,8.193840871158342e-06,14.230161,19.889257,23.521875,EXP,3.7899635
195.3770274345155,32.64289015835108,0.06395587497580493,1.105391064209913e-05,43.070404,71.70541,100.19263,SER,4.169113
194.7145147280285,23.9253218625213,0.0751969143233252,3.235189774273159e-06,8.881404,13.457386,16.384787,SER,1.3477045
199.0589004376751,25.1988310232963,0.0003247553269296189,4.516160326563713e-06,376.36633,575.1283,688.08136,PSF,0
194.7805895954292,27.09243930229612,0.07890643739907909,1.549494854745612e-05,23.852833,32.797283,39.22222,SER,2.7724009
195.748193753388,27.16423895287465,0.02235795403381976,3.026173954149686e-05,27.97066,49.362324,69.69935,SER,3.1868734
194.2567900078936,29.06257026471629,0.02502967882280091,1.000302136672468e-05,1076.793,2242.3232,3886.6318,SER,5.2716722
195.379629570038,28.79299612235318,0.06215694678499886,0.0001528900272930981,0.81724,1.0129771,1.4942262,EXP,1.4478583
194.9985159232216,31.9253603761187,0.06373879951579953,1.987341664185337e-05,39.518158,58.85654,77.49604,SER,4.8240266
197.5926622547055,32.36562586684668,0.06143271900509806,1.751312563631601e-05,11.589536,15.436441,16.64113,SER,3.4860134
194.1462209828628,23.40750747578941,0.07348588732635522,1.369161356040601e-05,2.9987907,4.542151,5.720911,EXP,2.4002395
195.2876705686972,28.35977399314937,0.02303554860071787,6.344663287309238e-06,563.22565,1116.2401,1914.1716,SER,6.178463
197.6480399149241,32.05230622184514,0.06492369784377655,7.852159998533854e-05,0.44982412,0.4307067,0.7675564,REX,0.26425537
193.5561736722567,28.27734100628298,0.02332588716339905,6.440900666193703e-05,19.03764,35.97669,50.900585,SER,3.961204
194.6463621135408,27.6314738520707,0.01734705201132719,5.198496395503914e-05,22.899702,33.02261,41.850567,SER,3.3367798
194.8664013666923,25.33361586968333,0.06513573579915165,5.790944953265949e-06,134.73366,268.42517,449.27844,SER,1.942977
193.5407108077741,27.91041715236973,0.03343493335936033,1.406690431341807e-05,0.7248851,0.76686877,0.929179,REX,0.33356813
194.5099064014221,26.85949290592113,0.02456902486765994,7.084291113913542e-06,1523.5542,3005.918,5319.169,SER,8.261378
194.4446008977325,28.14076211917854,0.02137771786795635,1.98037472301093e-05,241.83333,474.80472,774.71094,SER,7.598791
195.5232721102861,29.11247010577869,0.04926477523361814,6.94660308217175e-06,100.64317,149.36794,189.85422,SER,2.2873404
194.158812232203,27.21780552294472,0.03023508957721451,6.638691759564383e-06,36.53434,54.288628,69.07354,SER,5.3103056
194.1528575645185,27.81306783702832,0.02503410674327992,5.293283702501798e-05,16.393505,30.672903,46.057007,REX,1.6808984
196.246491659306,24.58445348015459,0.04534311073927027,4.488497223667589e-06,16.481447,23.796213,28.702404,SER,2.7010455
195.2193314602114,27.38473338239845,0.03969923332314578,4.829468187424412e-06,47.442863,66.92112,79.20238,SER,3.5971034
193.9109482369842,25.82053571154921,-3.956029105699285e-05,1.716208993703177e-05,0.28907523,0.32604972,0.3835285,PSF,0
195.2051740125009,25.63649432913785,0.05974138479435599,1.084574751741542e-05,0.3928941,0.4699937,0.8537675,REX,0.23010322
193.6181099335828,27.35152627668308,0.06783705555412621,3.477331585483688e-06,11.980228,15.67657,18.584766,REX,0.6494066
195.3170905087852,27.37741665196846,0.02263451279760676,4.966542705914931e-05,17.938864,28.33859,38.359905,SER,1.7631439
196.3557432502498,27.92111042211936,0.02452885099315578,6.523788580665581e-05,10.853453,19.419958,28.378386,SER,3.058054
197.1423786942172,25.38507252203247,0.07228805434973105,4.285335265602544e-06,12.044822,16.752651,20.901493,EXP,2.0701883
195.5447849114204,25.49270531653349,0.07364018003356913,7.131542429693536e-06,19.861567,26.882517,32.42726,SER,3.7829132
196.0466992710981,24.8183796813217,0.07426088857211155,2.339527412658193e-05,0.8715308,0.9228388,1.4093732,REX,0.76890457
194.0165355943838,27.15042213128935,0.02447563738009769,2.514568186081538e-05,148.44247,297.78,498.26187,SER,3.9949346
194.8166212496367,27.62851856247865,-0.0005926531145899794,4.669162077729787e-05,0.66899306,1.104412,1.4508154,PSF,0
194.3509182071884,32.70537309358381,0.0003096245235113156,5.715360035187828e-05,9.501562,10.429698,9.620027,PSF,0
193.299662897376,24.34311483999339,0.07089616622593,6.520820246864182e-06,18.151108,26.081768,32.899353,SER,2.6858628
195.2870646848239,23.92210139285549,0.06056937756728747,7.64644225849933e-06,8.077048,12.399527,15.908755,SER,2.756437
194.1235849512482,25.56720135340575,0.07140323229428092,1.444252614960269e-05,0.3816735,0.5014083,0.8036079,REX,0.37317732
195.2051838914318,24.14508293878277,0.06833378165968922,1.834016166714259e-06,26.016314,48.73763,76.12631,DEV,0.77500814
194.6567420500992,27.46553871580998,0.02117265654782554,1.366399817304662e-05,0,0,0,,0
195.1034632859037,27.92664308428682,0.02659815901974209,4.098089683935116e-05,103.48973,204.1523,327.0205,SER,6.7924304
195.1975040931268,27.92222212785039,0.02866103501642675,1.982800623874192e-05,0,0,0,DUP,0
194.7843063752165,29.79818208594224,0.02602054120453463,4.597739015232506e-06,7.4553075,9.307535,10.200646,EXP,3.0212357
196.1469697316622,28.62760834469073,0.02224335321172862,2.278167692636461e-05,0,0,0,,0
193.3642526936829,25.81262998549016,0.07273940870829718,2.51766875609868e-06,7.0634646,8.573535,9.276945,EXP,1.411922
195.7493676574602,23.84928991427464,0.06737221954794598,5.087469045760413e-06,35.145645,75.091125,139.60797,SER,1.0153682
196.0535998030607,23.95920996239019,0.0732895471921598,5.336659599679994e-06,7.1059437,9.188162,11.34663,EXP,0.69231194
196.2771674315202,28.64125502094805,0.01824428192114042,1.873628053330133e-06,80.28477,118.02437,152.5298,SER,4.5649714
195.2767779014506,31.11562489673162,0.02217518812591018,4.153612530540431e-06,6.452339,7.9142513,9.804839,SER,2.1836166
195.0226908397,25.42666584387739,0.07022636702094369,2.244371697910378e-05,77.47686,168.6689,293.55222,SER,1.6418028
197.9999849010069,24.89639336349425,0.0720192512603834,4.175167151189147e-06,74.68443,147.34682,257.5307,SER,5.042713
194.048258188199,27.65494865526711,0.02471693001936261,0.0001069971642487017,37.341496,71.64311,109.9078,SER,2.734254
194.2709822053025,27.77354748129286,0.0255293641406171,1.179874477421465e-05,0,0,0,,0
195.0380913500516,27.86643312814808,0.01775146471807522,1.754152656076186e-06,440.2817,714.2715,1019.2957,SER,3.3862352
194.5362739935434,28.83035496413718,0.03230749714269594,1.947017804115653e-06,23.298868,35.848434,47.18456,SER,1.1157671
197.4119894936288,24.66782643020928,0.0720614717694648,1.386496778674558e-05,164.17036,355.58426,603.86835,SER,2.8960316
193.9507383903915,27.7411073598138,0.01996700662081992,5.419495686156544e-05,9.201973,16.549023,23.392075,REX,1.7987827
194.9322171737567,27.99466383934325,0.02234086508377927,8.302662296529037e-06,505.72665,1081.342,1948.2006,SER,3.1535525
195.3850942019787,27.86548392552803,0.01880662865854132,5.276556268033354e-05,9.107618,18.096828,30.981665,REX,0.80478644
195.0125243260952,28.24031257491713,0.02572582717820294,1.54876435753818e-05,182.56157,326.45264,543.6639,DEV,3.322495
196.0041431744337,28.37153790846581,0.04008880520072961,9.12907404384299e-06,4.982469,7.0368404,8.840598,EXP,1.3120832
198.2172428516028,26.77693297015523,0.07344613579831773,8.54920859845803e-06,19.902748,31.96706,44.48241,EXP,2.2040582
195.7365383068257,32.49209519380981,0.03157350384482722,2.997412842552636e-05,11.288418,16.976854,20.155754,EXP,2.7089279
198.6782571490946,31.65042650461125,0.02309914062841383,3.460718287715204e-06,52.504955,69.00932,80.38462,SER,5.4842124
193.9781514008549,25.34117075478638,0.0721663933461548,1.200543485591783e-05,133.45232,306.68033,560.85486,DEV,2.110466
194.1448270632543,27.22558741321987,0.02426639760699991,9.27380235166631e-06,0,0,0,,0
194.5651270720904,27.81033091320179,0.00963745768332716,3.650340425778546e-05,0.315425,0.37279308,0.7301555,PSF,0
195.5006230408687,27.78274225321745,0.02368888025431549,8.822131820690815e-06,0,0,0,DUP,0
195.7167619779384,25.43218801399587,0.07134236995195961,5.687969585353144e-06,58.831207,95.17003,136.81102,SER,5.6357937
193.7366189470509,27.97588880384535,0.02038777031446068,7.384706083968381e-05,20.991226,39.415195,58.288326,EXP,2.7137392
195.8710432658631,26.55058576009403,0.0222234871964253,4.251331128649722e-06,1210.5529,2633.8755,4883.6816,SER,10.651035
194.6686051653985,27.34115690526965,0.06922575144709904,2.152716087417363e-06,233.50275,421.62848,663.8887,SER,2.509624
194.8168451893092,27.46376615133553,0.03618798666460976,3.226491527809797e-06,6.326345,9.567123,12.441897,EXP,0.8239276
194.878453110828,27.88420799298707,0.0157889352084818,7.631675263238645e-06,1197.5731,2581.611,4682.4243,SER,4.4810824
196.2163379636726,27.76805592524262,0.0799268747048212,1.141836242948123e-05,30.78415,48.398144,66.29142,SER,3.6690614
196.4728791628465,28.11240650655579,0.02464082511636285,2.130712766764268e-06,450.68726,919.76685,1629.1595,SER,12.705544
194.1700774515346,24.55115523991846,0.04882811375654603,1.178177967044468e-06,2.1908863,1.8591348,1.3256383,PSF,0
195.8931909379132,24.81358477067031,0.03629161051472531,2.8527140770122e-06,5.2591696,7.515595,8.414023,EXP,0.9020082
192.5631607936853,26.85881953456173,0.07716882180089177,9.07798959666552e-07,11.9676485,16.552454,20.124308,SER,0.6646971
193.5734391149113,29.38300391372517,0.07037446710820412,1.889026849547808e-05,0.84188217,0.95250577,1.1511267,REX,0.48870534
194.1257400350313,29.6248499684008,0.06585989340350604,1.150777724549988e-05,4.729491,7.816589,11.017211,EXP,1.1134757
197.431941233996,32.10615704343277,0.06639728395170201,6.46504476150733e-06,14.083381,19.379042,23.78019,SER,2.3888571
195.0798449432439,24.51841896889805,0.07693626226525033,1.494233897139914e-05,26.48217,56.803383,104.092285,SER,3.0997374
197.0044204241723,25.29973913428827,0.03427239683571084,1.58082992508707e-05,20.43164,31.071976,38.906834,SER,4.121952
193.4646435358596,28.97638522287376,0.02604864149867728,2.624023711453907e-06,0,0,0,,0
194.9712662253864,29.2045352788083,0.06090862505510471,2.169813297226502e-05,0.6490804,0.6353442,0.79362863,EXP,0.9709122
196.1322132336987,32.82314672609517,0.07780250784743868,9.933279464342433e-06,32.11348,64.3482,103.83412,REX,2.1276333
194.4391830968323,24.96369078393276,0.07197505521826256,7.395715547334542e-06,1.3218714,1.759474,2.6713886,EXP,0.72486323
195.5647460622564,24.9888626078782,-0.0003275448635084933,4.813329053497264e-05,5.0628867,7.746742,11.351898,PSF,0
194.2346032557355,29.61819213014788,0.06794923974236076,3.898088575353706e-05,23.354418,46.96194,77.27466,SER,0.8091451
196.7220623586236,31.46614398688042,0.05222166718813451,5.749542061617293e-06,16.531754,23.047647,27.251846,EXP,3.9285498
193.2285613641322,25.06587194755308,0.07321006482403493,5.270351437375511e-06,171.72963,344.01157,604.3598,SER,4.5408874
193.3970012789023,28.7110315722866,0.0330306174455744,1.044722937226382e-05,4.3497276,6.285283,7.938508,EXP,1.600403
197.3562725929648,26.06255304872412,0.07876557087000795,2.857196400439893e-06,29.013882,46.346226,64.0722,SER,0.99902755
193.9355561282325,25.86614066458467,-3.295025065190726e-05,1.179897259275554e-05,3.5469735,13.611435,27.855145,REX,0.54029834
195.6290686062596,25.01754997581064,0.07512920354754551,4.225128955222321e-06,1.4128505,1.6558222,2.0516524,REX,0.36882073
192.2011058882719,27.03581133469511,0.02134008298789431,5.568032410150089e-06,709.5733,1404.3058,2292.0728,SER,12.878501
193.306006937986,28.48862151360445,0.016761884822348,4.501550651519283e-05,0.31906956,0.34558246,0.45899794,PSF,0
193.6574196562901,29.37126097652131,0.06155213179028533,7.870125112593756e-06,3.5082266,4.9129195,5.9477553,EXP,1.2635872
194.446724780254,25.85645228568718,0.06101147007133491,1.330817370462951e-05,0.56672215,0.7145189,1.0575721,REX,0.33069867
196.1451407282677,25.73536073129451,0.05163461179125962,1.447673721645777e-05,6.3942337,10.280771,13.687319,REX,0.48735875
195.2281858970822,27.84207405869116,0.02366625708755159,1.431309667644144e-05,155.26659,307.8318,514.56604,SER,2.2261035
195.459291683087,27.89359183663001,0.02526783414103301,1.143238523333915e-05,0,0,0,DUP,0
195.5486707830385,23.86606375598195,0.06029309139588182,7.183222336441982e-06,0,0,0,,0
195.6424326830988,25.1140952826278,0.07483573168590141,6.915886678702451e-06,12.314292,17.071754,20.805014,REX,1.0558536
194.3022888077942,28.3600380130825,0.06328855700858813,5.277158615936145e-06,10.645289,16.80427,22.30958,SER,1.1050968
198.5387270990306,26.12368663993026,0.05714601291281657,1.11083591411597e-05,39.61973,62.651997,83.47322,SER,9.652377
197.7701035168709,26.97268907278022,0.05950885958499067,1.002354798979766e-05,195.18005,501.28195,1071.0507,DEV,5.0174804
196.8078969823564,32.39820662800385,-0.0004819336253833253,4.061392023935275e-05,20.821413,27.976564,29.746672,PSF,0
195.1944857872288,24.3702254262579,0.07778470641533936,2.79042414061331e-06,0.979113,0.81262493,1.2585083,EXP,1.5779223
193.6440364849501,32.11975566194725,0.03017019214169383,4.915340673177303e-06,56.314816,80.296585,100.04727,SER,2.7824914
195.2150400429275,26.93642827508906,0.03442587003405927,2.681931555832047e-06,30.479773,42.426907,51.733086,SER,2.0876765
196.3016310242193,27.56976431881789,0.02305684349794413,1.017493979798302e-05,0,0,0,DUP,0
195.3343708695306,29.05296795617226,0.06790946062950672,1.891020615138753e-05,3.8628068,5.458514,6.9086723,EXP,2.2880573
195.9974144656085,23.83893186779391,0.07370242547705728,3.651975113988851e-05,62.196503,142.41559,258.56418,SER,1.2408915
195.9999897603674,25.03625933131443,0.0792629060911629,4.97553802334517e-06,20.305944,35.484684,52.910713,SER,1.3008074
197.2506488979326,25.8135125324749,0.03562170359486377,4.143642353200673e-06,188.45901,330.14407,499.8403,SER,2.6298342
196.2881901192275,26.33581681872938,0.02496042907736461,2.435834186218424e-06,15.031919,19.195446,22.190332,REX,1.451876
194.9401786809873,27.61183971401635,0.02298426230873176,5.89564487622021e-05,9.011553,17.170279,25.716635,REX,1.2496028
195.3134017994929,27.66923028580899,0.02359798355175107,1.849194936369833e-05,161.61475,317.0815,521.05194,SER,4.632407
195.1272752320866,28.95191380892055,0.02298991542923787,8.91796976875324e-06,0,0,0,,0
196.1327411227508,32.82348141563251,0.03237514061965003,1.969632120886037e-06,267.48297,501.4079,812.0846,SER,10.427704
195.0248407031648,32.65248254015385,0.0003223008315548274,5.676842089971045e-05,0.7025927,1.5016838,1.9918219,PSF,0
193.9168967293188,25.8391196961873,-1.198948296298542e-05,5.230223493687155e-06,0.39218915,0.535241,1.3257756,REX,0.25342736
195.8722608113735,24.43554818476287,0.06568077504489346,1.335411755067308e-05,70.85067,128.6805,209.21239,SER,5.0421314
194.6054576194465,27.19999111182348,0.02683142351234627,3.686544957461464e-06,140.90044,255.39133,386.41882,SER,3.9455445
194.4780265393506,27.61592058184212,0.06788623405153461,2.059120512464298e-05,617.6521,1422.748,2612.022,SER,6.798908
195.5390414107662,27.58937840158136,0.0215183406422458,2.03118320485645e-05,80.64655,153.67049,238.07446,SER,2.4028618
194.8868869054206,27.98388022183856,0.01933418014876261,1.013340718281202e-05,0,0,0,,0
195.9368534377687,28.54589343063514,0.02584433395546984,8.504661603590481e-06,198.88857,403.2736,684.4017,SER,2.7519777
196.0649078803835,32.45441486594008,0.0500952417543402,3.046742484665922e-06,55.38597,89.99807,124.587135,SER,2.743837
194.3883579256841,25.48914469373961,0.07790297998023286,1.195653839681881e-05,16.170261,20.785028,24.995485,REX,2.6059527
198.3893387565369,24.70015001539972,0.07223533988768838,2.871531436802156e-06,54.75092,88.478226,124.20207,SER,1.5898684
191.9041194391499,27.55580793719098,0.06855564632447744,6.370099820526393e-07,96.92449,174.6814,244.28055,SER,1.3466842
194.531488442474,26.32679288842913,0.01902382448781713,1.783730014004947e-05,357.01984,726.07056,1236.241,SER,6.832505
194.5928941660198,27.88478417393559,0.01460582106527339,2.755858872380492e-05,75.110596,143.24281,225.16661,SER,2.4404106
195.1860387203218,28.10061665439032,0.02202498548690445,1.280043727366521e-05,368.56476,766.5549,1322.864,SER,4.0662737
194.4961522378087,25.49818339910654,0.07826838558925922,6.803510360844648e-06,72.064735,142.54231,240.1388,SER,1.9239665
194.8970340955842,27.86365656177802,0.02105047694581654,2.157548987977087e-05,153.29617,312.41827,517.5586,SER,2.5921366
195.1524786562575,27.9311766021397,0.01964043777581466,0.0001402222480685832,19.815517,37.473537,57.494373,SER,2.5226977
197.8126986224212,26.95555011815796,0.05713544098946711,1.527026538311717e-05,145.69324,326.53818,587.5923,SER,2.9268174
197.3140814232651,26.12671760238334,0.07239060731102827,1.825592149528857e-05,18.258263,27.676105,37.629433,SER,2.6588879
194.9403604443987,24.48662264251048,0.0688398181991409,2.128609314554425e-06,122.99888,192.44194,263.036,SER,2.9107943
194.8921259803815,27.94687857784749,0.02401020461114481,8.5741944417482e-06,1016.2831,2197.2498,3940.3564,DEV,3.5274951
195.0350063003955,27.95466052064025,0.02087739373895963,4.09025588771425e-05,38.0829,74.79587,121.258705,SER,2.48806
197.87189566267,25.71312741078373,0.0727949716290792,1.188403110268326e-05,24.754128,40.70816,58.840736,SER,2.867282
193.7902272843492,24.19489908205487,0.07460528626292748,6.839393216140664e-06,3.7754097,4.9414687,5.9306965,EXP,1.3404022
193.5255645351269,24.51641142265866,0.07121866740996609,5.429756079998696e-06,7.8385034,11.193717,14.160724,EXP,0.9197998
193.5018602592845,27.01087250281598,0.02240215720947486,6.14422462729001e-05,20.320826,37.604828,54.645756,SER,2.203445
193.3796000962095,27.46338077431614,0.02852308410820891,4.726045488975446e-05,52.59787,101.74684,161.42729,SER,4.4633455
194.4478707218776,26.7859133289581,0.02519021315126235,2.093336428805622e-06,6.293609,8.436114,9.892421,SER,2.0074914
194.2611699251408,27.4126554488375,0.02542483016983059,7.366752931963889e-05,9.529281,17.416126,25.195038,REX,1.7092713
196.1197798945029,28.31281983840051,0.05743922861123458,4.821546349228154e-06,80.53453,126.36678,177.39627,SER,2.9122715
197.4240620482467,25.94385803525219,0.05616749507860062,9.617414798426562e-06,8.641985,11.1264515,11.705639,PSF,0
194.9129768653718,28.89555409679943,0.02045962260159836,1.11226073065425e-05,0,0,0,DUP,0
195.0277053081709,29.46409760238627,0.02147783152986885,3.451766465237641e-05,6.192912,12.174839,21.908081,SER,1.0602831
193.9226897922412,25.875566526653,-2.406581815282356e-05,4.784887882767121e-06,0.5204553,0.62432194,0.7954911,REX,0.5376499
194.5762331285091,23.09169069898956,-5.301969620320934e-05,2.331481322820709e-05,26.764769,39.724133,45.525185,PSF,0
194.2734465016412,25.45960541883386,0.07820213768584673,9.33412934200544e-06,177.8623,407.38562,790.5489,SER,4.68608
194.8857351818444,25.33606877644644,0.06508095833925213,1.14017914627284e-06,59.841434,104.6817,145.67355,SER,1.8650556
193.6298377788204,27.64574281167444,0.02790713382895817,5.513032523775822e-05,12.266016,23.518248,35.535908,SER,1.7080764
195.4577500148565,25.91388054572652,0.07732539317953424,2.208610903692358e-06,48.375305,71.733246,93.146355,SER,1.5420268
195.8565533030792,26.06819598856676,0.07526162763150057,2.852815643923689e-05,19.829144,31.224682,43.936237,SER,4.8100815
194.5147790432935,27.82245795202706,0.02231613097477475,7.26479484622493e-05,28.36788,52.451614,80.086075,SER,3.0998974
195.1656989164114,27.92393772452249,0.02508098518236926,1.077992702513644e-05,1287.3364,2727.5613,4874.3853,SER,6.2607827
194.1230480889512,29.17386905033118,0.06633051122003512,1.742275263739765e-06,52.98479,72.24535,89.07294,SER,1.9140716
195.4261249368398,24.13082771191973,0.07344700296632234,1.029336882031679e-05,21.232248,34.480247,48.151375,SER,2.4945552
196.1526698204786,24.23929970694469,0.0395923421295646,1.777502386266559e-06,20.233015,25.136162,27.008001,SER,1.4054922
193.4247981935841,29.34592264661045,0.06169371740763902,2.357091734555921e-06,24.065487,40.37044,56.3262,SER,1.1311557
194.2331551287534,26.7137682032083,0.04882772726424216,1.133128233191712e-05,0.4708117,0.61091805,0.908819,REX,0.31927773
194.4609835551106,27.87953979719914,0.02318527530181353,1.83820616592336e-05,0,0,0,DUP,0
196.2884606185893,27.51384589946941,0.02421464764902783,7.240562613996603e-05,0,0,0,,0
193.5472971342151,27.05619960801286,0.02675736795873266,7.202681359386434e-05,20.29893,37.217804,56.223568,SER,4.2947335
194.5707008429197,27.17407830588998,0.06064579908010159,5.153276398227058e-05,0,0,0,DUP,0
195.5545034454916,28.21361820321233,0.02743070156137784,2.779546407632461e-06,0,0,0,,0
196.2093223756998,32.28299861475095,0.07494979333591907,2.603463912953834e-06,22.083588,27.77508,31.209528,SER,1.7278134
194.8769923408424,26.90852603968529,0.07782769213787004,1.34179701385535e-05,17.994583,24.750822,31.262108,SER,4.7138815
196.0318631292729,26.51939308748479,0.02426230208372982,5.678951529778046e-05,40.103157,67.28418,91.195244,EXP,4.266472
194.6192488272461,28.52679742911698,0.06153281221842016,1.57600362315202e-05,368.7474,806.3998,1407.0381,SER,4.7752438
195.1397219602052,24.0837691294306,0.06870535122467174,1.317423771507565e-05,105.8603,204.95006,345.32144,SER,5.0536265
195.8473981263862,23.6806224127665,0.07378569568578164,1.52291315130056e-05,0,0,0,,0
196.4946082854453,25.46563201543392,0.02181138503030071,2.043700936119763e-06,499.6061,966.42596,1626.0907,SER,6.835499
193.7316333115089,28.06684351638716,0.02110667632022278,3.954189878672733e-05,57.585926,111.7748,172.4849,SER,3.6835272
195.0070760197536,27.11070106657915,0.06187161847325957,9.338481956291297e-06,4.9134817,7.1594515,8.892036,SER,1.6547194
196.6859304735541,26.05944103979907,0.06952985203382503,1.748126529288915e-05,79.38776,178.4095,316.52902,SER,1.6553166
194.1990698198974,27.42100044599944,0.02592903271728005,8.217780707133977e-06,292.84525,564.4726,899.4396,SER,5.689577
195.8477353450875,27.30688994502901,0.01857117150660763,2.520922162797947e-06,84.616234,117.80862,144.06401,SER,3.708929
195.1068924270326,28.86784899429333,0.02264401482374029,1.705506957607063e-05,0,0,0,DUP,0
196.0178773375269,26.3743410311716,0.06018195154832114,2.657849268665513e-06,0.50517875,0.563758,0.5286538,PSF,0
194.8498164762144,27.89750730280532,0.06126311564243868,4.265778798171116e-06,24.417618,40.59777,58.808876,SER,2.7117302
194.6230401108867,28.30126131843287,0.01965214602251227,3.370297324160029e-05,0,0,0,DUP,0
194.3053305407219,25.6546463428738,0.07797535870742209,1.305487397906842e-05,220.46002,507.75616,917.5424,SER,4.3306003
195.2280296567283,25.66733406487516,0.06017692992341313,2.042588635654375e-05,3.8318646,6.0529914,8.5556555,REX,1.6126745
195.2297678108525,27.79130595045899,0.02629043855010025,3.917365556190444e-06,7.10139,9.277956,9.08838,PSF,0
198.3113444861867,26.65691536057608,0.07693274696477823,7.055219252233228e-06,50.686623,93.513374,149.53485,EXP,1.7688497
196.6217477313467,31.50630302334128,-0.0001324784123319495,3.4011540081265e-05,0.9457807,0.8231955,1.2691481,REX,0.7246608
193.6504345841311,27.53127805602377,0.01816516800986176,4.037824347259842e-05,8.999003,16.68267,23.790531,EXP,2.1464703
193.9449656287608,28.25530716362409,0.02648995489829682,8.905465584909486e-05,0,0,0,,0
194.1813609892139,27.17879081608598,0.02537002611195761,7.114251959429752e-06,3978.5286,8633.247,15372.238,SER,15.575419
194.8748270318476,27.95643177692366,0.02273805737033916,1.386771656741034e-05,0,0,0,DUP,0
195.4305370325749,29.17831520199887,0.02349189652709296,2.847950525807656e-05,0,0,0,DUP,0
196.6118782634487,31.86647761715174,0.06775266792948773,6.220559598361533e-06,87.056885,134.1867,179.93248,SER,2.6794422
198.2204057230323,32.03486128140693,-0.001462829074160187,2.659356955893445e-05,7.2794023,7.211376,8.422419,PSF,0
197.5420892343132,24.85285892500132,0.00850251822050404,5.18892435645789e-07,58.71903,64.98337,60.473434,SER,3.8582323
197.0083304856719,25.58353700228707,0.07700018583794663,5.951310685850767e-06,17.052347,30.582893,49.797962,SER,1.7076962
194.888502017381,28.03129626471868,0.02367341735669428,7.742264922213585e-05,15.8220625,31.12109,47.57919,REX,2.2777135
196.1069902319948,31.69877372644858,0.05226854427591879,1.265081250044618e-05,47.92472,70.389,88.77917,SER,3.6293628
194.2804331869552,28.69383605623851,0.02794507026503753,5.670262206677937e-05,49.19476,84.53952,120.26687,SER,7.044447
195.0714201192146,30.98241792211369,0.0005072707070976424,2.158212031766376e-05,13.994624,21.038713,24.355995,PSF,0
194.9189998863968,31.21080682305779,0.05484068177796155,4.875452515151627e-06,12.186862,17.554304,21.170092,SER,1.6308703
193.9320493341457,27.78310298706939,0.06133534348254476,4.770208486891713e-06,35.42327,57.692047,79.98672,SER,3.7605586
194.1019532599836,29.80496664127308,0.02573558219805546,4.503281407675859e-05,58.871407,103.0963,142.57254,SER,3.610117
194.6029983260274,23.71655480122997,0.07717125103091971,5.507997040620073e-06,4.2421002,5.499488,6.1971235,EXP,1.6762023
194.5144200904548,27.63330227344604,0.0679097121842342,1.726792279145056e-05,263.29556,606.7321,1137.2064,SER,2.4523842
195.2130220674278,27.74297172356163,0.02712903268667993,4.075812313365143e-05,137.45851,266.5911,422.65402,SER,6.1445675
195.4933727193696,28.35403017236664,0.02865769316394284,8.459392615171003e-07,11.436926,11.6249485,10.674754,REX,0.48737493
193.8692460180981,23.46046690566007,0.0739491957353895,2.693409577311595e-05,4.177093,6.641002,8.692909,SER,1.9558226
194.5111034452093,24.93612655589699,0.06365923949795808,4.247330344069526e-06,22.15835,30.380371,35.94035,SER,3.7498355
194.1960857243015,27.45735254917679,0.02378489889320212,6.387482970513968e-05,13.941722,26.30219,38.72472,SER,2.5729504
194.9632209303034,28.29470677044846,0.05059146536994513,1.206490351918971e-06,26.65,33.408154,36.65183,SER,0.8663679
196.9139693083591,32.23694367428476,0.02631418165308982,2.878750864872872e-06,66.75891,102.22801,132.47324,SER,2.1808903
193.3738521436921,24.19274890835591,0.070556157665484,3.271655990326663e-06,214.27727,431.91226,751.9354,SER,6.8167486
194.0068633955195,25.49124505522681,0.07939941986215339,1.49983642080818e-05,1.6690342,1.3115371,1.6424993,EXP,3.2622437
194.4270195977397,25.21130628627708,0.07616049477223952,2.197111125156658e-06,90.11381,156.1461,238.31017,SER,2.6255805
195.1917424205016,25.21881765409254,0.06478880844155169,1.81753248903777e-05,52.43356,117.2904,209.38464,SER,2.0508893
193.447686064375,28.26177020442874,0.05705844542893529,6.304703693211595e-06,84.7015,115.89295,139.11372,SER,13.518462
195.5365049040764,26.01284925757299,0.06088264848962302,1.098710112219973e-05,0.59931666,0.67989165,0.8580997,REX,0.28507444
194.0973112346539,27.544082922512,0.02445921567845345,2.61984384639951e-05,49.862133,97.124916,153.57442,SER,1.9157557
194.1641746839972,27.80687613257729,0.02074400687169669,4.065005199433355e-05,18.554865,35.39154,54.06258,SER,2.469144
195.0730713460805,27.38630823362871,0.03656323058690995,6.727494220127417e-06,0,0,0,,0
194.172213089749,29.3387184449378,0.01583968365087809,6.252892129772838e-06,46.773476,69.95354,88.129684,SER,2.3071365
193.7744927057912,25.14606945447568,0.06005987808664178,1.536973448009415e-05,14.194912,22.130493,29.736689,EXP,2.4779406
195.0657904778681,24.353927859742,0.07197585469877421,3.110140992357045e-06,69.99737,128.09998,210.64003,SER,3.3907921
195.8787633140189,24.87559065082718,0.06130957501837806,1.133803874771777e-05,20.680506,27.394539,31.95338,SER,3.3508525
194.0695347953852,27.44598725346737,0.02141572021188522,1.784257079183962e-05,0,0,0,DUP,0
194.786130646092,28.65200365992019,0.04937920530476686,3.063773079500321e-06,19.850643,33.73333,48.17085,DEV,1.1502521
195.3552749838445,29.3138670505196,0.02351679638937736,9.669473103343272e-07,57.88186,166.79785,302.4473,PSF,0
193.3761012131629,28.93753493136277,0.03280722940926487,5.634304510952046e-06,19.731775,27.130539,32.105732,REX,1.1537886
194.2239512264703,26.63964318542331,0.0229783368018606,2.541431009013006e-05,36.926243,64.24055,90.76355,SER,4.8918643
195.7708532600542,26.98537699992508,0.06825416962252416,2.113901318211339e-06,8.96757,10.57616,11.130316,DEV,0.6840864
194.2344390125168,27.67500213228658,0.02248068928149233,7.649525366318566e-05,4.606719,8.206357,11.871121,SER,1.3305593
194.3072238266159,27.22448457196558,0.02337439932784199,6.057500842271468e-05,37.20229,72.71647,111.6446,EXP,3.6174726
194.1560378241916,28.37042577277344,0.02342111208626237,3.932855794784283e-05,35.65808,68.28016,103.26755,SER,3.3483105
193.9597487866242,25.8619952931987,-2.103782146345485e-05,1.107459307175169e-05,27.583563,38.055573,42.057278,PSF,0
195.0967384908187,25.10103913213882,0.02237666512571527,2.032153262700392e-06,52.020206,69.04928,81.78488,REX,1.0778192
195.1354120380076,25.64439676978531,0.04527451359247299,2.330341488483822e-06,104.03544,182.92168,278.4091,SER,2.3777165
191.6634530860617,31.63365854628393,0.05057193283401348,8.434225392527673e-06,169.88313,361.71808,618.4026,SER,4.964285
193.7912926576521,26.00516120574237,0.025491491942245,5.155704281050454e-06,14.0437975,18.305984,20.798958,REX,0.8523893
193.837205131463,27.6691640726955,0.02374787922803199,2.261712695096765e-05,68.9304,137.00548,224.76463,SER,3.047389
193.4807673974913,28.39384724267563,0.02464812639938265,6.471812591930326e-05,139.48553,257.05585,380.75235,SER,13.306696
194.0038684350041,29.25296183463422,0.06868674133634792,1.640912046286361e-05,0,0,0,,0
195.6164841404275,26.86988681929369,0.06778195867995764,1.821140212343024e-05,18.863848,27.225786,34.914112,EXP,3.9050472
195.138201662796,27.50315533810318,0.01886598511967588,6.15637501680711e-06,0,0,0,,0
195.9372683939557,28.08420486709607,0.0188132246709388,4.013473431643992e-06,1089.1073,2264.8994,4033.4814,SER,7.021669
194.7177670875135,28.726915611299,-0.0002520437792822518,5.539376134174465e-05,0.31856126,0.33668602,0.4224823,PSF,0
194.4793846277294,32.72831870216752,0.03125831553878473,2.103624752236887e-06,53.51739,92.23603,131.19272,SER,1.1824043
194.9731791735841,24.34368127415168,0.07295416604816722,5.71514572422955e-06,58.52475,106.067604,163.40562,SER,3.0357635
191.5442837399878,27.82059245514364,0.02275108561400912,3.296340792090306e-06,11.841311,15.572657,17.537981,EXP,0.7819723
195.1695794351783,28.51996725431055,0.0297184714143506,1.467712729746991e-06,5.833741,8.864366,8.133937,PSF,0
196.3316114410826,29.19742549495891,0.02704928977322539,2.237349827806275e-05,103.948784,205.50526,337.9071,SER,2.9607728
194.5028455517676,32.77442236395058,0.05510259589758196,9.625901618115712e-06,74.14861,118.06692,161.37035,EXP,2.3735268
194.5202079366345,26.37056219089995,0.02323948958495084,3.252350471691687e-05,183.32349,350.00583,546.35046,SER,5.2411437
194.5713205445304,27.17677398075599,0.05956489959265108,2.039148470320406e-05,0,0,0,,0
195.2321384306824,27.00139430607395,0.06796466760211606,9.872186616426557e-06,52.138603,80.171776,105.82121,SER,10.6811075
194.9158567386781,27.57659702242415,0.01668589411561346,1.406892412581496e-06,387.84384,558.0062,718.1596,SER,4.615263
195.1685296304953,27.65088690381115,0.07944223589686711,6.997094594747322e-06,0.3120859,0.3853069,0.5296364,PSF,0
194.9362520365034,27.88974894957938,0.02277117679815417,3.661492054862975e-05,68.802505,137.71783,218.40558,SER,2.8964489
196.2057415604163,28.26939139823007,0.02271836042262572,1.424293190029747e-05,295.00668,586.1108,978.6955,DEV,10.923484
195.2155698596773,24.33861087256636,0.07468800760274234,8.033233132278482e-06,0,0,0,,0
194.0292188906942,27.64714402417009,0.02502810506222965,0.0001103421373107656,0,0,0,,0
195.2711381229099,26.82249215339377,0.07820410073022145,2.585647935975446e-06,19.252228,30.628452,41.215916,REX,0.6371173
195.0895290740883,27.81463864719151,0.02267930023240922,4.710809062561327e-05,24.288515,45.993553,69.76636,REX,1.5342863
194.7114712216413,27.99551617797595,0.02233160678506634,2.815354665419415e-05,64.08728,127.75485,206.07962,SER,3.2766829
195.6580066691519,28.41210577503294,0.02867685465278838,3.107068451461185e-05,0.73741287,0.6455705,0.9801435,REX,0.47864082
194.5125897781252,28.16438218573427,0.0263769910116623,4.711311650247339e-05,15.972872,29.799334,43.966614,REX,1.782599
195.8190026754472,27.33220465275442,0.03571955687541983,1.791965550617842e-06,487.39142,895.5108,1472.2472,SER,6.2434573
196.0181180410473,28.16424306602988,0.02205189377260809,7.406629336109474e-05,20.989439,37.337997,50.757153,SER,4.3704643
195.6045991716192,25.3570258701189,0.0610330904352547,1.026278529669835e-05,0.33327264,0.29437235,0.40185064,PSF,0
197.5465785946111,24.31620634544709,0.02368578929195193,1.514523220353943e-05,13.972749,20.969812,26.627018,SER,1.279481
193.7711781683239,27.67623124841701,0.02488831334446379,7.70858820224104e-05,2.5865593,4.4864783,6.75625,EXP,0.8796005
194.1159999244035,27.28989052873361,0.0248452449481236,5.914519406247739e-06,0,0,0,,0
195.1609896921201,27.47650748654134,0.02633899508951815,5.975385230749376e-05,17.062721,28.564526,38.080486,EXP,3.6290915
195.0796229575233,27.55370785176635,0.01965476076558467,1.705261992905243e-05,0,0,0,DUP,0
195.5633498625452,32.11563157014093,0.02439887275783699,3.391000244528389e-05,0.74440855,0.9599746,1.5986619,EXP,0.8042583
195.524448118266,23.8841114536758,0.07335026223020756,8.366143578361022e-06,5.958074,8.408314,10.123531,EXP,1.8842584
194.7241675990123,27.38864235188538,0.02575830735039248,2.431989716957901e-06,50.930042,78.43511,105.571175,SER,2.1445646
194.267708044865,27.73006570423828,0.02962679001420744,3.719209770180944e-06,230.8084,437.67154,687.25635,SER,5.892622
194.4353061071686,27.66750281251451,0.02033265714949161,4.359082657894136e-05,23.748571,45.296974,70.82559,REX,1.6124445
194.8784416689941,27.88424246675685,0.01573610296649326,1.439862124444977e-05,0,0,0,DUP,0
193.9868943491197,23.23506363061463,0.07580887418843367,1.230877457533565e-05,30.507763,49.44279,69.64096,EXP,3.0054176
193.6475478079526,25.02254213965898,0.02100937363652621,1.302490011318957e-05,0.84592235,0.9251037,1.1310159,EXP,1.3970976
194.6954957618547,25.01621709462809,0.06051111982182254,7.181194661874148e-07,54.014957,34.210052,19.490421,SER,1.7914567
193.5480440917261,27.73293660459048,0.05791445228646765,5.82140155742947e-06,15.200844,24.405163,32.902363,SER,1.9789426
194.8186255502656,32.22679767802663,0.05308966242195421,1.346207719740968e-05,8.219019,11.895951,15.075524,REX,0.98261905
193.7986210417541,29.47255413553966,0.06163685467479814,6.523657473976453e-06,6.0021396,8.61082,10.960667,EXP,1.9291149
194.3457118586035,26.98788157100548,0.02793901596117081,7.191417051151396e-05,134.10905,235.08408,326.87833,SER,10.132896
194.580653553244,28.69860516360982,0.01933186659536906,3.298509443567629e-05,127.94545,232.8029,353.979,SER,4.315687
196.4497144649673,28.58341412574106,0.06962693590441811,8.6428005465013e-06,20.483631,29.966045,39.569664,EXP,4.055741
197.6100832845875,31.9895890239447,0.06072318223158395,1.880942941485386e-05,64.33662,134.71162,228.1435,SER,0.8682869
196.5756198796277,24.02190420023761,0.07486859253543583,1.235435427699054e-06,38.290714,54.052944,67.62822,SER,1.115525
192.9529598793965,28.49172114725534,0.05631110485894179,2.668387064658467e-05,10.070146,15.760084,20.53941,SER,5.0519547
193.9344382572682,28.75494521429678,0.02744006987853628,2.559787136433717e-06,114.76783,152.30518,173.94492,REX,5.321086
194.5031674187591,27.45400526513287,0.02563978038980859,1.805758101122995e-05,125.461296,262.344,442.6486,SER,2.35809
194.5706815711305,24.73416776703822,0.07903608692160624,5.681876487794086e-06,11.548828,20.614923,30.582773,SER,1.9523304
193.9717860516732,27.81743750433812,0.0198254576347052,7.433580046111545e-05,6.932085,10.85556,14.308789,REX,1.9373463
194.4993665478628,27.39202899189565,0.02444122371412969,7.835783867548265e-05,26.973822,49.690388,73.507866,EXP,4.52196
194.9983768795321,27.75084567819184,0.07680707934047579,3.561282783535839e-06,9.201342,12.0702915,14.206607,SER,0.8571399
194.4146034571097,28.05842977633271,0.02325895836747793,4.385706279660442e-05,28.378555,54.057365,81.166016,SER,3.9871948
195.7188200069897,27.86750257545002,0.02799334854618946,1.643504989332136e-05,22.663986,46.457794,66.18836,EXP,1.6965885
195.9581496786047,28.18567271968432,0.02336448658136389,8.271685647843361e-06,4526.078,8964.201,14683.934,SER,14.495471
193.2462669530282,25.63321599266781,-0.0006257749565898314,0.0001090829026515751,1.8836259,2.6500955,2.7827044,PSF,0
194.7913013350246,28.16446691780515,0.02870359126581434,4.324472934419223e-05,60.583977,109.28278,157.43384,SER,5.2691617
194.925400008633,27.9430174860227,0.01873133089831659,6.454739783567337e-05,18.4954,35.28624,47.606163,SER,3.9907675
195.4701671308763,27.87117132548406,0.02531080502523515,4.711863114301127e-05,17.720407,31.775648,45.193005,SER,2.2333963
197.7775372301095,25.71768200646206,0.07859391809378609,5.072381326519722e-06,7.0343523,10.060829,12.258038,REX,0.74081385
194.919953956044,24.33424549271369,0.07512996511275734,1.381168335168219e-06,6.1659317,7.484162,7.9355493,SER,0.61770797
194.0917192385772,28.00517693182026,0.02391307583977996,4.991120379587637e-05,25.081455,47.893684,73.23354,REX,1.4920115
195.8895218911607,28.58274884787829,0.01889475793346122,5.952508075919835e-06,27.042084,45.678173,64.265884,SER,2.9754379
193.0142139924809,24.9365096528333,0.06334818454774221,4.063447605764949e-06,18.988829,30.348213,41.918884,EXP,0.89891994
195.1149043075901,23.83050309896188,0.07400404457799861,1.00181553578268e-05,11.037266,15.926756,19.190983,EXP,2.2711744
194.3001414064412,24.73187789823869,0.07167966964750119,3.865518783839101e-06,42.81931,67.68973,96.635925,SER,3.2570581
193.9258786119196,25.90946488525658,-1.364647475765565e-05,1.685997802853959e-06,2.850176,2.9047058,4.038935,DEV,10.6896
195.1355024556543,28.03373397492103,0.02094872228750677,7.01391897461748e-05,13.159967,26.997507,46.12915,SER,5.808712
197.6319678188296,31.80926104116474,0.05613657538205404,1.425933050862068e-05,28.259928,40.87899,48.65622,SER,5.021298
193.8798355279729,25.87458307976862,-1.771079475583078e-06,4.775271532193004e-06,1.0068675,1.0220546,1.4858272,REX,1.1960582
197.0644408042209,25.0298079599696,0.05353529116690351,1.737117616705901e-05,20.871843,33.919262,47.148792,SER,3.8310442
195.0132764005003,27.15403136778806,0.06064782939290633,9.516317563876396e-06,4.484364,6.9381843,8.174245,EXP,1.9164666
194.1766983689419,27.54825097110433,0.02538012260486925,5.609512158053968e-06,107.28419,202.98405,324.53662,SER,3.8899004
194.3270760671759,25.47642027762214,0.07726098090655163,3.007326837837101e-06,10.072889,12.153856,11.673731,EXP,1.5453982
195.8471680324602,26.17150930970258,0.07495889665333186,3.718729008931754e-06,14.83444,20.34783,25.156471,SER,1.9576447
196.0121783234883,27.36201799498941,0.04545371695951582,5.782444242116923e-07,22.485903,21.261229,17.878387,DEV,2.7615726
195.0204876283254,29.63250051055891,0.04110118644662145,4.445598990027681e-05,0.785894,0.81388986,1.1772097,REX,0.5092934
193.8801694151807,25.8720497759914,1.781997936347883e-05,4.395007247031436e-06,10.056212,42.86665,95.13267,DEV,5.7767015
193.691127565678,28.92599103783721,0.00786988268561286,1.122384348128942e-05,0,0,0,,0
194.939683812868,26.7952917179982,0.0004833527084161829,2.911188596646181e-05,2.2963452,1.3709502,2.64775,DEV,0.48321667
194.4470827946175,27.83334124083528,0.02022254944890162,5.671922883116626e-06,615.49945,1273.0214,2240.5095,SER,4.05868
195.9079145078407,27.61645753741293,0.02198152899186016,5.796898297735434e-05,12.4744835,22.320253,32.324055,SER,3.1337311
196.0536699550457,28.19358667411009,0.02141115699062606,1.073378933045403e-05,0,0,0,DUP,0
196.3435974026902,32.03486487648456,0.06687516018826806,1.912213920364207e-05,0.63677377,0.5559512,0.86820364,EXP,1.1540627
193.3560216467102,24.19761545043541,0.07235956046608093,1.943376021975973e-05,0.9927884,1.418453,2.5034578,EXP,1.1403694
194.1198134834383,24.00787669104743,0.07955144967967333,3.679018470906837e-06,38.367474,57.927364,79.73291,SER,3.921791
195.038152975765,27.83951382504385,0.01905665998363127,5.226649975994358e-05,22.640316,43.282238,65.80803,SER,2.8557856
195.1258022669613,28.1600754899512,0.02360962967290837,2.777937543418912e-05,75.68099,143.12448,222.2768,SER,4.1642118
196.1545331203769,27.55096933375477,0.06344469376880618,1.082005877507138e-05,5.176795,7.052071,8.373557,SER,2.3930268
196.1331277849438,29.17750247184904,0.0346160399696338,9.857189317855172e-06,6.4383645,9.955268,12.1733055,SER,1.5856757
195.6435618542395,32.26577093658855,0.07617722331942409,7.897893710335418e-06,188.17882,397.33115,716.5381,SER,5.713291
194.599562550339,25.13907605072402,0.07705969873068425,7.183656268167534e-06,6.387065,10.037734,13.761159,EXP,3.0597026
193.9692385060674,31.65137411994048,0.01778863659670168,3.148087315201849e-05,69.4962,98.04445,119.65412,SER,11.418303
196.2510231495651,25.86457255689296,0.06460298714533715,3.201515601456428e-05,26.12362,56.18442,96.5397,SER,0.9352297
194.7758388362211,27.62706241358216,0.02249996808398702,0.0001127809343724074,16.083143,29.867405,44.806744,SER,2.2232502
195.1377759904782,27.63625355534918,0.02522882198149501,8.021159318383762e-05,0,0,0,,0
195.4739080467527,27.62445099161463,0.0262241193562387,6.68073644691501e-06,4331.62,9211.044,16819.303,SER,14.66298
195.4307196090838,29.04464312569925,0.02379733970628976,5.276316103731624e-06,1982.2383,4123.96,7576.913,SER,18.73859
194.8161222052877,29.43747303292482,0.04791581551133422,4.170812382680545e-06,9.178266,13.40741,17.043474,SER,2.002928
196.4219154252556,32.03255709959532,0.02952901507565292,4.93455776171323e-06,58.90113,85.307205,106.99086,EXP,6.18753
197.1358942985016,32.01120343626601,0.06149192450254234,2.78314660160659e-06,24.956726,46.553246,73.20465,SER,1.3766211
193.9684464454867,25.86976607431408,1.876521399975696e-06,1.594474192829751e-05,4.984367,14.19938,27.288546,DEV,1.8379632
194.5248252785997,28.24121040683105,0.02446431143421883,1.068762174561473e-06,17.981842,19.143044,17.754755,PSF,0
196.4507783946925,27.73797934360052,0.008382643865932633,1.51789148557175e-05,29.7683,27.250095,29.300781,REX,2.0138025
195.6483837306403,26.66219580213836,0.02471982403767594,2.409103628746448e-05,158.30911,319.00696,522.36646,SER,4.2921214
195.0770111930042,26.9774713629923,0.07875973954668082,4.134283900304861e-06,19.627876,32.170307,50.592453,SER,1.3458616
194.0374830475994,23.66740601098627,0.0739383490904469,1.361895856896544e-05,0.56696314,0.7484801,1.1228223,REX,0.5061966
195.2787776348342,23.20813419785016,0.06845605184793618,1.029202262422364e-05,22.553211,30.34663,35.85999,SER,2.942443
194.2089517100592,23.99042508582181,0.06516154404371505,6.126462256221933e-06,0,0,0,,0
192.1637111249926,29.01849450682098,0.0007197551221971581,4.399844515764975e-05,30.872662,41.349514,44.15717,PSF,0
194.6435742264755,26.55014540649145,-0.001061988868010826,4.950156649932739e-05,0.68323845,0.8722899,1.2094347,PSF,0
194.7960466932169,27.07835713129941,0.03793398759728488,1.377788417509834e-05,6.4423,8.272642,9.796447,SER,1.2305735
197.238466941621,26.34581758557396,0.0779510378858052,2.82874125334205e-06,8.4790945,14.324994,20.017487,REX,0.31559387
194.1520036694571,28.94787015489133,0.06277985070483794,5.174890485153506e-06,0,0,0,,0
196.1650099466584,32.68323890216704,0.007859071431965932,8.168619480617362e-06,314.13443,473.89432,547.23926,SER,7.6887317
193.9540779606823,25.91679809688427,3.125625725902821e-06,5.692362455537523e-06,0.70535165,0.78642565,1.5598458,REX,0.21983561
193.9661471488491,29.22230466400935,0.06226286280131292,8.244796633637421e-06,6.4872417,9.468358,12.092613,SER,2.1082
194.4205997212755,27.12800531862012,0.01833799197291219,5.802233060824323e-05,32.956646,61.844044,91.674866,REX,4.175819
194.5101466697224,27.85050884179351,0.06556085521607505,2.283151817537284e-05,56.885864,119.645935,220.87053,PSF,0
194.9079536111497,27.90733878226241,0.02678249548171192,1.222345579075474e-05,0,0,0,DUP,0
196.3136579888875,28.41641053148501,0.02289890835382714,0.0001227638421046614,9.4976225,17.913431,27.09872,SER,2.1453881
195.2848904253669,31.52349052768683,0.05298008022627496,2.395397728277273e-06,57.3922,99.20742,147.85378,SER,4.9857407
195.8697588059454,25.44574556320401,0.02175571584171114,3.620505451431712e-06,247.69157,357.5332,453.8423,REX,5.413715
194.7993080387193,27.81692667224073,0.02097978328866747,6.266981374658954e-05,28.063835,55.22005,87.30248,SER,2.1129782
194.2474480862976,31.30462852340789,0.06772940956693115,6.962076439971562e-06,20.15637,35.99102,53.711117,SER,1.9095613
195.2663331313247,25.09948805255882,0.02569933514442818,1.53473292536379e-06,5.0203023,5.193876,3.9550788,DEV,1.7488999
193.6628409213033,28.93102292381819,0.00786472117194795,8.137060660950767e-07,40.278934,48.973476,32.05851,SER,2.5152
196.2407225790948,29.17083035281552,0.0002703821919980733,1.204108619677579e-05,195.74954,280.00775,321.5283,PSF,0
195.3242148615484,31.11302309311307,0.0003605973027984041,4.586155909784339e-05,15.967754,17.981186,15.965364,PSF,0
194.579931452835,27.76210973041895,0.01819393045637379,1.535568720797952e-05,207.10138,404.77524,656.88837,SER,2.9477117
194.4459996054111,29.14947857815285,0.02391927597260269,4.610575034213325e-06,558.50433,1108.5037,1957.1154,SER,4.239697
194.5942420267509,29.01323458122073,-0.0001699326132479557,5.727169289649212e-05,0.4355246,0.54534954,0.7670676,PSF,0
195.5038953250577,24.45787888610343,0.07409019378201555,1.380356545204082e-06,4.229352,5.100119,4.2906265,SER,0.77769053
193.8308090535148,27.05741146333953,0.0245082197149491,3.744029700381854e-05,39.113033,72.7697,109.68015,SER,3.9902575
194.6295255126342,27.89551338299621,0.02298736043291674,5.610368994539014e-05,38.992397,73.03377,110.28577,SER,3.1517973
195.8904079834103,28.23939009388687,0.02736394615429218,3.757386952345287e-05,106.4948,181.7834,257.41125,SER,4.9812207
195.6992350588728,31.63215905444502,0.01026366585199348,7.018137967249038e-05,0.46905372,0.3437133,0.8684009,REX,0.34959942
195.668074822798,32.18615078167816,0.05278971005106387,2.001658156406495e-05,0.4088763,0.44973242,0.5763103,REX,0.34363848
194.0638199624963,25.36540840988141,0.07298011152215358,5.074941767514983e-06,0,0,0,,0
193.64285098048,27.63415875503826,0.02774536242755374,2.593996670478252e-05,30.442211,42.808983,52.67154,SER,3.0709543
194.0613467883387,27.50442277771451,0.02530327587006088,5.933979790343948e-05,0,0,0,,0
195.4078754689458,27.90121995623395,0.04899982406410124,3.753958476909011e-06,6.797983,9.843748,12.168538,EXP,0.6344431
198.7565906363457,25.35624987384106,0.04265986089204536,3.268636862931131e-06,11.307647,15.980743,18.780554,SER,2.3904347
190.2736793485856,28.56964945752957,0.0003842417391529562,4.215439578489894e-05,25.57852,40.998207,48.93646,PSF,0
193.8955938866513,27.40438319963048,0.02251131605243648,8.19205390636341e-05,8.180931,15.551965,22.509804,REX,1.8443999
194.3244504899652,27.81253183782847,0.02355629618237736,3.16058815371219e-05,0,0,0,,0
194.6639773805608,27.95259866161855,0.02013460904662025,6.589094587636505e-05,0,0,0,,0
195.0944033729628,27.96523320969776,0.02150494659387682,4.962635171319968e-05,16.809797,33.40624,54.453724,REX,2.3038187
195.2132038680671,28.04711241121796,0.02124892710198351,5.273192023986676e-05,102.58798,202.33461,332.86957,SER,4.97943
194.5405349332545,28.70696129404452,0.02548288007573639,2.869596686378974e-06,43.41588,57.069714,59.391697,SER,4.277167
195.8503360505815,23.68203318184255,0.07315264738003346,6.796859456677561e-06,0,0,0,,0
193.9177824210725,25.94032381463807,-1.285277678776027e-05,5.056454308531193e-06,0.41766807,0.3726472,0.6351407,REX,0.30938977
193.6383065259979,27.63275185430525,0.0243895134935124,5.895085940979718e-06,639.63153,1463.0941,2947.177,SER,9.63337
193.0583465648641,28.42672174971892,0.021669201841492,1.635163719040498e-06,14.091939,17.391546,19.195757,EXP,0.7675988
194.3353316921958,24.97015659662164,0.07907810999447874,7.124086986822235e-06,14.589335,23.284956,31.392298,SER,1.7740376
194.7385624359199,27.75226458694219,0.02303351609873851,5.632738850478718e-05,10.541992,17.65002,24.182066,SER,1.4527372
194.0466653305544,32.38952652534148,-0.0002966009882564005,7.169290702882823e-05,2.7521598,4.3127584,4.908186,PSF,0
194.940126736186,23.14076228842666,0.01926990312338815,1.470022479622685e-05,51.700836,75.61428,96.94226,SER,4.6312137
195.326566043677,24.12555288097033,0.07364006795577628,9.355943350325736e-06,71.990036,123.94879,182.00906,SER,3.981667
197.8206428144783,26.46473270133978,0.0762154362621483,8.764058594800433e-06,5.082548,9.984656,15.530519,REX,0.3209573
195.7555963246471,32.77601278626781,0.06692659527010088,3.106348896695354e-06,0.75518453,0.9208407,1.016699,PSF,0
195.4501744547795,23.39146109375476,0.04799547447979836,2.667845703374776e-05,0,0,0,,0
195.0602406391122,27.28065540318203,0.03705285427157023,3.871877651799124e-06,390.92734,620.27,884.8415,SER,6.018691
194.8697372108203,28.04054325793638,0.01874392540602239,1.518939260320819e-05,372.27365,781.0064,1383.6498,SER,4.5759683
198.1253277689792,26.55540958810123,0.07666561027453367,1.25937386384645e-05,242.71317,406.36978,620.61194,SER,5.55121
195.5184539578447,32.32951246826592,0.0704588447294729,9.438379366778328e-06,6.708932,10.120284,13.125395,EXP,1.4366122
193.2037739986442,27.40183932420998,0.02578203683719175,5.051613583555224e-07,653.00775,941.9037,1192.1093,SER,4.9435973
194.8777297795289,27.7914196810272,0.02594940583058569,1.4052797335107e-05,303.11768,620.4149,1050.9539,SER,2.6654415
195.1656748634592,27.92395406487491,0.02504998100047165,1.502804444940457e-05,0,0,0,DUP,0
195.8908822029653,24.81270243551403,0.0743847848364913,1.424355170248683e-06,6.381843,8.404476,10.950797,DEV,1.1494039
194.5765868937599,27.31205742388457,0.02430669227029832,4.105511733703989e-06,0,0,0,,0
195.6158255178964,29.48759575768995,0.02360889746166114,1.811889316277744e-05,125.25465,249.61475,409.21027,SER,2.396558
195.9690092043534,32.23439084838054,0.07607651720526014,1.081908307622262e-05,33.675583,39.72314,23.751062,SER,11.277959
194.0431832776848,32.82127505884274,0.07373883434233262,2.970518544948634e-06,68.90672,102.49242,131.21767,REX,2.300497
193.856535366518,25.83654998566445,-4.998148923792216e-05,4.483340597579132e-06,0.45627788,0.49894002,1.250652,REX,0.33060136
194.5352639061164,25.71962951763666,-0.0003675767420738499,5.34224897894731e-06,23.195621,27.882778,27.068897,PSF,0
194.6361068805629,26.59482067289216,0.02333134357622783,0.0001576559839182296,3.9508927,6.589675,8.812816,REX,0.9642972
195.5360875354227,28.3870949393111,0.02534774060711454,6.378764805237445e-06,1150.5576,2467.7834,4621.0967,SER,7.358262
196.0810585687109,27.30765699139988,0.06943377017522132,2.435542615895756e-06,60.343636,88.67938,113.38039,SER,1.8346847
193.2500620127768,24.39979099337306,0.07000191108505033,3.460755455097115e-06,0,0,0,,0
193.0999458313496,25.48452868746851,0.06561190114753646,1.280080016271563e-05,5.88812,10.734238,15.835841,DEV,0.65199625
194.4279323865245,23.66778935353659,0.07397684542205059,7.019879231212942e-06,92.768234,198.39198,368.77713,SER,3.7009034
194.6559426340198,24.15735296693228,0.0764128128888,6.496792163632981e-06,15.076541,21.815042,27.674343,SER,1.3948021
194.2214241785846,27.92949332971979,0.02049332159815115,3.849404058335174e-06,0,0,0,DUP,0
195.0344324829114,29.16404697103669,0.0618233707522772,3.269510987730145e-06,22.869524,39.873417,58.850143,SER,1.3441552
193.2815226030407,27.03815762169063,0.02546867956083515,5.62283195441448e-06,314.2415,649.59656,1106.9888,DEV,7.899769
193.6988053896921,27.34023550902121,0.0401295084320116,1.270168489142808e-05,412.76794,843.2797,1451.2092,DEV,7.93876
195.0533892403236,27.8300219666179,0.02046493194243013,6.968448780415444e-05,9.5802555,17.880714,26.500956,REX,2.338325
194.9860906901331,27.93004387757779,0.02577661266895224,1.616815216018389e-05,500.25302,1054.9541,1808.4883,SER,7.66318
194.5285417984358,29.03454574498166,0.02421375158385364,4.833912032118817e-05,187.86528,335.01147,503.42322,SER,9.801436
197.9763177357288,25.03116439881447,0.07173765338452194,1.240931473063932e-05,250.21913,550.39044,951.41583,SER,3.2407238
193.2415491120898,28.00410372817419,0.0680161706169823,2.799471102790143e-06,8.947723,12.085561,14.077869,SER,0.69688135
194.9424993460167,27.80697604528751,0.02794328116641129,4.248629027980257e-05,34.70987,49.440403,60.51659,EXP,3.2590377
195.684988879414,28.04533587718967,0.02081498567343075,1.150028445658981e-05,0,0,0,DUP,0
195.9609548670373,29.18285502571512,0.06108148622725148,6.695149884983431e-06,6.0837755,8.653942,10.24933,EXP,0.98239857
196.0114549576664,28.30894217822794,0.002496965799724753,1.009967745651595e-05,228.67592,331.1055,418.90442,SER,8.293086
193.8533037042304,25.64177025567705,0.05959281433259356,2.106528286361899e-06,132.47112,196.13794,259.87918,SER,2.027763
194.557159771645,26.01415880944141,0.0003489367327211996,4.453876881372668e-05,7.41452,12.241348,16.914497,SER,0.63957816
195.445954030286,28.09498545432778,0.01938839581092983,1.183582701996128e-05,0,0,0,DUP,0
194.6746081446905,31.59645676737553,0.07876119780126155,3.454872803002654e-06,20.107723,28.44744,35.8674,SER,2.210438
195.6285502951541,23.98762987963605,0.07209719527670276,4.832113322201069e-05,30.587011,65.274284,114.374664,SER,2.2929842
195.3385049230986,28.19884861547208,0.02621928613988706,4.744043129048401e-05,23.639574,43.073326,63.921043,SER,4.402197
194.8020593673314,28.64073098036564,0.03432191840789257,1.354825597565596e-06,9.200681,10.433723,10.860793,REX,0.5373191
195.8688303811713,32.86567967382135,0.0669116086331646,2.443521644060184e-05,101.22222,234.14526,429.051,SER,1.465345
196.1645709632106,24.74150453527693,0.0218497021363889,1.205239117291046e-05,12.555769,15.725592,17.541786,SER,2.4293685
193.8853590854957,25.87582592793506,-6.891869046563474e-06,3.465989845289832e-06,0.8223662,1.0897346,2.199983,EXP,0.64334387
195.3024163771961,23.54959016426998,-0.000498900431749562,6.167234986669841e-05,0.74273974,1.3955333,1.9846668,PSF,0
195.548840289074,23.867516890863,0.06080854799176658,7.763319740044283e-06,62.43373,125.15345,227.2304,SER,4.47505
195.0918740272405,24.40912382697561,0.07283217370805709,6.788847272114636e-06,87.04817,148.10423,220.50032,SER,2.5578706
194.717096717106,27.78510676629753,0.01893333744597479,1.121293439716795e-05,0,0,0,DUP,0
194.8555667895779,27.96791814959313,0.02568163492340037,1.321881908112804e-05,362.9278,772.70715,1376.0613,SER,4.74142
194.8608173082953,27.99847470968777,0.02234326769802292,1.294361475151533e-05,283.13776,583.9295,1010.581,SER,3.4250271
194.7662772328131,28.12369666414575,0.02643586521976503,8.975937682656845e-06,2443.9521,5347.5444,9964.11,SER,7.818141
195.3952439876396,29.22036706936783,0.02532843697488634,6.199663545533795e-05,14.817797,24.32414,33.313362,SER,2.889942
196.0282284893152,28.72661478875762,0.06141425661171773,5.91171443524809e-06,31.301546,63.54453,106.14184,SER,1.3355771
195.8027382202844,32.66207895086126,0.06657955535497777,2.336411997756747e-06,28.579845,42.697292,52.417233,REX,1.1800717
193.406243458113,23.8969536274209,0.00366156166607467,3.142880073412628e-05,49.564438,63.75597,76.59849,SER,3.803718
193.2452459430274,24.40200459434587,0.07135509542694249,2.727178682449701e-05,0,0,0,,0
195.7860399674657,25.66703956412582,0.0661502355052911,2.262191273613077e-05,0.3399038,0.57589465,0.4647313,PSF,0
193.2978756976657,27.83775994443802,0.02312076784375156,2.421843392135484e-05,43.537304,88.30693,143.16884,SER,2.5510454
194.2693250692386,28.20875956053871,0.01706045396360465,2.224454273661694e-05,0,0,0,,0
195.0431702635038,27.95907530284793,0.0211539945881704,3.983716740339987e-05,100.77174,195.48859,303.59686,SER,6.801648
194.9282940174885,31.36770582040071,0.05241882639587856,8.399833366537713e-05,5.7187033,12.127408,20.386316,REX,0.4550808
193.2921771703832,25.27830755177779,0.00362686322336277,4.168546001791166e-06,711.67755,1096.4148,1453.7646,SER,6.5538125
195.9180098263034,23.6313014156613,0.02462048788752409,1.120556381506976e-05,12.709277,18.411583,23.276493,REX,0.914825
193.4122916268952,28.4459686895831,0.02295633382894503,5.588994492704459e-05,41.432983,77.36871,109.26185,SER,7.280286
195.4039892928915,25.7894715736986,0.06612024954747606,1.487248118649187e-05,50.863037,113.263374,198.58519,SER,0.99194574
194.7727462951169,27.86752197075256,0.07495181139326192,5.849599978424046e-06,6.0867906,9.332739,12.775531,REX,0.38110808
196.0948823495378,27.65345883249839,0.01601852924013979,3.663151061136949e-06,39.2991,60.07206,77.99224,SER,2.9993875
198.6315023154775,26.47604649614578,0.07077472120365125,6.105920238792028e-06,12.500834,22.03049,33.09993,SER,2.2912269
196.1176116128264,23.57510037525055,0.03144425259786625,8.85926117539772e-06,811.57996,1444.5695,2275.57,SER,9.689114
195.4210162188804,24.61713860676448,0.07705966706305856,4.280799246100061e-06,9.284103,13.076317,15.989246,SER,1.0505157
193.5300022535566,27.15778963454768,0.001209303387678501,3.434268591243317e-06,4.663391,7.375245,10.729657,EXP,4.192
192.4638819993665,27.78042947041452,0.03280281152046793,5.936908788670862e-07,11.497825,13.130319,13.224249,SER,1.7331053
194.9230606056514,26.72825116697797,0.02299603002410815,9.003498112318415e-05,44.871727,84.53338,122.48428,SER,4.7994566
194.1751036537305,27.06099244508298,0.02501058342475888,2.730605124417222e-05,17.384851,32.766872,49.926964,SER,1.838108
194.9139032237185,27.51890345837822,0.01959672959739349,0.0001416982371273879,15.5133705,25.909328,35.474533,EXP,2.91918
196.3571444465446,23.21647530890592,0.03430513674574925,1.493221522713831e-05,0,0,0,DUP,0
194.0082656670243,29.26359088022842,0.06794640852887451,3.008128923738481e-06,146.85356,230.4396,327.72946,SER,4.7739997
195.8554798975402,26.84378394111629,0.07652916101510562,5.553510078787644e-06,16.455019,24.388512,31.063797,SER,3.4234457
194.0457993491198,27.37137404018733,0.02515948944837333,5.950240824772262e-05,5.831655,10.657638,15.889648,REX,1.0466261
194.3849528818151,31.86089452458723,0.04276657553868546,2.797556269545649e-06,15.468913,21.407024,24.204247,SER,2.2485929
192.9060310581818,24.98167755488366,0.0777709731413536,6.365994518139509e-05,1.0871785,2.1639056,4.2960258,PSF,0
195.8226225815347,26.06017440838107,0.02493003720973079,1.132626589679152e-06,143.14825,221.01974,299.8439,SER,5.3609915
196.2422871105598,28.14163765360769,0.02519148897317829,0.000106541169088707,11.08234,20.566132,29.792622,SER,2.4868176
195.013019338266,26.89122141317799,0.01912651210381008,4.484365211182492e-05,0,0,0,,0
194.5065474831243,27.4896840465128,0.02551101756838278,1.996809270111911e-05,0,0,0,DUP,0
194.9996399081297,27.9893964871176,0.02190315039688786,5.457942660522079e-05,4.7031717,9.932482,17.179588,REX,0.46870708
194.4329090402969,25.11883449975955,0.06050363624047141,8.265653311488514e-06,30.490702,46.236916,59.286594,SER,4.249754
194.7575129457985,28.22534607663499,0.02681975998714763,8.972299674836002e-06,1189.7599,2575.676,4705.2305,SER,5.8802943
195.3136339860444,28.03903167447129,0.01885974903925645,5.283863262551353e-05,12.430805,23.364162,35.40481,SER,3.3632503
194.8949195615772,28.53729001747731,0.01971913324315691,5.125877784701482e-05,49.92208,95.09775,149.47456,SER,4.7117534
196.2606069853607,28.73901389464857,0.02790491259741426,7.819550935468346e-06,448.0638,907.3769,1547.9159,SER,4.5718694
193.4124199393516,24.44044601950629,0.03072862286664104,8.970912313294445e-06,1.7722914,1.9987881,2.3260667,EXP,1.6484978
195.0151692334696,24.29137570026898,0.07249663049457183,1.095729629194561e-05,255.641,589.36816,1072.1378,SER,4.591604
194.247091162579,24.98602590646648,0.01053337734718303,4.722377839468235e-05,0.38109553,0.45424396,0.7944641,PSF,0
195.1090503945017,28.00890508032617,0.01863549552765943,8.363946184145041e-05,34.53656,66.52712,103.962975,SER,2.576826
193.9490472291636,28.25616645684515,0.02706947590224964,5.153768672312128e-06,303.18158,737.3207,1545.3025,SER,7.6062837
194.4714144055763,27.70730523105576,0.02159541267608888,3.640756497136261e-05,170.05676,339.2687,563.6117,SER,12.134688
195.3771484257237,28.79429533564221,0.06204750600148891,8.384448697501711e-07,8.861923,9.494811,15.094064,DEV,1.6094261
194.3590385159457,29.76259295378391,0.01999066181550556,7.897044717410736e-06,12.1425,16.144823,18.844791,SER,2.4505332
197.0287226429959,32.37542830389651,0.05140817050328689,9.226174607307506e-06,16.44268,26.105257,34.972008,EXP,2.914235
193.5236812099821,25.57432450864121,0.06402873068655304,7.404913258467694e-06,8.552166,12.045803,14.857889,SER,2.6428988
196.2598300909975,23.99923612918035,0.03094744220047603,5.793406119686721e-06,18.245598,25.240368,30.90304,SER,1.3335872
196.2450015621446,24.12303534035168,0.03921428786429335,4.188620970515974e-06,517.1633,879.5376,1311.3926,SER,2.5185125
195.2039189441305,25.02465215130252,0.07999984373118109,5.835020716150133e-06,7.490965,11.871136,15.842095,REX,0.8881906
191.9804924966029,27.22234294171116,0.02660369289824104,3.401025310428084e-06,4810.4355,10302.669,18478.027,SER,13.805896
194.8328787507188,27.06231550222488,0.03953412014897885,4.053292403294527e-06,5.1428785,8.034272,10.440051,DEV,1.4098029
195.2931614676118,28.39533242865488,0.03075444005109808,6.228540943866478e-05,14.429361,25.971388,36.294094,EXP,3.1806946
198.0563769110699,27.26074783767709,0.06010377868506114,1.786477901433063e-06,25.546114,35.534046,33.705086,SER,4.4163327
194.8009095143032,29.64724044571608,-0.0006342887723226608,5.671674761051759e-05,17.18354,28.657703,35.92013,PSF,0
195.6906116579327,23.94101223826744,0.07560975036105802,1.503482421292675e-05,145.16748,326.34277,609.5219,SER,3.0143592
195.0862535747776,24.51714057621908,0.07717481039683091,5.112468521145441e-06,2.7216325,3.946941,4.6520743,EXP,1.4123518
194.0149905473448,28.43478569948296,0.02282570464055465,2.096167567938643e-05,0,0,0,DUP,0
194.3384631243923,27.49191433575023,0.02641017994642456,9.278539127612356e-05,0,0,0,,0
194.6975613146496,27.67470769828514,0.02794509936487224,1.141193161602866e-05,1798.8729,3776.8672,6689.3267,SER,13.43617
195.3116815364117,29.14299533332261,0.06159041358415176,7.522610328557777e-06,58.907566,114.673706,197.42395,SER,3.9797635
193.0705194039953,27.53069396292265,0.01815591903755742,2.419831401743664e-05,44.555714,52.571922,62.43679,EXP,13.8336
195.3784929040635,28.55778492449356,0.02296884826097099,6.240989359518116e-06,125.53218,185.2767,229.88998,SER,7.700134
194.8446904454941,26.02618906979638,0.02020882654816777,6.373864412849418e-06,404.32767,706.99854,1049.6816,SER,6.18648
195.0749561207649,27.38598222929218,0.03669011412978428,7.606783991794489e-07,75.43226,115.4005,99.51111,DEV,3.9544065
194.8159475366675,27.88602169373189,0.02202261974299753,4.952687015354503e-05,14.916835,29.077087,45.09998,REX,2.0565593
195.2548336088846,28.78849308974173,0.0254967163829193,7.176650797315966e-05,30.237,56.199306,82.87358,SER,3.1809077
196.4967437577006,30.99117080197662,0.0250592525384822,9.752624975919945e-06,0.98307407,1.2078769,1.5158043,REX,0.45664865
195.9451372065867,24.40378619570557,0.06571775729206482,2.543023165970694e-06,31.846363,48.385914,64.96865,SER,2.1392474
192.086611826343,32.0100923528372,-6.414481272404525e-05,4.12533823351219e-05,0.9710299,0.598623,0.9092439,EXP,0.9200845
194.8235812142145,26.725109717227,0.02253065761177981,6.823169255225445e-05,10.084671,18.076817,26.607878,SER,2.6080852
194.1443109463123,27.22753431224893,0.02404810121353608,5.629901051691332e-06,445.14966,797.465,1229.7761,SER,6.3362594
194.8200264730567,27.53324374064596,0.02613191015549667,8.04631713211588e-05,43.185482,76.48395,112.759995,SER,3.8333905
195.233517015381,27.79083393559372,0.02657989930696872,8.760573132480828e-06,4448.714,9054.119,15915.944,SER,18.844858
195.5900817123394,28.88201360571401,0.03515847947531554,1.913183541315531e-05,9.011986,11.567796,14.024063,SER,2.6167004
194.2052050402601,25.92065178264367,0.02097451470552029,3.536804811513547e-05,9.685735,17.70292,25.8494,REX,1.6688391
194.5137014935008,27.64204375858422,0.07060698079750463,1.193718003509786e-06,27.898201,31.956924,34.64002,EXP,1.0185374
194.4673225357244,27.69773042044865,0.07026431579790134,9.837644437445736e-06,11.950065,18.726418,24.55249,REX,1.4443932
194.5251474791592,28.24017217946662,0.0246962007541175,7.806346048080191e-06,397.10837,398.0122,361.7496,REX,6.0784
196.0347326992917,27.77456281554504,0.0005828987830138956,7.120958669929574e-05,0.8758374,1.0681314,1.3817292,DEV,0.48619178
194.8569824234208,31.2648590321128,0.05152457299013334,9.949089681977066e-06,25.363998,37.90478,49.021004,EXP,4.281161
195.2493569186971,24.64299907015278,-3.509230420053539e-06,8.565472807741685e-05,2.07103,2.0090613,1.6884336,PSF,0
194.4896802302646,27.41364343964838,0.02575806034150789,6.735869159510859e-05,19.790129,37.542664,56.389015,SER,2.4959676
194.1635769940948,28.32369635996024,0.0781975899656287,9.383297620225653e-06,9.192038,13.201619,16.12965,SER,2.0993233
193.9486418511381,25.88640702748063,-4.611338218978578e-05,1.055282315926104e-05,3.177963,11.692623,25.537209,SER,1.1095805
195.1373610379999,27.90184844513416,0.02191205667833514,0.0001462256648911956,9.07541,17.323576,27.92231,REX,2.8459475
195.0417125895142,28.17579956684194,0.06599856120760893,1.595493917946821e-05,14.839426,20.93268,25.511305,SER,3.884076
193.0329662189554,26.11909181868562,0.02542397769998431,1.905063098931071e-05,4.863781,6.709758,7.342304,EXP,2.6932137
194.6229323621742,28.30122787345552,0.01969379444353266,1.308993680408053e-05,286.95905,552.2155,927.8724,SER,5.8229523
195.0356959269767,27.39667297932176,0.02031542790061485,4.256985694326084e-05,14.42235,23.384712,32.078896,EXP,2.1865373
195.6607698887087,27.72302024682352,0.0233446936663531,0.0001002633233968039,20.679462,39.157852,57.879932,SER,3.335559
195.2028416408664,28.25431878257692,0.02105731355175916,0.0001516218429050135,16.811474,31.4297,48.61437,REX,1.9265567
195.2052055259117,24.35246863213186,0.07785509664037671,4.316082079715876e-05,10.414356,21.670609,35.73285,SER,0.67360187
196.0905655736257,24.42774314839104,0.02487672436657332,5.917400364381127e-06,0,0,0,,0
198.3925590867186,25.14652063314967,0.07198740428626486,3.528956900806034e-05,24.404518,50.557465,82.816185,DEV,1.1058557
195.6651190431695,25.89114991284218,0.07222266453423815,1.49278754373256e-05,31.079462,50.601433,72.94782,SER,4.85718
194.4027328580157,27.15634971210896,0.07012280611774988,2.787959153016274e-06,0,0,0,,0
194.319933901985,27.61846392862605,0.02420894399256399,1.289287682962469e-05,363.88074,772.3131,1359.831,SER,1.7305069
194.5936995221412,27.62637642466684,0.06868577622113073,1.065824546134133e-05,2.5907774,3.2435682,4.5110965,EXP,1.7467154
195.3430952695763,27.33255827345448,0.02193908969618593,9.862622401330128e-05,19.771875,36.864433,54.91882,EXP,3.9902072
195.0536538495855,28.07555201190722,0.02503363833342385,1.761051759192586e-05,0,0,0,DUP,0
197.6998798570655,26.00102861432467,0.05734502553586096,4.981529056895166e-06,21.479233,25.545294,27.317728,SER,3.3878758
193.2079208047812,24.05765938274556,0.03797592446590481,1.815965504239901e-06,47.534897,62.47116,73.4367,SER,1.2244924
194.4392440178603,27.7714643819971,0.02252231349951097,5.828880340548056e-05,21.957468,41.41478,63.43592,SER,2.8306112
195.5422714482129,27.46614077991961,0.02318376233633435,6.655871046531484e-05,11.796665,22.053463,32.274982,REX,1.9182026
196.3020949788454,28.1524493608306,0.02177061172928574,3.069894756894004e-05,0,0,0,DUP,0
195.5197906443558,29.24888415936012,0.02346851600150189,4.187691566469273e-05,0,0,0,,0
196.1170581459974,24.10574098141453,0.07426386650368223,1.670132777354754e-06,42.039726,78.59054,125.06336,SER,1.293268
194.0253521084157,27.67747906791697,0.01625146957422629,6.546861044469998e-07,44.683926,59.606236,49.148193,PSF,0
194.0829006138538,27.21618708367481,0.03997852731283351,2.355969165362651e-05,9.910829,18.255941,26.703718,SER,1.0090153
194.8828942181715,27.86129064182015,0.01558470166584002,2.997249150971578e-05,61.414043,120.85749,193.41534,REX,1.6196413
194.773306137061,31.42286278800408,0.05224188638916612,3.084315147680285e-05,39.35732,85.139145,148.63141,SER,3.8053126
195.8812709737473,23.89079176631841,0.03074709811800589,4.477457371025294e-06,1.1215802,1.4130559,2.0361457,REX,0.46272174
193.5062672696205,25.96800707534777,0.0005162356217470938,9.093649661992518e-06,30.730227,50.7926,63.5134,PSF,0
194.5942312347723,26.79134482249339,0.07015677596730525,1.155569655585193e-05,0.3819832,0.2764276,0.45055673,REX,0.22717425
194.5090710408215,27.18001039942065,0.0214264563093802,5.349359948263511e-05,8.511258,15.575782,21.571297,SER,1.6417339
195.0924951132636,28.24710822113533,0.02508375843424396,2.668846995251427e-05,100.76459,200.26659,330.4255,SER,4.161267
195.8777254512677,32.08211501481958,0.07683536391996587,1.737624918124624e-06,196.48984,394.77124,650.5778,SER,1.4426461
193.5231985260831,28.2327890635098,0.02423544692394913,6.318489449346626e-05,25.776026,48.710804,73.01958,SER,3.2499578
194.2084407917846,27.88221608544621,0.02123085461064127,8.848923473405958e-05,17.48174,33.771786,51.72868,SER,2.1960204
194.0397916730174,28.31088334529316,0.02638560409913719,1.172353717895738e-05,371.6871,757.6291,1272.8564,SER,6.1179934
195.1931732824913,24.37018332290708,0.0776944535781009,6.851410023863008e-06,58.640686,88.53804,119.15155,SER,9.289903
195.2220623265895,24.51982195542772,0.07406392856513917,6.038135164424497e-06,6.3682084,10.794089,15.581569,SER,1.3424891
198.1200633517698,25.26725507527638,0.07125331139854209,1.602853122519042e-05,82.56218,187.87294,387.26572,SER,6.8967457
198.4387457015248,24.98241290571984,0.02415714466239552,1.331008737110815e-06,1874.5042,3745.8613,6080.553,SER,16.454363
194.3051280880718,27.41034138636902,0.02452827382046014,4.333111486115281e-05,20.05982,36.90436,55.357876,SER,2.2518206
194.3316470323075,27.61377901104954,0.02596790522167129,3.859781318058442e-05,106.720406,185.39423,268.63895,SER,4.7627444
194.7276375206253,27.79564426496274,0.02163135873864396,2.883083916686759e-05,173.8849,355.59116,594.4867,SER,4.3617053
194.2928837850217,25.47881489977841,0.07700677462226112,7.109526085990565e-06,28.378298,53.715202,91.60203,SER,5.267888
195.3853842812856,25.521927228456,0.05292769345935628,5.226508428908912e-06,0.5377156,0.74797916,1.1844867,REX,0.5726351
192.5442852084618,27.8498393560759,-0.00165206663407042,4.144920378421395e-05,0.35254058,0.35696307,0.17275065,PSF,0
193.9541658437029,27.90585895034149,0.02317467549996928,5.064114095782069e-06,0,0,0,DUP,0
194.1443789756495,26.45522082678879,0.04530170853854387,2.365272426932499e-06,181.66756,390.27774,758.3036,SER,5.616674
195.0177745457875,28.15509819943815,0.02197255266986385,3.045932432207359e-05,83.51474,165.32523,265.74744,SER,3.3905618
194.4297971298239,29.00419987036506,0.02335678499195187,5.42914324938071e-06,0,0,0,,0
193.091934574691,28.06610678059039,-0.0001253677258766513,3.560326345988724e-05,28.805815,37.307785,38.722637,PSF,0
194.8653863072959,28.02936892138157,0.02606444973672692,5.365917591957619e-05,6.662192,11.781267,16.822945,REX,1.1268249
197.9707603524361,25.93370987242071,0.07092778182149936,8.663962657844997e-06,34.880596,74.354385,127.34371,SER,1.419157
194.5787570178945,31.28234913127915,0.0265107120257893,2.956255319654777e-05,10.73826,16.800041,21.727201,EXP,1.9213878
194.4979088568978,32.563497329872,0.06677986596488701,7.166404982004367e-06,0.7442977,0.9213434,1.188299,REX,0.48116273
194.7153884747578,23.61274639460834,0.07388982708230471,2.94411562704593e-06,18.838503,33.753056,50.670197,SER,1.8313427
194.5416683842598,25.07804039902136,0.07716005278477149,7.302495435604477e-06,6.7476244,10.315321,13.317306,REX,0.5265472
194.364460027393,27.50367983554863,0.02429204627704658,4.374334795103673e-05,0,0,0,,0
195.6202900514976,27.25208257879144,-0.0001364615611159848,2.158785664435362e-05,21.543556,70.60602,154.7964,PSF,0
195.5247130643811,27.47921829132286,0.06743386930483165,7.299137166597649e-06,9.3237505,16.186293,23.019012,SER,1.5489739
194.489836766916,27.92486496597412,0.01871052286504658,0.0001002665333277039,20.132689,37.77304,54.725716,SER,2.9713237
194.7039303566603,28.54000452798343,0.02090187751987377,3.403127958155345e-05,79.19486,152.1166,242.94252,SER,4.107759
195.1341955952698,24.31308654005167,0.07441930493352542,4.115410794054102e-06,19.264992,38.652866,64.02468,REX,0.8875279
194.2544849860324,25.33652601646082,0.07879848721896522,2.331197888540015e-06,71.870735,118.881935,172.17201,SER,2.8218699
195.6403284536823,25.86984799433707,0.07191695532932027,9.49533073578722e-06,9.443631,12.564462,15.987185,SER,2.6657937
194.9172944442438,28.63086751544175,0.01782881524561038,1.182265204359235e-06,682.8593,889.8639,1076.1826,SER,8.002454
196.2531407353177,32.43791128109133,0.03666758356610318,1.458220489725529e-06,13.743113,16.44765,16.78889,SER,0.7021778
195.9049400478922,24.52962403129918,0.002892856121075065,2.034428851358648e-06,0,0,0,,0
195.6597796790388,28.45568930865816,0.01852868951832,3.015779316023556e-06,24.689865,31.18806,35.406353,SER,2.2735548
194.7673610165252,31.33446191655111,0.05314020685836875,0.0001260362162726074,18.668415,37.339058,59.99118,SER,2.1631515
196.3135591951182,24.85878314985187,0.0602979943876854,7.958527710594409e-06,13.366037,18.355558,22.227379,SER,0.8481668
193.4450770478265,27.48752421581588,0.01696455033960877,8.535199987104611e-07,99.64388,144.57019,185.54218,SER,4.738676
193.5106644008498,31.85833031534958,0.02312283253224291,5.151868800519708e-06,17.938982,24.444967,29.373,SER,2.5711799
194.4478191982073,26.78594989154183,0.02518134483688187,1.515220724987078e-06,6.293609,8.436114,9.892421,SER,2.0074914
194.8283496394463,27.22972022415175,0.06112344988284815,1.483058286651877e-06,29.039377,40.508686,48.675945,SER,1.7029464
195.5995856914227,27.97873190637393,0.05789782848783893,7.089690160746095e-06,3.2908812,4.6823583,5.4848843,EXP,1.5707245
194.1461040769702,29.74740130149171,0.02384665478742328,6.969703286658798e-05,104.86753,179.73174,252.07138,SER,8.414197
195.146521883276,23.69937508884291,0.07369978086742898,1.210344695491103e-05,10.676474,16.396545,22.003792,EXP,2.2935948
195.3842535395052,24.30529908195495,0.06910547374323832,2.1367095258672e-05,0.33972993,0.40721038,0.50662893,PSF,0
193.8306638766691,25.91175590434031,-6.010507370783108e-05,3.2723760255877e-06,0.31897616,0.36439627,0.6871087,PSF,0
193.8577796792806,26.94654145489101,0.06926739100099681,9.780617010773418e-06,125.15018,239.68733,399.47235,SER,4.619709
195.6513874452752,27.01617534519981,0.03571279905399304,2.219435362746851e-06,49.006336,68.38699,80.90162,SER,2.302803
194.1122761795898,27.67560245442943,0.02409187067294634,5.027984665392337e-05,11.973047,22.85177,33.62319,SER,1.9585664
195.0766737828721,27.38991392435088,0.03704142879704549,2.435077911936745e-05,0,0,0,,0
194.2821375699992,23.49751371594759,0.0187443083233816,6.637358826215688e-07,18.660028,20.748793,21.533892,SER,1.9440386
194.3513398394521,24.76454858384901,0.04908826272955984,6.437559150288495e-06,0.4969844,0.7177062,1.2680981,REX,0.5399941
196.2362537359551,25.13754948433188,0.07393470756103022,2.358551265289108e-06,14.452198,19.594076,23.699823,SER,1.4146658
196.556878727756,24.95044754435895,0.07887814750207142,8.64873695759804e-06,10.178909,15.7175665,21.885351,EXP,1.623361
194.0849164164495,28.05081309700758,0.02536595607039713,3.910635609128083e-05,74.24246,145.35078,233.65251,SER,3.2896261
194.5611187115953,32.6726384933718,0.02226401921524674,3.905257183880807e-06,85.50734,131.30228,161.31212,SER,7.0169244
193.8530342317495,24.41318372670703,0.000513036017483375,3.619120114870165e-05,1.336771,1.8441269,2.8854818,PSF,0
194.9843002752748,24.37461945627176,0.06941110276935042,5.945164946737901e-05,17.510635,37.17266,63.494694,SER,1.0530907
195.2079991311614,27.40581597589031,0.02198767710094661,1.406269104180064e-05,0,0,0,DUP,0
198.9925686004921,25.80754829408371,0.0005308853401440172,3.775929447965854e-05,22.001831,28.497091,29.969194,PSF,0
194.5866601118521,29.55420675377334,0.07183517879908388,4.018740282181953e-06,6.529965,9.34065,11.21419,REX,0.95457304
196.1544104774948,29.14672163094555,0.01940581094187081,4.007535908017996e-06,86.79664,130.97401,171.56987,SER,3.66576
194.3646280808337,27.63626149868604,0.02681951089442489,3.209443455770528e-05,109.97184,199.95288,300.3041,SER,4.2839065
195.017561903008,28.15681942000414,0.02394405465180777,5.468609713443132e-05,42.971157,81.33652,122.99759,SER,4.387285
195.6940077489805,28.10073834517482,0.02598456670096838,4.767934129783332e-05,9.219259,16.545849,24.564203,SER,1.8609776
197.1967842416847,26.95439596613236,0.03354115350489342,1.884696046471512e-06,36.713078,55.33107,73.63432,SER,2.2080824
194.7643316348408,24.03455703021827,0.07524134737876277,2.257435509138758e-06,32.893612,58.747066,85.775566,SER,0.88556504
193.7963635131239,26.95513560520266,0.06074412991995706,2.067728221536519e-05,73.197975,149.40318,247.16954,SER,2.46374
193.5417327580113,24.43015626993528,0.03076381276851732,3.034896353838562e-06,30.769436,42.062763,51.21331,SER,4.058663
194.7610645427841,24.30459954561104,0.07292020891899478,5.041271900736765e-06,0.28667575,0.15973702,0.2173321,PSF,0
194.72269651328,28.12608169328549,0.02342191205766012,1.135061730748195e-05,423.38287,893.472,1588.103,SER,3.2760787
195.2876838742086,28.35983120954688,0.02305308098081202,1.090525844125639e-05,0,0,0,DUP,0
195.925902915076,28.90553053641094,0.02237998411057971,1.260110833286926e-05,468.13425,928.62915,1582.9747,SER,5.1331224
195.5870418332614,32.46473011334317,0.07573397855032914,5.23245024269227e-06,37.124424,76.204895,128.71118,SER,1.4746593
195.5492734557439,28.17561180389679,0.030071504994515,2.015693468635463e-06,26.020195,29.722649,24.813658,SER,2.6451502
195.3611892992802,28.43590128979733,0.01926230042666226,1.008500355372303e-05,168.5769,336.85635,560.7414,SER,6.336012
195.9580776967148,28.18575892032245,0.02334900999576264,1.160789589561776e-05,0,0,0,DUP,0
192.2462173204068,27.37657415764259,0.02092925427749636,1.163053483185672e-06,11.5064945,13.898525,12.540074,REX,1.7942322
194.6300843069967,27.85546469211967,0.02912495061228155,9.605246449811042e-05,41.096085,78.77035,121.93049,SER,5.730784
194.3195201641013,27.96907202391678,0.06811289808517047,1.177008594627238e-05,24.163368,39.83071,54.877064,SER,3.413136
194.7575230059051,28.22534972871889,0.02682032441216004,1.467276097199083e-05,0,0,0,DUP,0
196.3021186061892,28.15238050219073,0.02171475091808035,1.147878649904641e-05,204.29465,401.4225,656.82294,SER,3.0531616
195.7578755978025,29.01372439231893,0.01719874010831044,3.545938667630936e-05,0.30049232,0.26751566,0.34093013,PSF,0
193.2621949660604,24.18510030632304,0.03079750906820983,9.213074377615381e-06,1.0822046,1.3040733,1.6578583,EXP,0.7456387
194.017562252425,27.28558603396706,0.02236610227106432,2.697214873661476e-06,66.58137,103.81461,141.36938,SER,3.1197622
193.9390849515748,27.79631522221279,0.02293089367428888,1.80576214453771e-05,73.5593,142.38237,224.61417,SER,4.847587
194.4285613147852,27.62135455740003,0.06808082764991813,9.467247468052395e-06,0,0,0,DUP,0
195.4882752413832,29.05019524284977,0.02429796977437612,8.732534530482807e-06,40.613674,62.86864,78.98382,SER,5.621222
194.2987756133214,25.5242038143289,0.0772227521481211,8.041739113615139e-07,13.339595,8.236955,4.2860937,EXP,0.51946586
193.6231943477355,28.77893511365417,0.04364045020556688,1.174516891653306e-05,132.2636,272.3869,457.71976,DEV,2.046107
194.6515106301089,27.10410819017227,0.0265539850243665,1.671260318464567e-05,0,0,0,DUP,0
194.8599066286761,27.98842625797221,0.02583594430844165,4.670393028757742e-05,15.338413,31.996696,53.617218,REX,0.7289119
193.9145138691227,25.90647340871458,-2.081395144577057e-05,3.433949748799527e-06,0.55767566,0.5839414,0.9012648,REX,0.678035
193.4760973893999,32.70091550676404,0.02330859047860173,5.309465498755603e-06,39.87395,55.39952,64.832924,SER,2.8141398
194.4861149071221,27.03748683947352,0.02474874719273227,4.968270568890828e-06,387.86905,815.5294,1489.8424,SER,6.0950255
194.936967511276,26.95489756657106,0.03421725550154978,1.440139776560032e-06,2.0771039,4.8405037,8.23694,PSF,0
196.4125717236155,26.16749019251436,0.07335401118157475,3.5272190772277e-06,16.496656,23.558542,29.412045,REX,0.9867972
194.5184751774678,27.59981662907954,0.01994695529637811,4.647473566796052e-05,16.587292,30.306768,44.974712,SER,2.7392673
196.6221775649069,28.42290135176637,0.06951172462850862,6.375183084750822e-06,28.457968,39.4566,48.584892,SER,2.045148
196.6709904992506,32.31513092259169,-0.004297385384309086,3.841805453723834e-05,0.3086296,0.8533908,1.9856468,PSF,0
192.9163778369215,25.61555016971775,0.05951450773350248,2.484587642749393e-06,160.61217,320.8833,552.64545,SER,5.3682227
195.1434690086171,27.93473621771412,0.02921081772397783,5.587968721766307e-05,84.829956,164.91194,260.73566,SER,5.126163
194.6371238252777,29.45914991144491,0.01916510496166835,5.074993900762805e-05,12.541971,22.664492,31.573603,REX,1.2135073
193.5581990415087,25.08999210471994,0.07019225056797969,1.067630554229476e-06,18.378744,16.274895,13.200329,DEV,0.48919195
194.1938647470188,24.99735425167777,0.03049823140515689,4.402210934810436e-07,112.19042,144.62283,163.02228,SER,2.814696
193.6286347172487,27.94931813286312,0.04067703102131155,3.916309055659148e-06,5.615178,7.361743,8.116255,EXP,1.7509929
194.2819417619626,27.34051785083779,0.02439002096789328,2.33539528629525e-05,58.72659,118.331795,195.22311,SER,2.6042206
194.6686203197171,27.3411810038357,0.06921102291736367,4.769029266726332e-06,0,0,0,DUP,0
196.4535531749159,28.10652283080698,0.02442065678947599,2.022361013821808e-05,0,0,0,DUP,0
192.9355717080383,27.63441385401563,0.07239311059091212,3.737337560679368e-06,7.9293437,10.306964,11.6061945,DEV,1.8273394
194.0117716922334,28.1833962229146,0.01863249209800348,0.0001681729251594838,18.44565,33.949196,50.52368,SER,3.4724567
193.4754420034511,29.36232632752463,0.05652511581575836,1.448441565428491e-05,140.2331,282.87396,468.54218,SER,1.1625777
194.2569219458768,28.50761011655523,0.06820143816412785,8.488771390396125e-06,0.82979554,0.99036485,1.3823842,REX,0.86971056
191.3115262485194,26.36000743572436,0.07759980098887659,7.563959818973296e-07,125.14731,194.33438,258.2614,SER,1.5359229
194.8421047642657,26.79709917726347,0.02154047215628752,2.582784106980418e-05,117.017525,200.87328,284.4881,SER,3.613573
194.4865971379663,28.21220896851526,0.03670464318931767,6.734346700542611e-06,12.924134,16.288136,18.578842,SER,1.5882381
194.9262634302738,27.92475035110483,0.0231240679783427,8.063413434198427e-06,398.80698,852.2678,1481.352,SER,1.755958
197.5329994873505,26.25470474674847,0.06048396848710696,5.550937796692697e-06,62.90096,103.94817,149.47464,SER,3.02658
193.88721805998,25.81848514866008,-3.901520138778946e-05,1.585634779761802e-05,0.57695895,0.65061367,0.7607481,REX,0.30946633
194.1095957591672,27.72729487879813,0.02285348965743243,1.1112108716522e-05,318.69406,690.4576,1216.9491,SER,2.1450226
194.2683517006373,28.2078275224347,0.01701608035390487,3.130775685332109e-05,0,0,0,,0
195.1440598111006,28.936664949815,-0.0003955971372047178,5.685671646814168e-05,24.131886,33.11832,34.5934,PSF,0
194.0637485224507,25.36533548426373,0.07300125502725872,7.66808994158367e-06,0,0,0,,0
195.3540991559223,29.30488306119932,0.02370321937804774,0.0001840386117209363,0,0,0,,0
195.321185408886,32.78333400612983,0.02281180912726003,2.639710354056643e-05,49.48857,73.15114,88.076904,SER,4.4636
193.4180153750141,24.20651006994317,0.07006534601752683,9.367885911707261e-06,8.093849,14.445229,21.432596,REX,1.2814424
194.8836765179389,27.72045349333432,0.02554605308150752,6.213099231171193e-05,46.9717,93.21097,151.39064,REX,3.7999957
195.5466253520242,28.1719753362498,0.02986498679998048,4.391925579880813e-06,22.457716,33.29084,37.830975,SER,9.282586
195.8998474920704,28.1669343288167,0.02202404350296301,1.976838536199424e-05,84.657906,159.49344,249.17506,SER,3.430185
195.2317095022718,31.36190471380492,0.05401407689371938,2.879038483834592e-06,29.34892,45.39776,59.791225,SER,1.8771182
194.4806767469211,23.32749954643378,0.06327982193146046,1.854567810501924e-06,6.673862,8.96902,10.453768,EXP,0.5044427
195.7210675131723,25.05892257054306,0.07419376143918298,1.921762527383088e-06,13.762642,17.946161,20.798338,REX,0.5483019
193.1458073696842,27.45939078718838,0.02498476307928007,3.582133781119075e-05,49.297615,96.392265,150.8049,SER,2.1388202
195.4577439874193,25.91391126085788,0.0773385711264942,3.136402212902305e-06,48.375305,71.733246,93.146355,SER,1.5420268
195.169801854386,27.18265733411535,0.06068490551901964,1.143308471168697e-05,2.8022213,4.4663734,6.413534,EXP,1.9185601
194.2108926623071,28.92983572698582,0.02702288541524407,1.303987769700266e-05,0,0,0,DUP,0
193.8580752251671,25.89124571491314,3.3697569204536e-06,3.314567266626611e-06,2.5252542,4.0197754,5.2210717,EXP,2.2688322
195.546426674071,24.2554204925943,0.06699594352070021,1.398911139105242e-05,13.1800375,21.301691,32.53549,EXP,4.238415
194.5288553225331,25.40325932888832,0.06997458027752758,7.902276411671619e-06,7.614026,11.256795,12.950303,EXP,1.1804336
195.1498165271695,25.18301311071117,0.06554196926166696,9.377578265272504e-06,3.442753,4.8353815,5.593994,EXP,1.6980262
193.6656324124764,28.93922280227093,0.008204146182395443,1.915704600090716e-06,52.038414,73.663185,84.84299,SER,1.9039309
194.1959716757756,27.05684685669902,0.02160419125402697,5.702201182195282e-05,48.977924,86.15393,114.41486,SER,4.7100987
194.6319455193706,27.39500106915682,0.02523513725768493,2.460069193679619e-05,55.459713,90.808235,119.405426,SER,4.685602
194.5501488570077,32.79660279766196,0.0686810456255086,3.449451834535886e-05,0.40340483,0.35778916,0.6726305,REX,0.3460507
196.0129908927888,32.83313846167529,0.06997872547945155,3.503170519032235e-05,0.45248097,0.3263737,0.5260162,PSF,0
195.9035259837311,24.52641882775679,0.002868570389386069,3.115505328895577e-06,378.85626,523.03937,636.84,SER,12.477414
198.5731560616682,24.97536140524859,0.07403806290648733,7.542440035271967e-06,14.5020075,18.944397,22.572662,SER,2.6995552
192.3361696217673,32.18013824611208,0.01621878033659807,1.110880201005649e-05,3.6573899,4.752848,6.160212,EXP,1.6198084
194.6294842620223,27.60378351685448,0.06876802593016432,7.567976179467513e-06,4.6096687,7.1660237,9.0483465,SER,2.1086464
195.1482788658566,28.14608475720931,0.01820071566666025,7.474289228599619e-06,732.2136,1456.5887,2468.9148,SER,9.885425
195.7357089281596,28.07039257160669,0.02593289865593309,9.75739463144669e-06,747.57166,1472.4164,2470.6467,SER,8.76383
196.8580974693136,32.11283739080542,0.06019866481362345,2.195758782885206e-05,15.991632,24.398298,32.25498,SER,3.0911152
193.8767914495111,24.6562714563315,0.04335249281593744,8.495721012715829e-05,0.2923279,0.282177,0.34991008,PSF,0
195.9589060129839,23.73275864137364,0.05660445249343586,8.893407816531041e-06,7.7660785,11.366487,15.396984,EXP,1.9420478
195.059183138969,27.2786389261407,0.03752315840828523,5.861948904056234e-06,0,0,0,,0
194.1868632246293,28.04704777653755,0.07238677489548313,7.202552764893852e-06,54.022774,105.051025,173.07845,SER,2.172674
194.8464545267605,28.4886245392434,0.02334424924377882,2.004330859981354e-06,315.2252,501.01245,715.8178,SER,4.188318
195.1263785226571,31.20649033116853,0.05434195260328897,2.851366068685448e-06,22.17446,39.330986,57.346195,REX,0.77317435
194.6737874658344,23.78372207351036,0.07704225977455144,3.824712214886503e-06,54.9323,90.16329,130.62943,SER,3.2502553
197.167495631066,24.07691447858946,0.02211168220936328,4.563899033880229e-06,72.672516,104.04609,129.59686,SER,8.732136
193.593034623279,28.37368868379555,0.02557809661999356,1.870927596921499e-05,23.764763,41.286816,57.765057,SER,3.3928893
196.8261774243073,26.62840216061249,0.06112342721158253,7.185577935753473e-06,3.1438167,11.158954,22.475101,REX,0.3636635
196.0733286436489,27.98569591792625,0.01944153490975655,0.0001232849353643166,30.320255,56.502014,87.43407,SER,4.0990133
200.3354590862215,26.55740023971271,0.07355048444710598,3.806570160601581e-05,101.293465,243.8643,467.9745,SER,2.062318
194.3086912493502,28.71588717608181,-0.0004358538758802944,3.437009097248837e-05,0.36529619,0.4291221,0.67726684,PSF,0
193.9292904261,29.58399621193146,0.056237944847899,9.745908742057697e-06,3.7648554,5.628214,7.044196,SER,1.9891263
194.2677400592064,27.2741411317583,0.06902627683353157,1.648830153684244e-06,34.73931,52.68638,69.220055,REX,1.1564415
194.9074257202915,27.33640126104815,0.0233754929339712,6.600362805778691e-05,0,0,0,,0
195.5230179790815,27.2972701275521,0.02426788394106471,7.944263024816251e-06,222.49698,445.1822,751.85205,SER,6.2329173
194.4147354736688,28.13043959965152,0.02136507590804503,3.925000337308602e-06,1.1102878,1.0661085,1.2725441,REX,0.25842044
194.8080269972645,28.07622209518792,0.02608627260763242,1.414160778199111e-05,998.60266,2053.5615,3638.3784,DEV,14.283738
195.6850033399188,28.04534064615137,0.02081253118260921,1.029147814510693e-05,1886.2411,3892.4229,6788.897,SER,11.505627
195.4833932926795,28.28890096211208,0.02476347075420415,4.574232507609017e-06,75.57248,115.93506,150.10413,SER,4.760166
195.4826564293832,29.32274242010876,0.02376855176461423,1.338646270117856e-05,393.32657,808.50757,1357.0614,SER,5.1518626
196.1489499117788,28.62768093702911,0.02239243998395015,2.305450400784602e-06,416.86816,613.886,811.5123,SER,3.9106858
195.092166231593,23.83202046006443,0.07385784431036652,1.78989090037194e-06,67.3789,93.36583,115.49215,REX,2.2845187
194.5393581705073,26.89509347207468,0.06843745395233922,1.083742343535641e-05,5.495838,8.041559,10.517919,REX,0.34941855
195.060734799649,26.87369698045875,0.03946312444663704,1.900030330342805e-06,25.697903,35.519455,43.48186,SER,0.7794205
195.0933098716295,27.623557673943,0.02537358311307998,2.670214556376669e-05,178.82445,352.77124,596.7016,SER,4.148698
194.4018583196737,28.07703174989104,0.0225560488281364,1.944906501238031e-05,290.02853,572.0922,956.4025,SER,5.963422
194.3645530180319,28.43971628363438,0.02593577879828139,3.34511188622126e-06,149.6219,269.07806,402.70822,SER,5.0535817
198.1237260455118,26.45765552835129,0.06070736584737055,3.572543923870909e-06,13.897755,17.06272,19.515781,SER,2.3922064
194.5548876443424,27.02046241387323,0.02672825749767051,7.898010031562049e-06,17.10614,28.256216,38.93732,EXP,2.2931905
194.8375512779128,28.44147759526095,0.02186365028463559,2.996692582063479e-05,111.32119,219.08165,358.67657,SER,4.855511
195.8605568404796,27.74679806343019,0.04883076598647861,1.101293922072934e-05,13.225823,20.691109,27.736937,EXP,4.000819
195.9525267573383,29.15053136403021,0.0600620998779247,7.088537078460118e-06,9.057966,15.028418,20.826496,REX,1.8811965
197.4477083971724,32.19980360456337,0.07957590179753501,1.289439133441905e-05,37.135235,59.20933,79.90232,SER,4.77398
193.819788697745,25.9579856005086,0.03151148005587083,4.951040338738714e-06,0,0,0,,0
195.0151907658849,26.8205125314531,0.07854800202289094,2.753675146945714e-05,0,0,0,DUP,0
196.0028958801233,26.30318154612233,0.0700854957151002,4.117000580881398e-06,119.068344,202.50795,307.42984,SER,4.847947
194.8456411716978,27.72348381596019,0.0137854262228868,4.993118663882782e-05,19.00737,34.59079,50.32347,SER,4.0242014
195.0568301075003,27.21949359800458,0.07903560441744327,5.713473635096505e-06,2.2896986,3.436042,7.161087,EXP,0.73559815
194.5396914305766,28.18488630537393,0.04419258656923603,2.285628738533017e-06,54.92858,95.6026,150.625,SER,2.7549644
194.14667486234,28.27547242459825,0.0243619793363596,6.764452031400001e-06,630.63226,1328.0165,2283.6082,SER,4.639667
193.3684824263271,24.3818691272531,0.04849806293040027,3.192373807685519e-06,18.422638,29.351368,39.42114,SER,1.0792556
194.9644462423983,28.07349420722628,0.02498809329774851,2.37939480109168e-05,142.6256,298.81387,517.91565,REX,3.9856727
194.3927990536195,25.57270929492843,0.07812152078935895,2.670022978350102e-06,19.326725,32.637577,45.642395,SER,1.2325265
198.1079884919125,25.2595472225101,0.07161150637015148,5.677662487817872e-06,33.961273,53.51405,72.283966,REX,2.4458513
190.7405803127066,29.11936285391015,-5.300329246375184e-05,7.760673316578092e-05,22.443605,31.572813,34.32775,PSF,0
193.8215269828585,32.69448076458433,0.02783917447669796,2.260521838569503e-06,15.622948,24.141582,30.364067,SER,1.7324009
195.0186712546323,26.8469073823772,0.07865132452018575,1.131692147876001e-05,143.30862,314.82053,573.7004,DEV,4.030314
195.9493792639867,26.09272644280285,0.03697646427761747,1.72604015589573e-06,0,0,0,,0
194.6407376368614,27.83677481855916,0.01500247000361873,3.308676785107132e-05,82.13746,154.28992,241.62633,SER,3.960702
194.3749384395155,28.18806625220568,0.02321687548116047,1.190982341785109e-05,0,0,0,DUP,0
195.4340790917482,28.21436477625392,0.02607861715051473,1.654700648478244e-05,154.43744,308.87753,520.47797,SER,2.8098996
196.3183604635889,31.92982302217438,0.05051573746307877,5.759568937603651e-06,10.486025,15.519532,19.765656,DEV,2.0709064
195.0616713958624,24.46769437021584,0.07289257973724761,1.406074228075801e-05,329.5617,807.09955,1506.5453,SER,7.7711186
191.7049120667654,28.31279918221049,0.07186983840993388,2.613492519810326e-05,102.14941,219.58553,384.89075,SER,3.050478
194.9985958391732,27.95256561636213,0.06747414532585448,1.052591336725164e-05,10.200443,15.803269,19.916206,SER,1.9348942
195.9586867202594,27.06806960633084,0.07692674199947613,7.498417817850098e-06,26.642294,40.20632,52.239094,REX,2.0443115
197.7825581022199,25.81771379508554,0.03794547096171808,8.035804669393893e-06,14.456366,26.339989,40.827885,REX,0.7599286
198.1995502920167,27.22970944515116,0.05923990809439952,7.892154635727346e-06,10.4455185,17.891562,24.76189,SER,1.3214606
195.010346343525,32.72844720900214,0.02771697373461064,5.623138557630003e-05,0.5652283,0.6875835,0.9277434,REX,0.5792259
